<?xml version="1.0" encoding="UTF-8"?>
<MatchingRules xmlns="http://soap.sforce.com/2006/04/metadata">
    <matchingRules>
        <fullName>Avoid_Duplicate_Building_Records_matching_rule</fullName>
        <label>Avoid Duplicate Building Records matching rule</label>
        <matchingRuleItems>
            <blankValueBehavior>MatchBlanks</blankValueBehavior>
            <fieldName>Address__c</fieldName>
            <matchingMethod>Exact</matchingMethod>
        </matchingRuleItems>
        <matchingRuleItems>
            <blankValueBehavior>MatchBlanks</blankValueBehavior>
            <fieldName>District__c</fieldName>
            <matchingMethod>Exact</matchingMethod>
        </matchingRuleItems>
        <matchingRuleItems>
            <blankValueBehavior>MatchBlanks</blankValueBehavior>
            <fieldName>Name</fieldName>
            <matchingMethod>Exact</matchingMethod>
        </matchingRuleItems>
        <matchingRuleItems>
            <blankValueBehavior>MatchBlanks</blankValueBehavior>
            <fieldName>State__c</fieldName>
            <matchingMethod>Exact</matchingMethod>
        </matchingRuleItems>
        <matchingRuleItems>
            <blankValueBehavior>MatchBlanks</blankValueBehavior>
            <fieldName>Storey__c</fieldName>
            <matchingMethod>Exact</matchingMethod>
        </matchingRuleItems>
        <ruleStatus>Active</ruleStatus>
    </matchingRules>
</MatchingRules>
