<?xml version="1.0" encoding="UTF-8"?>
<WebLink xmlns="http://soap.sforce.com/2006/04/metadata">
    <fullName>Update_Cert_Request</fullName>
    <availability>online</availability>
    <displayType>button</displayType>
    <encodingKey>UTF-8</encodingKey>
    <height>600</height>
    <linkType>url</linkType>
    <masterLabel>Update Cert Request</masterLabel>
    <openType>sidebar</openType>
    <protected>false</protected>
    <url>/flow/Update_Certification_Request_Assignment?VoucherID={!Voucher__c.Id}&amp;VoucherUpdate={!Voucher__c.VoucherUpdate__c}</url>
</WebLink>
