<?xml version="1.0" encoding="UTF-8"?>
<AssignmentRules xmlns="http://soap.sforce.com/2006/04/metadata">
    <assignmentRule>
        <fullName>Standard</fullName>
        <active>true</active>
        <ruleEntry>
            <assignedTo>edsellita_order_mgmt@15jul2022training.com</assignedTo>
            <assignedToType>User</assignedToType>
            <criteriaItems>
                <field>Lead.Country</field>
                <operation>equals</operation>
                <value>US,USA,United States,United States of America</value>
            </criteriaItems>
        </ruleEntry>
        <ruleEntry>
            <assignedTo>edsellita_order_mgmt@15jul2022training.com</assignedTo>
            <assignedToType>User</assignedToType>
            <criteriaItems>
                <field>Lead.Country</field>
                <operation>notEqual</operation>
                <value>US,USA,United States,United States of America</value>
            </criteriaItems>
        </ruleEntry>
    </assignmentRule>
</AssignmentRules>
