<?xml version="1.0" encoding="UTF-8"?>
<FlexiPage xmlns="http://soap.sforce.com/2006/04/metadata">
    <flexiPageRegions>
        <name>utilityItems</name>
        <type>Region</type>
    </flexiPageRegions>
    <flexiPageRegions>
        <name>backgroundComponents</name>
        <type>Background</type>
    </flexiPageRegions>
    <masterLabel>Paypal Clone UtilityBar</masterLabel>
    <template>
        <name>one:utilityBarTemplateDesktop</name>
        <properties>
            <name>isLeftAligned</name>
            <value>true</value>
        </properties>
    </template>
    <type>UtilityBar</type>
</FlexiPage>
