<?xml version="1.0" encoding="UTF-8"?>
<CommunityThemeDefinition xmlns="http://soap.sforce.com/2006/04/metadata">
    <defaultBrandingSet>Nitro_Motor_Exp_Cloud</defaultBrandingSet>
    <enableExtendedCleanUpOnDelete>true</enableExtendedCleanUpOnDelete>
    <masterLabel>Nitro_Motor_Exp_Cloud</masterLabel>
    <publisher>Edsel C. Lita</publisher>
    <themeSetting>
        <themeLayout>Nitro_Motor_Exp_Cloud_themeLayout_Login</themeLayout>
        <themeLayoutType>Login</themeLayoutType>
    </themeSetting>
    <themeSetting>
        <themeLayout>Nitro_Motor_Exp_Cloud_themeLayout_ServiceNotAvailable</themeLayout>
        <themeLayoutType>ServiceNotAvailable</themeLayoutType>
    </themeSetting>
    <themeSetting>
        <themeLayout>Nitro_Motor_Exp_Cloud_themeLayout_Default</themeLayout>
        <themeLayoutType>Inner</themeLayoutType>
    </themeSetting>
</CommunityThemeDefinition>
