<?xml version="1.0" encoding="UTF-8"?>
<CustomApplication xmlns="http://soap.sforce.com/2006/04/metadata">
    <brand>
        <headerColor>#599E5B</headerColor>
        <shouldOverrideOrgTheme>false</shouldOverrideOrgTheme>
    </brand>
    <description>Certification Management App is a platform to track and manage salesforce certification vouchers issued to all practice members.</description>
    <formFactors>Small</formFactors>
    <formFactors>Large</formFactors>
    <isNavAutoTempTabsDisabled>false</isNavAutoTempTabsDisabled>
    <isNavPersonalizationDisabled>false</isNavPersonalizationDisabled>
    <label>Certification Management App</label>
    <navType>Standard</navType>
    <tabs>standard-home</tabs>
    <tabs>Employee__c</tabs>
    <tabs>Certification__c</tabs>
    <tabs>Certification_Request__c</tabs>
    <tabs>Voucher__c</tabs>
    <tabs>standard-report</tabs>
    <uiType>Lightning</uiType>
    <utilityBar>Certification_Management_App_UtilityBar</utilityBar>
</CustomApplication>
