<?xml version="1.0" encoding="UTF-8"?>
<GlobalValueSet xmlns="http://soap.sforce.com/2006/04/metadata">
    <customValue>
        <fullName>Baksa</fullName>
        <default>false</default>
        <label>Baksa</label>
    </customValue>
    <customValue>
        <fullName>Bajali</fullName>
        <default>false</default>
        <label>Bajali</label>
    </customValue>
    <customValue>
        <fullName>Barpeta</fullName>
        <default>false</default>
        <label>Barpeta</label>
    </customValue>
    <customValue>
        <fullName>Biswanath</fullName>
        <default>false</default>
        <label>Biswanath</label>
    </customValue>
    <customValue>
        <fullName>Bongaigaon</fullName>
        <default>false</default>
        <label>Bongaigaon</label>
    </customValue>
    <customValue>
        <fullName>Cachar</fullName>
        <default>false</default>
        <label>Cachar</label>
    </customValue>
    <customValue>
        <fullName>Charaideo</fullName>
        <default>false</default>
        <label>Charaideo</label>
    </customValue>
    <customValue>
        <fullName>Chirang</fullName>
        <default>false</default>
        <label>Chirang</label>
    </customValue>
    <customValue>
        <fullName>Darrang</fullName>
        <default>false</default>
        <label>Darrang</label>
    </customValue>
    <customValue>
        <fullName>Dhemaji</fullName>
        <default>false</default>
        <label>Dhemaji</label>
    </customValue>
    <customValue>
        <fullName>Araria</fullName>
        <default>false</default>
        <label>Araria</label>
    </customValue>
    <customValue>
        <fullName>Arwal</fullName>
        <default>false</default>
        <label>Arwal</label>
    </customValue>
    <customValue>
        <fullName>Aurangabad</fullName>
        <default>false</default>
        <label>Aurangabad</label>
    </customValue>
    <customValue>
        <fullName>Banka</fullName>
        <default>false</default>
        <label>Banka</label>
    </customValue>
    <customValue>
        <fullName>Begusarai</fullName>
        <default>false</default>
        <label>Begusarai</label>
    </customValue>
    <customValue>
        <fullName>Bhagalpur</fullName>
        <default>false</default>
        <label>Bhagalpur</label>
    </customValue>
    <customValue>
        <fullName>Bhojpur</fullName>
        <default>false</default>
        <label>Bhojpur</label>
    </customValue>
    <customValue>
        <fullName>Buxar</fullName>
        <default>false</default>
        <label>Buxar</label>
    </customValue>
    <customValue>
        <fullName>Darbhanga</fullName>
        <default>false</default>
        <label>Darbhanga</label>
    </customValue>
    <customValue>
        <fullName>East Champaran</fullName>
        <default>false</default>
        <label>East Champaran</label>
    </customValue>
    <customValue>
        <fullName>Ahmedabad</fullName>
        <default>false</default>
        <label>Ahmedabad</label>
    </customValue>
    <customValue>
        <fullName>Amreli</fullName>
        <default>false</default>
        <label>Amreli</label>
    </customValue>
    <customValue>
        <fullName>Anand</fullName>
        <default>false</default>
        <label>Anand</label>
    </customValue>
    <customValue>
        <fullName>Aravalli</fullName>
        <default>false</default>
        <label>Aravalli</label>
    </customValue>
    <customValue>
        <fullName>Banaskantha</fullName>
        <default>false</default>
        <label>Banaskantha</label>
    </customValue>
    <customValue>
        <fullName>Bharuch</fullName>
        <default>false</default>
        <label>Bharuch</label>
    </customValue>
    <customValue>
        <fullName>Bhavnagar</fullName>
        <default>false</default>
        <label>Bhavnagar</label>
    </customValue>
    <customValue>
        <fullName>Botad</fullName>
        <default>false</default>
        <label>Botad</label>
    </customValue>
    <customValue>
        <fullName>Chhota Udaipur</fullName>
        <default>false</default>
        <label>Chhota Udaipur</label>
    </customValue>
    <customValue>
        <fullName>Dahod</fullName>
        <default>false</default>
        <label>Dahod</label>
    </customValue>
    <customValue>
        <fullName>Ambala</fullName>
        <default>false</default>
        <label>Ambala</label>
    </customValue>
    <customValue>
        <fullName>Bhiwani</fullName>
        <default>false</default>
        <label>Bhiwani</label>
    </customValue>
    <customValue>
        <fullName>Charkhi Dadri</fullName>
        <default>false</default>
        <label>Charkhi Dadri</label>
    </customValue>
    <customValue>
        <fullName>Faridabad</fullName>
        <default>false</default>
        <label>Faridabad</label>
    </customValue>
    <customValue>
        <fullName>Fatehabad</fullName>
        <default>false</default>
        <label>Fatehabad</label>
    </customValue>
    <customValue>
        <fullName>Gurugram</fullName>
        <default>false</default>
        <label>Gurugram</label>
    </customValue>
    <customValue>
        <fullName>Hisar</fullName>
        <default>false</default>
        <label>Hisar</label>
    </customValue>
    <customValue>
        <fullName>Jhajjar</fullName>
        <default>false</default>
        <label>Jhajjar</label>
    </customValue>
    <customValue>
        <fullName>Jind</fullName>
        <default>false</default>
        <label>Jind</label>
    </customValue>
    <customValue>
        <fullName>Kaithal</fullName>
        <default>false</default>
        <label>Kaithal</label>
    </customValue>
    <description>Sample Districts of India under states specified in State global picklist</description>
    <masterLabel>District</masterLabel>
    <sorted>false</sorted>
</GlobalValueSet>
