<?xml version="1.0" encoding="UTF-8"?>
<GlobalValueSet xmlns="http://soap.sforce.com/2006/04/metadata">
    <customValue>
        <fullName>Assam</fullName>
        <default>false</default>
        <label>Assam</label>
    </customValue>
    <customValue>
        <fullName>Bihar</fullName>
        <default>false</default>
        <label>Bihar</label>
    </customValue>
    <customValue>
        <fullName>Gujarat</fullName>
        <default>false</default>
        <label>Gujarat</label>
    </customValue>
    <customValue>
        <fullName>Haryana</fullName>
        <default>false</default>
        <label>Haryana</label>
    </customValue>
    <description>Sample states of India</description>
    <masterLabel>State</masterLabel>
    <sorted>false</sorted>
</GlobalValueSet>
