<?xml version="1.0" encoding="UTF-8"?>
<CustomApplication xmlns="http://soap.sforce.com/2006/04/metadata">
    <brand>
        <headerColor>#73B572</headerColor>
        <shouldOverrideOrgTheme>false</shouldOverrideOrgTheme>
    </brand>
    <description>a platform for customers to purchase built property online  and negotiate on the final rate.</description>
    <formFactors>Small</formFactors>
    <formFactors>Large</formFactors>
    <isNavAutoTempTabsDisabled>false</isNavAutoTempTabsDisabled>
    <isNavPersonalizationDisabled>false</isNavPersonalizationDisabled>
    <label>Property Booking</label>
    <navType>Standard</navType>
    <tabs>standard-home</tabs>
    <tabs>Quotation__c</tabs>
    <tabs>Customer_List__c</tabs>
    <tabs>Property_Booking__c</tabs>
    <tabs>Property_List__c</tabs>
    <tabs>Search</tabs>
    <uiType>Lightning</uiType>
    <utilityBar>Property_Booking_UtilityBar</utilityBar>
</CustomApplication>
