<?xml version="1.0" encoding="UTF-8"?>
<CustomApplication xmlns="http://soap.sforce.com/2006/04/metadata">
    <brand>
        <headerColor>#0070D2</headerColor>
        <shouldOverrideOrgTheme>false</shouldOverrideOrgTheme>
    </brand>
    <formFactors>Small</formFactors>
    <formFactors>Large</formFactors>
    <isNavAutoTempTabsDisabled>false</isNavAutoTempTabsDisabled>
    <isNavPersonalizationDisabled>false</isNavPersonalizationDisabled>
    <label>Student</label>
    <navType>Standard</navType>
    <tabs>standard-home</tabs>
    <tabs>Student_Master__c</tabs>
    <tabs>Student_Grade__c</tabs>
    <tabs>Student_Request__c</tabs>
    <tabs>Sports_Master__c</tabs>
    <tabs>Student_Sports_Junction__c</tabs>
    <uiType>Lightning</uiType>
    <utilityBar>Student_UtilityBar</utilityBar>
</CustomApplication>
