<?xml version="1.0" encoding="UTF-8"?>
<CommunitiesSettings xmlns="http://soap.sforce.com/2006/04/metadata">
    <applyLoginPageTypeToEmbeddedLogin>false</applyLoginPageTypeToEmbeddedLogin>
    <blockEmbeddedLoginUnknownURLRedirect>false</blockEmbeddedLoginUnknownURLRedirect>
    <enableCspContactVisibilityPref>false</enableCspContactVisibilityPref>
    <enableEnablePRM>false</enableEnablePRM>
    <enableExternalAccHierPref>false</enableExternalAccHierPref>
    <enableGuestPermDisOptOutCruc>false</enableGuestPermDisOptOutCruc>
    <enableGuestRecordReassignOrgPref>true</enableGuestRecordReassignOrgPref>
    <enableGuestSecurityOptOutCruc>false</enableGuestSecurityOptOutCruc>
    <enableInviteChatterGuestEnabled>true</enableInviteChatterGuestEnabled>
    <enableNetworksEnabled>false</enableNetworksEnabled>
    <enableOotbProfExtUserOpsEnable>false</enableOotbProfExtUserOpsEnable>
    <enablePRMAccRelPref>false</enablePRMAccRelPref>
    <enableRelaxPartnerAccountFieldPref>false</enableRelaxPartnerAccountFieldPref>
</CommunitiesSettings>
