<?xml version="1.0" encoding="UTF-8"?>
<ListView xmlns="http://soap.sforce.com/2006/04/metadata">
    <fullName>All</fullName>
    <columns>Tenant__c</columns>
    <columns>Building_Name__c</columns>
    <columns>Flat_No__c</columns>
    <columns>Start_Date__c</columns>
    <columns>End_Date__c</columns>
    <columns>Price__c</columns>
    <columns>Total_Price__c</columns>
    <columns>Discount__c</columns>
    <columns>Expired__c</columns>
    <columns>Status__c</columns>
    <columns>NAME</columns>
    <filterScope>Everything</filterScope>
    <label>All</label>
</ListView>
