<?xml version="1.0" encoding="UTF-8"?>
<CustomField xmlns="http://soap.sforce.com/2006/04/metadata">
    <fullName>Account_Type__c</fullName>
    <externalId>false</externalId>
    <label>Account Type</label>
    <required>false</required>
    <trackFeedHistory>false</trackFeedHistory>
    <type>Picklist</type>
    <valueSet>
        <restricted>true</restricted>
        <valueSetDefinition>
            <sorted>false</sorted>
            <value>
                <fullName>Sold To</fullName>
                <default>false</default>
                <label>Sold To</label>
            </value>
            <value>
                <fullName>Ship To</fullName>
                <default>false</default>
                <label>Ship To</label>
            </value>
        </valueSetDefinition>
    </valueSet>
</CustomField>
