<?xml version="1.0" encoding="UTF-8"?>
<Flow xmlns="http://soap.sforce.com/2006/04/metadata">
    <apiVersion>55.0</apiVersion>
    <assignments>
        <name>Allow_Save</name>
        <label>Allow Save</label>
        <locationX>314</locationX>
        <locationY>551</locationY>
        <assignmentItems>
            <assignToReference>$Record.Prevent_Save__c</assignToReference>
            <operator>Assign</operator>
            <value>
                <booleanValue>false</booleanValue>
            </value>
        </assignmentItems>
    </assignments>
    <assignments>
        <name>Prevent_Save</name>
        <label>Prevent Save</label>
        <locationX>50</locationX>
        <locationY>551</locationY>
        <assignmentItems>
            <assignToReference>$Record.Prevent_Save__c</assignToReference>
            <operator>Assign</operator>
            <value>
                <booleanValue>true</booleanValue>
            </value>
        </assignmentItems>
    </assignments>
    <decisions>
        <name>Is_there_A_Pending_Same_Record</name>
        <label>Is there A Pending Same Record?</label>
        <locationX>182</locationX>
        <locationY>431</locationY>
        <defaultConnector>
            <targetReference>Allow_Save</targetReference>
        </defaultConnector>
        <defaultConnectorLabel>There is none</defaultConnectorLabel>
        <rules>
            <name>Yes_there_is</name>
            <conditionLogic>and</conditionLogic>
            <conditions>
                <leftValueReference>PendingSameRequest</leftValueReference>
                <operator>IsNull</operator>
                <rightValue>
                    <booleanValue>false</booleanValue>
                </rightValue>
            </conditions>
            <connector>
                <targetReference>Prevent_Save</targetReference>
            </connector>
            <label>Yes there is</label>
        </rules>
    </decisions>
    <interviewLabel>Avoid Creating Request with Same Pending Request {!$Flow.CurrentDateTime}</interviewLabel>
    <label>Avoid Creating Request with Same Pending Request</label>
    <processMetadataValues>
        <name>BuilderType</name>
        <value>
            <stringValue>LightningFlowBuilder</stringValue>
        </value>
    </processMetadataValues>
    <processMetadataValues>
        <name>CanvasMode</name>
        <value>
            <stringValue>AUTO_LAYOUT_CANVAS</stringValue>
        </value>
    </processMetadataValues>
    <processMetadataValues>
        <name>OriginBuilderType</name>
        <value>
            <stringValue>LightningFlowBuilder</stringValue>
        </value>
    </processMetadataValues>
    <processType>AutoLaunchedFlow</processType>
    <recordLookups>
        <name>Fetch_Pending_Request</name>
        <label>Fetch Pending Request</label>
        <locationX>182</locationX>
        <locationY>311</locationY>
        <assignNullValuesIfNoRecordsFound>true</assignNullValuesIfNoRecordsFound>
        <connector>
            <targetReference>Is_there_A_Pending_Same_Record</targetReference>
        </connector>
        <filterLogic>and</filterLogic>
        <filters>
            <field>Employee__c</field>
            <operator>EqualTo</operator>
            <value>
                <elementReference>$Record.Employee__c</elementReference>
            </value>
        </filters>
        <filters>
            <field>Certification__c</field>
            <operator>EqualTo</operator>
            <value>
                <elementReference>$Record.Certification__c</elementReference>
            </value>
        </filters>
        <filters>
            <field>Status__c</field>
            <operator>EqualTo</operator>
            <value>
                <stringValue>Draft</stringValue>
            </value>
        </filters>
        <object>Certification_Request__c</object>
        <outputReference>PendingSameRequest</outputReference>
        <queriedFields>Id</queriedFields>
        <queriedFields>Certification__c</queriedFields>
        <queriedFields>Employee__c</queriedFields>
        <queriedFields>Status__c</queriedFields>
    </recordLookups>
    <start>
        <locationX>56</locationX>
        <locationY>0</locationY>
        <connector>
            <targetReference>Fetch_Pending_Request</targetReference>
        </connector>
        <object>Certification_Request__c</object>
        <recordTriggerType>Create</recordTriggerType>
        <triggerType>RecordBeforeSave</triggerType>
    </start>
    <status>Active</status>
    <variables>
        <name>PendingSameRequest</name>
        <dataType>SObject</dataType>
        <isCollection>false</isCollection>
        <isInput>false</isInput>
        <isOutput>false</isOutput>
        <objectType>Certification_Request__c</objectType>
    </variables>
</Flow>
