<?xml version="1.0" encoding="UTF-8"?>
<Flow xmlns="http://soap.sforce.com/2006/04/metadata">
    <apiVersion>55.0</apiVersion>
    <decisions>
        <name>Is_Voucher_Assigned_to_Record</name>
        <label>Is Voucher Assigned to Record?</label>
        <locationX>182</locationX>
        <locationY>431</locationY>
        <defaultConnectorLabel>Voucher has not yet assigned</defaultConnectorLabel>
        <rules>
            <name>Yes_voucher_has_been_assigned</name>
            <conditionLogic>(1 OR 2) AND 3</conditionLogic>
            <conditions>
                <leftValueReference>Fetch_Record_to_be_Assigned.Status__c</leftValueReference>
                <operator>EqualTo</operator>
                <rightValue>
                    <stringValue>Approved</stringValue>
                </rightValue>
            </conditions>
            <conditions>
                <leftValueReference>Fetch_Record_to_be_Assigned.Status__c</leftValueReference>
                <operator>EqualTo</operator>
                <rightValue>
                    <stringValue>Rejected</stringValue>
                </rightValue>
            </conditions>
            <conditions>
                <leftValueReference>Fetch_Record_to_be_Assigned.Voucher__r.Comments__c</leftValueReference>
                <operator>IsNull</operator>
                <rightValue>
                    <booleanValue>true</booleanValue>
                </rightValue>
            </conditions>
            <connector>
                <targetReference>Change_Status_to_Assigned</targetReference>
            </connector>
            <label>Yes, voucher has been assigned</label>
        </rules>
    </decisions>
    <interviewLabel>Change Status to Assigned if Voucher is Assigned {!$Flow.CurrentDateTime}</interviewLabel>
    <label>Change Status to Assigned if Voucher is Assigned</label>
    <processMetadataValues>
        <name>BuilderType</name>
        <value>
            <stringValue>LightningFlowBuilder</stringValue>
        </value>
    </processMetadataValues>
    <processMetadataValues>
        <name>CanvasMode</name>
        <value>
            <stringValue>AUTO_LAYOUT_CANVAS</stringValue>
        </value>
    </processMetadataValues>
    <processMetadataValues>
        <name>OriginBuilderType</name>
        <value>
            <stringValue>LightningFlowBuilder</stringValue>
        </value>
    </processMetadataValues>
    <processType>AutoLaunchedFlow</processType>
    <recordLookups>
        <name>Fetch_Record_to_be_Assigned</name>
        <label>Fetch Record to be Assigned</label>
        <locationX>182</locationX>
        <locationY>311</locationY>
        <assignNullValuesIfNoRecordsFound>false</assignNullValuesIfNoRecordsFound>
        <connector>
            <targetReference>Is_Voucher_Assigned_to_Record</targetReference>
        </connector>
        <filterLogic>and</filterLogic>
        <filters>
            <field>Id</field>
            <operator>EqualTo</operator>
            <value>
                <elementReference>$Record.Id</elementReference>
            </value>
        </filters>
        <getFirstRecordOnly>true</getFirstRecordOnly>
        <object>Certification_Request__c</object>
        <storeOutputAutomatically>true</storeOutputAutomatically>
    </recordLookups>
    <recordUpdates>
        <name>Change_Status_to_Assigned</name>
        <label>Change Status to Assigned</label>
        <locationX>50</locationX>
        <locationY>551</locationY>
        <inputAssignments>
            <field>Status__c</field>
            <value>
                <stringValue>Assigned</stringValue>
            </value>
        </inputAssignments>
        <inputReference>$Record</inputReference>
    </recordUpdates>
    <start>
        <locationX>56</locationX>
        <locationY>0</locationY>
        <connector>
            <targetReference>Fetch_Record_to_be_Assigned</targetReference>
        </connector>
        <object>Certification_Request__c</object>
        <recordTriggerType>Update</recordTriggerType>
        <triggerType>RecordBeforeSave</triggerType>
    </start>
    <status>Active</status>
</Flow>
