<?xml version="1.0" encoding="UTF-8"?>
<Flow xmlns="http://soap.sforce.com/2006/04/metadata">
    <actionCalls>
        <name>Notify_App_User_and_Employee</name>
        <label>Notify App User and Employee</label>
        <locationX>50</locationX>
        <locationY>575</locationY>
        <actionName>Certification_Request__c.Notify_App_User_and_Employee</actionName>
        <actionType>emailAlert</actionType>
        <connector>
            <targetReference>Fetch_Same_Cert_Voucher</targetReference>
        </connector>
        <flowTransactionModel>CurrentTransaction</flowTransactionModel>
        <inputParameters>
            <name>SObjectRowId</name>
            <value>
                <elementReference>$Record.Id</elementReference>
            </value>
        </inputParameters>
    </actionCalls>
    <actionCalls>
        <name>Notify_App_User_and_Employee_Rejected</name>
        <label>Notify App User and Employee</label>
        <locationX>314</locationX>
        <locationY>575</locationY>
        <actionName>Certification_Request__c.Notify_App_User_and_Employee</actionName>
        <actionType>emailAlert</actionType>
        <flowTransactionModel>CurrentTransaction</flowTransactionModel>
        <inputParameters>
            <name>SObjectRowId</name>
            <value>
                <elementReference>$Record.Id</elementReference>
            </value>
        </inputParameters>
    </actionCalls>
    <apiVersion>55.0</apiVersion>
    <decisions>
        <name>Is_Record_Approved</name>
        <label>Is Record Approved?</label>
        <locationX>182</locationX>
        <locationY>455</locationY>
        <defaultConnector>
            <targetReference>Notify_App_User_and_Employee_Rejected</targetReference>
        </defaultConnector>
        <defaultConnectorLabel>No, it is not</defaultConnectorLabel>
        <rules>
            <name>Yes_it_is_Approved</name>
            <conditionLogic>and</conditionLogic>
            <conditions>
                <leftValueReference>$Record.Status__c</leftValueReference>
                <operator>EqualTo</operator>
                <rightValue>
                    <stringValue>Approved</stringValue>
                </rightValue>
            </conditions>
            <connector>
                <targetReference>Notify_App_User_and_Employee</targetReference>
            </connector>
            <label>Yes, it is Approved</label>
        </rules>
    </decisions>
    <interviewLabel>Create Voucher is Cert Request is Approved {!$Flow.CurrentDateTime}</interviewLabel>
    <label>Assign Unused Voucher is Cert Request is Approved</label>
    <processMetadataValues>
        <name>BuilderType</name>
        <value>
            <stringValue>LightningFlowBuilder</stringValue>
        </value>
    </processMetadataValues>
    <processMetadataValues>
        <name>CanvasMode</name>
        <value>
            <stringValue>AUTO_LAYOUT_CANVAS</stringValue>
        </value>
    </processMetadataValues>
    <processMetadataValues>
        <name>OriginBuilderType</name>
        <value>
            <stringValue>LightningFlowBuilder</stringValue>
        </value>
    </processMetadataValues>
    <processType>AutoLaunchedFlow</processType>
    <recordCreates>
        <name>Create_Unused_Voucher</name>
        <label>Create Unused Voucher</label>
        <locationX>50</locationX>
        <locationY>1055</locationY>
        <inputAssignments>
            <field>Active__c</field>
            <value>
                <booleanValue>true</booleanValue>
            </value>
        </inputAssignments>
        <inputAssignments>
            <field>Certification__c</field>
            <value>
                <elementReference>Fetch_Same_Cert_Voucher.Certification__c</elementReference>
            </value>
        </inputAssignments>
        <object>Voucher__c</object>
        <storeOutputAutomatically>true</storeOutputAutomatically>
    </recordCreates>
    <recordLookups>
        <name>Fetch_Records_for_Approval</name>
        <label>Fetch Records for Approval</label>
        <locationX>182</locationX>
        <locationY>335</locationY>
        <assignNullValuesIfNoRecordsFound>true</assignNullValuesIfNoRecordsFound>
        <connector>
            <targetReference>Is_Record_Approved</targetReference>
        </connector>
        <filterLogic>and</filterLogic>
        <filters>
            <field>Id</field>
            <operator>EqualTo</operator>
            <value>
                <elementReference>$Record.Id</elementReference>
            </value>
        </filters>
        <object>Certification_Request__c</object>
        <outputReference>Records_For_Approval</outputReference>
        <queriedFields>Id</queriedFields>
        <queriedFields>Status__c</queriedFields>
        <queriedFields>Certification__c</queriedFields>
    </recordLookups>
    <recordLookups>
        <name>Fetch_Same_Cert_Voucher</name>
        <label>Fetch Same Cert Voucher</label>
        <locationX>50</locationX>
        <locationY>695</locationY>
        <assignNullValuesIfNoRecordsFound>false</assignNullValuesIfNoRecordsFound>
        <connector>
            <targetReference>Update_Voucher_ID_of_Approved_Cert_Request</targetReference>
        </connector>
        <filterLogic>and</filterLogic>
        <filters>
            <field>Certification__c</field>
            <operator>EqualTo</operator>
            <value>
                <elementReference>Records_For_Approval.Certification__c</elementReference>
            </value>
        </filters>
        <filters>
            <field>Active__c</field>
            <operator>EqualTo</operator>
            <value>
                <booleanValue>true</booleanValue>
            </value>
        </filters>
        <getFirstRecordOnly>true</getFirstRecordOnly>
        <object>Voucher__c</object>
        <storeOutputAutomatically>true</storeOutputAutomatically>
    </recordLookups>
    <recordUpdates>
        <name>Update_Active_Status</name>
        <label>Update Active Status</label>
        <locationX>50</locationX>
        <locationY>935</locationY>
        <connector>
            <targetReference>Create_Unused_Voucher</targetReference>
        </connector>
        <filterLogic>and</filterLogic>
        <filters>
            <field>Id</field>
            <operator>EqualTo</operator>
            <value>
                <elementReference>Fetch_Same_Cert_Voucher.Id</elementReference>
            </value>
        </filters>
        <inputAssignments>
            <field>Active__c</field>
            <value>
                <booleanValue>false</booleanValue>
            </value>
        </inputAssignments>
        <object>Voucher__c</object>
    </recordUpdates>
    <recordUpdates>
        <name>Update_Voucher_ID_of_Approved_Cert_Request</name>
        <label>Update Voucher ID of Approved Cert Request</label>
        <locationX>50</locationX>
        <locationY>815</locationY>
        <connector>
            <targetReference>Update_Active_Status</targetReference>
        </connector>
        <inputAssignments>
            <field>Voucher__c</field>
            <value>
                <elementReference>Fetch_Same_Cert_Voucher.Id</elementReference>
            </value>
        </inputAssignments>
        <inputReference>$Record</inputReference>
    </recordUpdates>
    <start>
        <locationX>56</locationX>
        <locationY>0</locationY>
        <connector>
            <targetReference>Fetch_Records_for_Approval</targetReference>
        </connector>
        <object>Certification_Request__c</object>
        <recordTriggerType>Update</recordTriggerType>
        <triggerType>RecordAfterSave</triggerType>
    </start>
    <status>Active</status>
    <variables>
        <name>Records_For_Approval</name>
        <dataType>SObject</dataType>
        <isCollection>false</isCollection>
        <isInput>false</isInput>
        <isOutput>false</isOutput>
        <objectType>Certification_Request__c</objectType>
    </variables>
</Flow>
