<?xml version="1.0" encoding="UTF-8"?>
<Flow xmlns="http://soap.sforce.com/2006/04/metadata">
    <actionCalls>
        <name>Inform_Employee_of_Expired_Request</name>
        <label>Inform Employee of Expired Request</label>
        <locationX>176</locationX>
        <locationY>396</locationY>
        <actionName>emailSimple</actionName>
        <actionType>emailSimple</actionType>
        <flowTransactionModel>CurrentTransaction</flowTransactionModel>
        <inputParameters>
            <name>emailBody</name>
            <value>
                <stringValue>Please be informed that your certification request has been expired and not updated yet</stringValue>
            </value>
        </inputParameters>
        <inputParameters>
            <name>emailAddressesArray</name>
        </inputParameters>
        <inputParameters>
            <name>emailAddresses</name>
            <value>
                <stringValue>{!$User.Email}, {!ExpiredUnupdatedRequests.Employee__r.Email__c}</stringValue>
            </value>
        </inputParameters>
        <inputParameters>
            <name>emailSubject</name>
            <value>
                <stringValue>Expired Certification Request</stringValue>
            </value>
        </inputParameters>
    </actionCalls>
    <apiVersion>55.0</apiVersion>
    <interviewLabel>Inform Employee of Expired Unupdated Request {!$Flow.CurrentDateTime}</interviewLabel>
    <label>Inform Employee of Expired Unupdated Request</label>
    <processMetadataValues>
        <name>BuilderType</name>
        <value>
            <stringValue>LightningFlowBuilder</stringValue>
        </value>
    </processMetadataValues>
    <processMetadataValues>
        <name>CanvasMode</name>
        <value>
            <stringValue>AUTO_LAYOUT_CANVAS</stringValue>
        </value>
    </processMetadataValues>
    <processMetadataValues>
        <name>OriginBuilderType</name>
        <value>
            <stringValue>LightningFlowBuilder</stringValue>
        </value>
    </processMetadataValues>
    <processType>AutoLaunchedFlow</processType>
    <recordLookups>
        <name>Fetch_Unupdated_Records</name>
        <label>Fetch Unupdated Records</label>
        <locationX>176</locationX>
        <locationY>276</locationY>
        <assignNullValuesIfNoRecordsFound>true</assignNullValuesIfNoRecordsFound>
        <connector>
            <targetReference>Inform_Employee_of_Expired_Request</targetReference>
        </connector>
        <filterLogic>(1 OR 2) AND 3</filterLogic>
        <filters>
            <field>Status__c</field>
            <operator>NotEqualTo</operator>
            <value>
                <stringValue>Passed</stringValue>
            </value>
        </filters>
        <filters>
            <field>Status__c</field>
            <operator>NotEqualTo</operator>
            <value>
                <stringValue>Failed</stringValue>
            </value>
        </filters>
        <filters>
            <field>Due_Date__c</field>
            <operator>LessThan</operator>
            <value>
                <elementReference>$Flow.CurrentDate</elementReference>
            </value>
        </filters>
        <object>Certification_Request__c</object>
        <outputReference>ExpiredUnupdatedRequests</outputReference>
        <queriedFields>Id</queriedFields>
    </recordLookups>
    <start>
        <locationX>50</locationX>
        <locationY>0</locationY>
        <connector>
            <targetReference>Fetch_Unupdated_Records</targetReference>
        </connector>
        <filterLogic>or</filterLogic>
        <filters>
            <field>Status__c</field>
            <operator>NotEqualTo</operator>
            <value>
                <stringValue>Passed</stringValue>
            </value>
        </filters>
        <filters>
            <field>Status__c</field>
            <operator>NotEqualTo</operator>
            <value>
                <stringValue>Failed</stringValue>
            </value>
        </filters>
        <object>Certification_Request__c</object>
        <schedule>
            <frequency>Daily</frequency>
            <startDate>2022-07-17</startDate>
            <startTime>12:00:00.000Z</startTime>
        </schedule>
        <triggerType>Scheduled</triggerType>
    </start>
    <status>Draft</status>
    <variables>
        <name>ExpiredUnupdatedRequests</name>
        <dataType>SObject</dataType>
        <isCollection>false</isCollection>
        <isInput>false</isInput>
        <isOutput>false</isOutput>
        <objectType>Certification_Request__c</objectType>
    </variables>
</Flow>
