<?xml version="1.0" encoding="UTF-8"?>
<Flow xmlns="http://soap.sforce.com/2006/04/metadata">
    <actionCalls>
        <processMetadataValues>
            <name>customNotifTypeName</name>
            <value>
                <stringValue>Send_Notif_when_Record_is_Updated</stringValue>
            </value>
        </processMetadataValues>
        <processMetadataValues>
            <name>recipientCategory</name>
            <value>
                <stringValue>user</stringValue>
            </value>
        </processMetadataValues>
        <processMetadataValues>
            <name>recipientSelection</name>
            <value>
                <stringValue>App User</stringValue>
            </value>
        </processMetadataValues>
        <processMetadataValues>
            <name>recipientType</name>
            <value>
                <stringValue>user</stringValue>
            </value>
        </processMetadataValues>
        <name>myRule_1_A1</name>
        <label>Employee sent an update on voucher</label>
        <locationX>100</locationX>
        <locationY>200</locationY>
        <actionName>customNotificationAction</actionName>
        <actionType>customNotificationAction</actionType>
        <flowTransactionModel>CurrentTransaction</flowTransactionModel>
        <inputParameters>
            <name>customNotifTypeId</name>
            <value>
                <stringValue>000000000000000</stringValue>
            </value>
        </inputParameters>
        <inputParameters>
            <name>customNotifTypeName</name>
            <value>
                <stringValue>Send_Notif_when_Record_is_Updated</stringValue>
            </value>
        </inputParameters>
        <inputParameters>
            <name>title</name>
            <value>
                <stringValue>Employee sent an update on Voucher</stringValue>
            </value>
        </inputParameters>
        <inputParameters>
            <name>body</name>
            <value>
                <stringValue>Please update corresponding certification request</stringValue>
            </value>
        </inputParameters>
        <inputParameters>
            <name>targetId</name>
            <value>
                <stringValue>{!myVariable_current.Id}</stringValue>
            </value>
        </inputParameters>
        <inputParameters>
            <processMetadataValues>
                <name>dataType</name>
                <value>
                    <stringValue>String</stringValue>
                </value>
            </processMetadataValues>
            <processMetadataValues>
                <name>isRequired</name>
                <value>
                    <booleanValue>true</booleanValue>
                </value>
            </processMetadataValues>
            <processMetadataValues>
                <name>leftHandSideLabel</name>
                <value>
                    <stringValue>recipientIds</stringValue>
                </value>
            </processMetadataValues>
            <processMetadataValues>
                <name>maxOccurs</name>
                <value>
                    <numberValue>500.0</numberValue>
                </value>
            </processMetadataValues>
            <processMetadataValues>
                <name>objectType</name>
                <value>
                    <stringValue></stringValue>
                </value>
            </processMetadataValues>
            <processMetadataValues>
                <name>rightHandSideType</name>
                <value>
                    <stringValue>String</stringValue>
                </value>
            </processMetadataValues>
            <name>recipientIds</name>
            <value>
                <elementReference>myCollection_myRule_1_A1recipientIds</elementReference>
            </value>
        </inputParameters>
    </actionCalls>
    <apiVersion>55.0</apiVersion>
    <assignments>
        <name>myAssignment_myRule_1_A1</name>
        <label>myAssignment_myRule_1_A1</label>
        <locationX>0</locationX>
        <locationY>0</locationY>
        <assignmentItems>
            <assignToReference>myCollection_myRule_1_A1recipientIds</assignToReference>
            <operator>Add</operator>
            <value>
                <stringValue>0055i000004J5j4AAC</stringValue>
            </value>
        </assignmentItems>
        <connector>
            <targetReference>myRule_1_A1</targetReference>
        </connector>
    </assignments>
    <decisions>
        <processMetadataValues>
            <name>index</name>
            <value>
                <numberValue>0.0</numberValue>
            </value>
        </processMetadataValues>
        <name>myDecision</name>
        <label>myDecision</label>
        <locationX>50</locationX>
        <locationY>0</locationY>
        <defaultConnectorLabel>default</defaultConnectorLabel>
        <rules>
            <name>myRule_1</name>
            <conditionLogic>and</conditionLogic>
            <conditions>
                <processMetadataValues>
                    <name>inputDataType</name>
                    <value>
                        <stringValue>Boolean</stringValue>
                    </value>
                </processMetadataValues>
                <processMetadataValues>
                    <name>leftHandSideType</name>
                    <value>
                        <stringValue>String</stringValue>
                    </value>
                </processMetadataValues>
                <processMetadataValues>
                    <name>operatorDataType</name>
                    <value>
                        <stringValue>String</stringValue>
                    </value>
                </processMetadataValues>
                <processMetadataValues>
                    <name>rightHandSideType</name>
                    <value>
                        <stringValue>Boolean</stringValue>
                    </value>
                </processMetadataValues>
                <leftValueReference>myVariable_current.Comments__c</leftValueReference>
                <operator>IsNull</operator>
                <rightValue>
                    <booleanValue>false</booleanValue>
                </rightValue>
            </conditions>
            <connector>
                <targetReference>myAssignment_myRule_1_A1</targetReference>
            </connector>
            <label>If Employee Updated</label>
        </rules>
    </decisions>
    <interviewLabel>Send_Notif_to_App_User_Regarding_Update_on_Voucher-1_InterviewLabel</interviewLabel>
    <label>Send Notif to App User Regarding Update on Voucher</label>
    <processMetadataValues>
        <name>ObjectType</name>
        <value>
            <stringValue>Voucher__c</stringValue>
        </value>
    </processMetadataValues>
    <processMetadataValues>
        <name>ObjectVariable</name>
        <value>
            <elementReference>myVariable_current</elementReference>
        </value>
    </processMetadataValues>
    <processMetadataValues>
        <name>OldObjectVariable</name>
        <value>
            <elementReference>myVariable_old</elementReference>
        </value>
    </processMetadataValues>
    <processMetadataValues>
        <name>TriggerType</name>
        <value>
            <stringValue>onAllChanges</stringValue>
        </value>
    </processMetadataValues>
    <processType>Workflow</processType>
    <startElementReference>myDecision</startElementReference>
    <status>Active</status>
    <variables>
        <name>myCollection_myRule_1_A1recipientIds</name>
        <dataType>String</dataType>
        <isCollection>true</isCollection>
        <isInput>false</isInput>
        <isOutput>false</isOutput>
    </variables>
    <variables>
        <name>myVariable_current</name>
        <dataType>SObject</dataType>
        <isCollection>false</isCollection>
        <isInput>true</isInput>
        <isOutput>true</isOutput>
        <objectType>Voucher__c</objectType>
    </variables>
    <variables>
        <name>myVariable_old</name>
        <dataType>SObject</dataType>
        <isCollection>false</isCollection>
        <isInput>true</isInput>
        <isOutput>false</isOutput>
        <objectType>Voucher__c</objectType>
    </variables>
</Flow>
