<?xml version="1.0" encoding="UTF-8"?>
<Flow xmlns="http://soap.sforce.com/2006/04/metadata">
    <apiVersion>55.0</apiVersion>
    <interviewLabel>Update Certification Request Assignment {!$Flow.CurrentDateTime}</interviewLabel>
    <isAdditionalPermissionRequiredToRun>true</isAdditionalPermissionRequiredToRun>
    <label>Update Certification Request Assignment</label>
    <processMetadataValues>
        <name>BuilderType</name>
        <value>
            <stringValue>LightningFlowBuilder</stringValue>
        </value>
    </processMetadataValues>
    <processMetadataValues>
        <name>CanvasMode</name>
        <value>
            <stringValue>AUTO_LAYOUT_CANVAS</stringValue>
        </value>
    </processMetadataValues>
    <processMetadataValues>
        <name>OriginBuilderType</name>
        <value>
            <stringValue>LightningFlowBuilder</stringValue>
        </value>
    </processMetadataValues>
    <processType>AutoLaunchedFlow</processType>
    <recordUpdates>
        <name>Update_Certification_Voucher_Assignment</name>
        <label>Update Certification Voucher Assignment</label>
        <locationX>176</locationX>
        <locationY>158</locationY>
        <filterLogic>and</filterLogic>
        <filters>
            <field>Voucher__c</field>
            <operator>EqualTo</operator>
            <value>
                <elementReference>VoucherID</elementReference>
            </value>
        </filters>
        <inputAssignments>
            <field>Status__c</field>
            <value>
                <elementReference>VoucherUpdate</elementReference>
            </value>
        </inputAssignments>
        <object>Certification_Request__c</object>
    </recordUpdates>
    <start>
        <locationX>50</locationX>
        <locationY>0</locationY>
        <connector>
            <targetReference>Update_Certification_Voucher_Assignment</targetReference>
        </connector>
    </start>
    <status>Active</status>
    <variables>
        <name>CertificationRequestAssignment</name>
        <dataType>SObject</dataType>
        <isCollection>false</isCollection>
        <isInput>false</isInput>
        <isOutput>false</isOutput>
        <objectType>Certification_Request__c</objectType>
    </variables>
    <variables>
        <name>VoucherID</name>
        <dataType>String</dataType>
        <isCollection>false</isCollection>
        <isInput>true</isInput>
        <isOutput>false</isOutput>
    </variables>
    <variables>
        <name>VoucherUpdate</name>
        <dataType>String</dataType>
        <isCollection>false</isCollection>
        <isInput>true</isInput>
        <isOutput>false</isOutput>
    </variables>
</Flow>
