<?xml version="1.0" encoding="UTF-8"?>
<Flow xmlns="http://soap.sforce.com/2006/04/metadata">
    <apiVersion>55.0</apiVersion>
    <interviewLabel>Update Certification Request Status Based on Employee Update {!$Flow.CurrentDateTime}</interviewLabel>
    <label>Update Certification Request Status Based on Employee Update</label>
    <processMetadataValues>
        <name>BuilderType</name>
        <value>
            <stringValue>LightningFlowBuilder</stringValue>
        </value>
    </processMetadataValues>
    <processMetadataValues>
        <name>CanvasMode</name>
        <value>
            <stringValue>AUTO_LAYOUT_CANVAS</stringValue>
        </value>
    </processMetadataValues>
    <processMetadataValues>
        <name>OriginBuilderType</name>
        <value>
            <stringValue>LightningFlowBuilder</stringValue>
        </value>
    </processMetadataValues>
    <processType>Flow</processType>
    <recordLookups>
        <name>Fetch_Current_Record</name>
        <label>Fetch Current Record</label>
        <locationX>176</locationX>
        <locationY>278</locationY>
        <assignNullValuesIfNoRecordsFound>false</assignNullValuesIfNoRecordsFound>
        <connector>
            <targetReference>Update_Certification_Request</targetReference>
        </connector>
        <filterLogic>and</filterLogic>
        <filters>
            <field>Id</field>
            <operator>EqualTo</operator>
            <value>
                <elementReference>$Flow.CurrentRecord</elementReference>
            </value>
        </filters>
        <getFirstRecordOnly>true</getFirstRecordOnly>
        <object>Voucher__c</object>
        <storeOutputAutomatically>true</storeOutputAutomatically>
    </recordLookups>
    <recordUpdates>
        <name>Update_Certification_Request</name>
        <label>Update Certification Request</label>
        <locationX>176</locationX>
        <locationY>398</locationY>
        <filterLogic>and</filterLogic>
        <filters>
            <field>Voucher__c</field>
            <operator>EqualTo</operator>
            <value>
                <elementReference>Fetch_Current_Record.Id</elementReference>
            </value>
        </filters>
        <inputAssignments>
            <field>Status__c</field>
            <value>
                <elementReference>Fetch_Current_Record.Comments__c</elementReference>
            </value>
        </inputAssignments>
        <object>Certification_Request__c</object>
    </recordUpdates>
    <screens>
        <name>Update_Certificate_Status</name>
        <label>Update Certificate Status</label>
        <locationX>176</locationX>
        <locationY>158</locationY>
        <allowBack>false</allowBack>
        <allowFinish>true</allowFinish>
        <allowPause>false</allowPause>
        <connector>
            <targetReference>Fetch_Current_Record</targetReference>
        </connector>
        <nextOrFinishButtonLabel>Update Certificate Status</nextOrFinishButtonLabel>
        <showFooter>true</showFooter>
        <showHeader>false</showHeader>
    </screens>
    <start>
        <locationX>50</locationX>
        <locationY>0</locationY>
        <connector>
            <targetReference>Update_Certificate_Status</targetReference>
        </connector>
    </start>
    <status>Obsolete</status>
</Flow>
