<?xml version="1.0" encoding="UTF-8"?>
<CommunityTemplateDefinition xmlns="http://soap.sforce.com/2006/04/metadata">
    <baseTemplate>c</baseTemplate>
    <bundlesInfo>
        <description>View car in 360 degrees</description>
        <order>1</order>
        <title>Virtual Showroom</title>
        <type>Highlight</type>
    </bundlesInfo>
    <bundlesInfo>
        <description>Can pick color and change car&apos;s color dynamically</description>
        <order>2</order>
        <title>Color Picker</title>
        <type>Highlight</type>
    </bundlesInfo>
    <bundlesInfo>
        <description>customized file uploader</description>
        <order>3</order>
        <title>File Uploader</title>
        <type>Highlight</type>
    </bundlesInfo>
    <bundlesInfo>
        <description>Unlike standard carousel</description>
        <order>4</order>
        <title>Custom Carousel</title>
        <type>Highlight</type>
    </bundlesInfo>
    <bundlesInfo>
        <image>siteAsset_e7ae2dcab74f4df4869e662be5bca368</image>
        <order>1</order>
        <title>siteAsset_e7ae2dcab74f4df4869e662be5bca368</title>
        <type>PreviewImage</type>
    </bundlesInfo>
    <bundlesInfo>
        <image>siteAsset_abea847fee5648e1902af9c62886f022</image>
        <order>2</order>
        <title>siteAsset_abea847fee5648e1902af9c62886f022</title>
        <type>PreviewImage</type>
    </bundlesInfo>
    <bundlesInfo>
        <image>siteAsset_fc48c5d25c364809a95ea0bdea515c10</image>
        <order>3</order>
        <title>siteAsset_fc48c5d25c364809a95ea0bdea515c10</title>
        <type>PreviewImage</type>
    </bundlesInfo>
    <category>IT</category>
    <defaultThemeDefinition>Nitro_Motor_Exp_Cloud</defaultThemeDefinition>
    <description>This template is for car sales</description>
    <enableExtendedCleanUpOnDelete>true</enableExtendedCleanUpOnDelete>
    <masterLabel>Nitro Motor Exp Cloud</masterLabel>
    <pageSetting>
        <page>Nitro_Motor_Exp_Cloud_Car_Booking_Related_List</page>
        <themeLayout>Nitro_Motor_Exp_Cloud_themeLayout_Default</themeLayout>
    </pageSetting>
    <pageSetting>
        <page>Nitro_Motor_Exp_Cloud_Lead_Related_List</page>
        <themeLayout>Nitro_Motor_Exp_Cloud_themeLayout_Default</themeLayout>
    </pageSetting>
    <pageSetting>
        <page>Nitro_Motor_Exp_Cloud_Account_Related_List</page>
        <themeLayout>Nitro_Motor_Exp_Cloud_themeLayout_Default</themeLayout>
    </pageSetting>
    <pageSetting>
        <page>Nitro_Motor_Exp_Cloud_Check_Password</page>
        <themeLayout>Nitro_Motor_Exp_Cloud_themeLayout_Login</themeLayout>
    </pageSetting>
    <pageSetting>
        <page>Nitro_Motor_Exp_Cloud_Related_Record_List</page>
        <themeLayout>Nitro_Motor_Exp_Cloud_themeLayout_Default</themeLayout>
    </pageSetting>
    <pageSetting>
        <page>Nitro_Motor_Exp_Cloud_Contact_Related_List</page>
        <themeLayout>Nitro_Motor_Exp_Cloud_themeLayout_Default</themeLayout>
    </pageSetting>
    <pageSetting>
        <page>Nitro_Motor_Exp_Cloud_Record_List</page>
        <themeLayout>Nitro_Motor_Exp_Cloud_themeLayout_Default</themeLayout>
    </pageSetting>
    <pageSetting>
        <page>Nitro_Motor_Exp_Cloud_Error</page>
        <themeLayout>Nitro_Motor_Exp_Cloud_themeLayout_Default</themeLayout>
    </pageSetting>
    <pageSetting>
        <page>Nitro_Motor_Exp_Cloud_Login</page>
        <themeLayout>Nitro_Motor_Exp_Cloud_themeLayout_Login</themeLayout>
    </pageSetting>
    <pageSetting>
        <page>Nitro_Motor_Exp_Cloud_Forgot_Password</page>
        <themeLayout>Nitro_Motor_Exp_Cloud_themeLayout_Login</themeLayout>
    </pageSetting>
    <pageSetting>
        <page>Nitro_Motor_Exp_Cloud_Home</page>
        <themeLayout>Nitro_Motor_Exp_Cloud_themeLayout_Default</themeLayout>
    </pageSetting>
    <pageSetting>
        <page>Nitro_Motor_Exp_Cloud_Register</page>
        <themeLayout>Nitro_Motor_Exp_Cloud_themeLayout_Login</themeLayout>
    </pageSetting>
    <pageSetting>
        <page>Nitro_Motor_Exp_Cloud_Product_Service_Campaign_Related_List</page>
        <themeLayout>Nitro_Motor_Exp_Cloud_themeLayout_Default</themeLayout>
    </pageSetting>
    <pageSetting>
        <page>Nitro_Motor_Exp_Cloud_Case_Related_List</page>
        <themeLayout>Nitro_Motor_Exp_Cloud_themeLayout_Default</themeLayout>
    </pageSetting>
    <pageSetting>
        <page>Nitro_Motor_Exp_Cloud_Login_Error</page>
        <themeLayout>Nitro_Motor_Exp_Cloud_themeLayout_Login</themeLayout>
    </pageSetting>
    <pageSetting>
        <page>Nitro_Motor_Exp_Cloud_Related_Vlogs</page>
        <themeLayout>Nitro_Motor_Exp_Cloud_themeLayout_Default</themeLayout>
    </pageSetting>
    <pageSetting>
        <page>Nitro_Motor_Exp_Cloud_Vlog_Wiggly</page>
        <themeLayout>Nitro_Motor_Exp_Cloud_themeLayout_Default</themeLayout>
    </pageSetting>
    <pageSetting>
        <page>Nitro_Motor_Exp_Cloud_Service_Not_Available</page>
        <themeLayout>Nitro_Motor_Exp_Cloud_themeLayout_ServiceNotAvailable</themeLayout>
    </pageSetting>
    <pageSetting>
        <page>Nitro_Motor_Exp_Cloud_Car_Model_Related_List</page>
        <themeLayout>Nitro_Motor_Exp_Cloud_themeLayout_Default</themeLayout>
    </pageSetting>
    <pageSetting>
        <page>Nitro_Motor_Exp_Cloud_Record_Detail</page>
        <themeLayout>Nitro_Motor_Exp_Cloud_themeLayout_Default</themeLayout>
    </pageSetting>
    <pageSetting>
        <page>Nitro_Motor_Exp_Cloud_Too_Many_Requests</page>
        <themeLayout>Nitro_Motor_Exp_Cloud_themeLayout_ServiceNotAvailable</themeLayout>
    </pageSetting>
    <pageSetting>
        <page>Nitro_Motor_Exp_Cloud_Car_Related_List</page>
        <themeLayout>Nitro_Motor_Exp_Cloud_themeLayout_Default</themeLayout>
    </pageSetting>
    <publisher>Edsel C. Lita</publisher>
</CommunityTemplateDefinition>
