<?xml version="1.0" encoding="UTF-8"?>
<BrandingSet xmlns="http://soap.sforce.com/2006/04/metadata">
    <brandingSetProperty>
        <propertyName>_TextColor1</propertyName>
        <propertyValue>rgb(0, 0, 0)</propertyValue>
    </brandingSetProperty>
    <brandingSetProperty>
        <propertyName>_TextColor2</propertyName>
        <propertyValue>rgb(0, 0, 0)</propertyValue>
    </brandingSetProperty>
    <brandingSetProperty>
        <propertyName>_TextColor3</propertyName>
        <propertyValue>rgb(0, 0, 0)</propertyValue>
    </brandingSetProperty>
    <brandingSetProperty>
        <propertyName>TextTransformStyle</propertyName>
        <propertyValue>none</propertyValue>
    </brandingSetProperty>
    <brandingSetProperty>
        <propertyName>DetailTextColor</propertyName>
        <propertyValue>rgb(62, 62, 60)</propertyValue>
    </brandingSetProperty>
    <brandingSetProperty>
        <propertyName>BorderColor</propertyName>
        <propertyValue>#efefef</propertyValue>
    </brandingSetProperty>
    <brandingSetProperty>
        <propertyName>HeaderFonts</propertyName>
        <propertyValue>Salesforce Sans</propertyValue>
    </brandingSetProperty>
    <brandingSetProperty>
        <propertyName>CardBackgroundColor</propertyName>
        <propertyValue>rgba(255, 255, 255, 0)</propertyValue>
    </brandingSetProperty>
    <brandingSetProperty>
        <propertyName>LoginBackgroundColor</propertyName>
        <propertyValue>#F4F4F4</propertyValue>
    </brandingSetProperty>
    <brandingSetProperty>
        <propertyName>_ActionColorTrans</propertyName>
        <propertyValue>rgba(255, 125, 0, 0.9)</propertyValue>
    </brandingSetProperty>
    <brandingSetProperty>
        <propertyName>LoginBackgroundImage</propertyName>
        <propertyValue>../../../../sfsites/picasso/core/external/salesforceIdentity/images/background.jpg?v=1</propertyValue>
    </brandingSetProperty>
    <brandingSetProperty>
        <propertyName>_PrimaryAccentColor1</propertyName>
        <propertyValue>rgb(214, 105, 0)</propertyValue>
    </brandingSetProperty>
    <brandingSetProperty>
        <propertyName>PageBackgroundColor</propertyName>
        <propertyValue>#F7F7F7</propertyValue>
    </brandingSetProperty>
    <brandingSetProperty>
        <propertyName>brandNavigationColorText</propertyName>
        <propertyValue>#FFFFFF</propertyValue>
    </brandingSetProperty>
    <brandingSetProperty>
        <propertyName>_NeutralColor3</propertyName>
        <propertyValue>rgb(118, 113, 107)</propertyValue>
    </brandingSetProperty>
    <brandingSetProperty>
        <propertyName>_PrimaryAccentColor2</propertyName>
        <propertyValue>rgb(133, 65, 0)</propertyValue>
    </brandingSetProperty>
    <brandingSetProperty>
        <propertyName>_PrimaryAccentForegroundColor2</propertyName>
        <propertyValue>rgb(194, 194, 194)</propertyValue>
    </brandingSetProperty>
    <brandingSetProperty>
        <propertyName>_PrimaryAccentColor3</propertyName>
        <propertyValue>rgb(10, 5, 0)</propertyValue>
    </brandingSetProperty>
    <brandingSetProperty>
        <propertyName>_PrimaryAccentForegroundColor1</propertyName>
        <propertyValue>rgb(235, 235, 235)</propertyValue>
    </brandingSetProperty>
    <brandingSetProperty>
        <propertyName>_NeutralColor2</propertyName>
        <propertyValue>rgb(178, 174, 170)</propertyValue>
    </brandingSetProperty>
    <brandingSetProperty>
        <propertyName>TextColor</propertyName>
        <propertyValue>rgb(8, 7, 7)</propertyValue>
    </brandingSetProperty>
    <brandingSetProperty>
        <propertyName>_NeutralColor1</propertyName>
        <propertyValue>rgb(217, 215, 213)</propertyValue>
    </brandingSetProperty>
    <brandingSetProperty>
        <propertyName>_NeutralColor</propertyName>
        <propertyValue>#ecebea</propertyValue>
    </brandingSetProperty>
    <brandingSetProperty>
        <propertyName>_NeutralForegroundColor3</propertyName>
        <propertyValue>#fff</propertyValue>
    </brandingSetProperty>
    <brandingSetProperty>
        <propertyName>_NeutralForegroundColor2</propertyName>
        <propertyValue>#000</propertyValue>
    </brandingSetProperty>
    <brandingSetProperty>
        <propertyName>_NeutralForegroundColor1</propertyName>
        <propertyValue>#000</propertyValue>
    </brandingSetProperty>
    <brandingSetProperty>
        <propertyName>_brandNavigationBarBackgroundColor</propertyName>
        <propertyValue>rgb(255, 125, 0)</propertyValue>
    </brandingSetProperty>
    <brandingSetProperty>
        <propertyName>_BackgroundColor2</propertyName>
        <propertyValue>rgb(186, 186, 186)</propertyValue>
    </brandingSetProperty>
    <brandingSetProperty>
        <propertyName>_BackgroundColor3</propertyName>
        <propertyValue>rgb(125, 125, 125)</propertyValue>
    </brandingSetProperty>
    <brandingSetProperty>
        <propertyName>_PrimaryAccentForegroundColor3</propertyName>
        <propertyValue>rgb(133, 133, 133)</propertyValue>
    </brandingSetProperty>
    <brandingSetProperty>
        <propertyName>_DxpPageBackgroundColor</propertyName>
        <propertyValue>#F7F7F7</propertyValue>
    </brandingSetProperty>
    <brandingSetProperty>
        <propertyName>_OverlayTextColorShadow</propertyName>
        <propertyValue>#000</propertyValue>
    </brandingSetProperty>
    <brandingSetProperty>
        <propertyName>ActionColor</propertyName>
        <propertyValue>rgb(255, 125, 0)</propertyValue>
    </brandingSetProperty>
    <brandingSetProperty>
        <propertyName>_BackgroundColor1</propertyName>
        <propertyValue>rgb(227, 227, 227)</propertyValue>
    </brandingSetProperty>
    <brandingSetProperty>
        <propertyName>CompanyLogo</propertyName>
        <propertyValue>/file-asset/nitroMySpace__logo2?v=1&amp;height=300&amp;width=300</propertyValue>
    </brandingSetProperty>
    <brandingSetProperty>
        <propertyName>brandNavigationBarBackgroundColor</propertyName>
        <propertyValue>rgb(255, 125, 0)</propertyValue>
    </brandingSetProperty>
    <brandingSetProperty>
        <propertyName>_LinkColorDarker</propertyName>
        <propertyValue>#da6b00</propertyValue>
    </brandingSetProperty>
    <brandingSetProperty>
        <propertyName>_ActionColorDarker</propertyName>
        <propertyValue>#cc6400</propertyValue>
    </brandingSetProperty>
    <brandingSetProperty>
        <propertyName>_HoverColor</propertyName>
        <propertyValue>rgba(255, 125, 0, 0.05)</propertyValue>
    </brandingSetProperty>
    <brandingSetProperty>
        <propertyName>_brandNavigationItemBackgroundColorHover</propertyName>
        <propertyValue>rgba(0,0,0,.2)</propertyValue>
    </brandingSetProperty>
    <brandingSetProperty>
        <propertyName>ErrorFontColor</propertyName>
        <propertyValue>#ff9e9e</propertyValue>
    </brandingSetProperty>
    <brandingSetProperty>
        <propertyName>OverlayTextColor</propertyName>
        <propertyValue>rgb(255, 255, 255)</propertyValue>
    </brandingSetProperty>
    <brandingSetProperty>
        <propertyName>PrimaryFont</propertyName>
        <propertyValue>Salesforce Sans</propertyValue>
    </brandingSetProperty>
    <brandingSetProperty>
        <propertyName>brandNavigationBackgroundColor</propertyName>
        <propertyValue>rgb(255, 100, 0)</propertyValue>
    </brandingSetProperty>
    <brandingSetProperty>
        <propertyName>LinkColor</propertyName>
        <propertyValue>rgb(255, 127, 4)</propertyValue>
    </brandingSetProperty>
    <brandingSetProperty>
        <propertyName>_NeutralForegroundColor</propertyName>
        <propertyValue>#000</propertyValue>
    </brandingSetProperty>
    <brandingSetProperty>
        <propertyName>_brandNavigationItemDividerColor</propertyName>
        <propertyValue>rgba(255, 255, 255, 0.2)</propertyValue>
    </brandingSetProperty>
    <masterLabel>Nitro_Motor_Exp_Cloud</masterLabel>
    <type>mfg:branding-mfg</type>
</BrandingSet>
