<?xml version="1.0" encoding="UTF-8"?>
<CustomApplication xmlns="http://soap.sforce.com/2006/04/metadata">
    <brand>
        <headerColor>#0DD199</headerColor>
        <shouldOverrideOrgTheme>false</shouldOverrideOrgTheme>
    </brand>
    <formFactors>Small</formFactors>
    <formFactors>Large</formFactors>
    <isNavAutoTempTabsDisabled>false</isNavAutoTempTabsDisabled>
    <isNavPersonalizationDisabled>false</isNavPersonalizationDisabled>
    <label>Order Management App</label>
    <navType>Standard</navType>
    <tabs>standard-home</tabs>
    <tabs>standard-Contract</tabs>
    <tabs>standard-Order</tabs>
    <tabs>standard-Contact</tabs>
    <tabs>standard-Account</tabs>
    <tabs>standard-Product2</tabs>
    <tabs>standard-Pricebook2</tabs>
    <tabs>Invoice__c</tabs>
    <tabs>Product_Invoice__c</tabs>
    <tabs>standard-Opportunity</tabs>
    <uiType>Lightning</uiType>
    <utilityBar>Order_Management_App_UtilityBar</utilityBar>
</CustomApplication>
