<?xml version="1.0" encoding="UTF-8"?>
<CustomField xmlns="http://soap.sforce.com/2006/04/metadata">
    <fullName>Request_Type__c</fullName>
    <externalId>false</externalId>
    <label>Request Type</label>
    <required>false</required>
    <trackHistory>false</trackHistory>
    <trackTrending>false</trackTrending>
    <type>Picklist</type>
    <valueSet>
        <restricted>true</restricted>
        <valueSetDefinition>
            <sorted>false</sorted>
            <value>
                <fullName>Enrolled</fullName>
                <default>false</default>
                <label>Enrolled</label>
            </value>
            <value>
                <fullName>Pending Enrolment</fullName>
                <default>false</default>
                <label>Pending Enrolment</label>
            </value>
        </valueSetDefinition>
    </valueSet>
</CustomField>
