<?xml version="1.0" encoding="UTF-8"?>
<EmailServicesFunction xmlns="http://soap.sforce.com/2006/04/metadata">
    <apexClass>CreateRequestFromEmail</apexClass>
    <attachmentOption>None</attachmentOption>
    <authenticationFailureAction>Discard</authenticationFailureAction>
    <authorizationFailureAction>Discard</authorizationFailureAction>
    <emailServicesAddresses>
        <authorizedSenders>zedtheprogrammer@gmail.com</authorizedSenders>
        <developerName>Test_CreateRequest</developerName>
        <isActive>true</isActive>
        <localPart>createrequest</localPart>
        <runAsUser>edsellita_cert_mgmt@15jul2022training.com</runAsUser>
    </emailServicesAddresses>
    <functionInactiveAction>Discard</functionInactiveAction>
    <functionName>CreateRequest</functionName>
    <isActive>true</isActive>
    <isAuthenticationRequired>false</isAuthenticationRequired>
    <isErrorRoutingEnabled>false</isErrorRoutingEnabled>
    <isTextAttachmentsAsBinary>false</isTextAttachmentsAsBinary>
    <isTlsRequired>false</isTlsRequired>
    <overLimitAction>Discard</overLimitAction>
</EmailServicesFunction>
