<?xml version="1.0" encoding="UTF-8"?>
<AnimationRule xmlns="http://soap.sforce.com/2006/04/metadata">
    <animationFrequency>always</animationFrequency>
    <developerName>Automotive_Design_and_Manufacture</developerName>
    <isActive>false</isActive>
    <masterLabel>Automotive Design and Manufacture</masterLabel>
    <recordTypeContext>Master</recordTypeContext>
    <recordTypeName>__MASTER__</recordTypeName>
    <sobjectType>nitroMySpace__Car_Model__c</sobjectType>
    <targetField>Manufacturing_Stage__c</targetField>
    <targetFieldChangeToValues>Launch</targetFieldChangeToValues>
</AnimationRule>
