<?xml version="1.0" encoding="UTF-8"?>
<AnimationRule xmlns="http://soap.sforce.com/2006/04/metadata">
    <animationFrequency>always</animationFrequency>
    <developerName>Booking_and_Delivery_Monitoring</developerName>
    <isActive>true</isActive>
    <masterLabel>Booking and Delivery Monitoring</masterLabel>
    <recordTypeContext>Master</recordTypeContext>
    <recordTypeName>__MASTER__</recordTypeName>
    <sobjectType>nitroMySpace__Car_Booking__c</sobjectType>
    <targetField>Status__c</targetField>
    <targetFieldChangeToValues>Paid,Delivered</targetFieldChangeToValues>
</AnimationRule>
