<?xml version="1.0" encoding="UTF-8"?>
<CustomField xmlns="http://soap.sforce.com/2006/04/metadata">
    <fullName>Building_Name__c</fullName>
    <externalId>false</externalId>
    <label>Building Name</label>
    <referenceTo>Buildings__c</referenceTo>
    <relationshipLabel>Units</relationshipLabel>
    <relationshipName>Buildings</relationshipName>
    <relationshipOrder>0</relationshipOrder>
    <reparentableMasterDetail>false</reparentableMasterDetail>
    <trackHistory>false</trackHistory>
    <trackTrending>false</trackTrending>
    <type>MasterDetail</type>
    <writeRequiresMasterRead>false</writeRequiresMasterRead>
</CustomField>
