<?xml version="1.0" encoding="UTF-8"?>
<Flow xmlns="http://soap.sforce.com/2006/04/metadata">
    <apiVersion>55.0</apiVersion>
    <decisions>
        <name>Is_Contract_Date_Ended</name>
        <label>Is Contract Date Ended?</label>
        <locationX>176</locationX>
        <locationY>158</locationY>
        <defaultConnectorLabel>Default Outcome</defaultConnectorLabel>
        <rules>
            <name>Yes_it_is</name>
            <conditionLogic>and</conditionLogic>
            <conditions>
                <leftValueReference>ContractRecords.End_Date__c</leftValueReference>
                <operator>LessThan</operator>
                <rightValue>
                    <elementReference>$Flow.CurrentDate</elementReference>
                </rightValue>
            </conditions>
            <label>Yes, it is</label>
        </rules>
    </decisions>
    <interviewLabel>Automate Update of Expired Checkbox {!$Flow.CurrentDateTime}</interviewLabel>
    <label>Automate Update of Expired Checkbox</label>
    <processMetadataValues>
        <name>BuilderType</name>
        <value>
            <stringValue>LightningFlowBuilder</stringValue>
        </value>
    </processMetadataValues>
    <processMetadataValues>
        <name>CanvasMode</name>
        <value>
            <stringValue>AUTO_LAYOUT_CANVAS</stringValue>
        </value>
    </processMetadataValues>
    <processMetadataValues>
        <name>OriginBuilderType</name>
        <value>
            <stringValue>LightningFlowBuilder</stringValue>
        </value>
    </processMetadataValues>
    <processType>AutoLaunchedFlow</processType>
    <start>
        <locationX>50</locationX>
        <locationY>0</locationY>
        <connector>
            <targetReference>Is_Contract_Date_Ended</targetReference>
        </connector>
    </start>
    <status>Draft</status>
    <variables>
        <name>ContractRecords</name>
        <dataType>SObject</dataType>
        <isCollection>false</isCollection>
        <isInput>false</isInput>
        <isOutput>false</isOutput>
        <objectType>Contract__c</objectType>
    </variables>
</Flow>
