<?xml version="1.0" encoding="UTF-8"?>
<Flow xmlns="http://soap.sforce.com/2006/04/metadata">
    <apiVersion>55.0</apiVersion>
    <decisions>
        <name>Is_There_Matching_Records</name>
        <label>Is There Matching Records?</label>
        <locationX>182</locationX>
        <locationY>455</locationY>
        <defaultConnector>
            <targetReference>Set_to_New</targetReference>
        </defaultConnector>
        <defaultConnectorLabel>There is none</defaultConnectorLabel>
        <rules>
            <name>Yes_there_is</name>
            <conditionLogic>and</conditionLogic>
            <conditions>
                <leftValueReference>MatchedUnitRecords</leftValueReference>
                <operator>IsNull</operator>
                <rightValue>
                    <booleanValue>false</booleanValue>
                </rightValue>
            </conditions>
            <connector>
                <targetReference>Update_Contract_Records</targetReference>
            </connector>
            <label>Yes there is</label>
        </rules>
    </decisions>
    <interviewLabel>Automate Update Contract Records {!$Flow.CurrentDateTime}</interviewLabel>
    <label>Automate Update Contract Records</label>
    <processMetadataValues>
        <name>BuilderType</name>
        <value>
            <stringValue>LightningFlowBuilder</stringValue>
        </value>
    </processMetadataValues>
    <processMetadataValues>
        <name>CanvasMode</name>
        <value>
            <stringValue>AUTO_LAYOUT_CANVAS</stringValue>
        </value>
    </processMetadataValues>
    <processMetadataValues>
        <name>OriginBuilderType</name>
        <value>
            <stringValue>LightningFlowBuilder</stringValue>
        </value>
    </processMetadataValues>
    <processType>AutoLaunchedFlow</processType>
    <recordLookups>
        <name>Fetch_Unit_Records</name>
        <label>Fetch Unit Records</label>
        <locationX>182</locationX>
        <locationY>335</locationY>
        <assignNullValuesIfNoRecordsFound>true</assignNullValuesIfNoRecordsFound>
        <connector>
            <targetReference>Is_There_Matching_Records</targetReference>
        </connector>
        <filterLogic>and</filterLogic>
        <filters>
            <field>Contact__c</field>
            <operator>EqualTo</operator>
            <value>
                <elementReference>$Record.Tenant__c</elementReference>
            </value>
        </filters>
        <filters>
            <field>Flat_No__c</field>
            <operator>EqualTo</operator>
            <value>
                <elementReference>$Record.Flat_No__c</elementReference>
            </value>
        </filters>
        <object>Units__c</object>
        <outputReference>MatchedUnitRecords</outputReference>
        <queriedFields>Id</queriedFields>
        <queriedFields>Building_Name__c</queriedFields>
        <queriedFields>Flat_No__c</queriedFields>
        <queriedFields>Contact__c</queriedFields>
        <queriedFields>Price__c</queriedFields>
    </recordLookups>
    <recordUpdates>
        <name>Set_to_New</name>
        <label>Set to New</label>
        <locationX>314</locationX>
        <locationY>575</locationY>
        <inputAssignments>
            <field>Status__c</field>
            <value>
                <stringValue>New</stringValue>
            </value>
        </inputAssignments>
        <inputReference>$Record</inputReference>
    </recordUpdates>
    <recordUpdates>
        <name>Update_Contract_Records</name>
        <label>Update Contract Records</label>
        <locationX>50</locationX>
        <locationY>575</locationY>
        <inputAssignments>
            <field>Building_Name__c</field>
            <value>
                <elementReference>MatchedUnitRecords.Building_Name__r.Name</elementReference>
            </value>
        </inputAssignments>
        <inputAssignments>
            <field>Flat_No__c</field>
            <value>
                <elementReference>$Record.Flat_No__c</elementReference>
            </value>
        </inputAssignments>
        <inputAssignments>
            <field>Price__c</field>
            <value>
                <elementReference>MatchedUnitRecords.Price__c</elementReference>
            </value>
        </inputAssignments>
        <inputAssignments>
            <field>Status__c</field>
            <value>
                <stringValue>New</stringValue>
            </value>
        </inputAssignments>
        <inputAssignments>
            <field>Tenant__c</field>
            <value>
                <elementReference>$Record.Tenant__c</elementReference>
            </value>
        </inputAssignments>
        <inputReference>$Record</inputReference>
    </recordUpdates>
    <start>
        <locationX>56</locationX>
        <locationY>0</locationY>
        <connector>
            <targetReference>Fetch_Unit_Records</targetReference>
        </connector>
        <object>Contract__c</object>
        <recordTriggerType>Create</recordTriggerType>
        <triggerType>RecordAfterSave</triggerType>
    </start>
    <status>Active</status>
    <variables>
        <name>MatchedUnitRecords</name>
        <dataType>SObject</dataType>
        <isCollection>false</isCollection>
        <isInput>false</isInput>
        <isOutput>false</isOutput>
        <objectType>Units__c</objectType>
    </variables>
</Flow>
