<?xml version="1.0" encoding="UTF-8"?>
<Flow xmlns="http://soap.sforce.com/2006/04/metadata">
    <apiVersion>55.0</apiVersion>
    <interviewLabel>Automate Update on Expired Checkboxes {!$Flow.CurrentDateTime}</interviewLabel>
    <label>Automate Update on Expired Checkboxes</label>
    <processMetadataValues>
        <name>BuilderType</name>
        <value>
            <stringValue>LightningFlowBuilder</stringValue>
        </value>
    </processMetadataValues>
    <processMetadataValues>
        <name>CanvasMode</name>
        <value>
            <stringValue>AUTO_LAYOUT_CANVAS</stringValue>
        </value>
    </processMetadataValues>
    <processMetadataValues>
        <name>OriginBuilderType</name>
        <value>
            <stringValue>LightningFlowBuilder</stringValue>
        </value>
    </processMetadataValues>
    <processType>AutoLaunchedFlow</processType>
    <recordUpdates>
        <name>Update_Expired</name>
        <label>Update Expired</label>
        <locationX>176</locationX>
        <locationY>276</locationY>
        <filterLogic>and</filterLogic>
        <filters>
            <field>End_Date__c</field>
            <operator>LessThan</operator>
            <value>
                <elementReference>$Flow.CurrentDate</elementReference>
            </value>
        </filters>
        <inputAssignments>
            <field>Expired__c</field>
            <value>
                <booleanValue>true</booleanValue>
            </value>
        </inputAssignments>
        <inputReference>$Record</inputReference>
    </recordUpdates>
    <start>
        <locationX>50</locationX>
        <locationY>0</locationY>
        <connector>
            <targetReference>Update_Expired</targetReference>
        </connector>
        <object>Contract__c</object>
        <schedule>
            <frequency>Daily</frequency>
            <startDate>2022-07-13</startDate>
            <startTime>00:00:00.000Z</startTime>
        </schedule>
        <triggerType>Scheduled</triggerType>
    </start>
    <status>Active</status>
    <variables>
        <name>ContractRecords</name>
        <dataType>SObject</dataType>
        <isCollection>false</isCollection>
        <isInput>false</isInput>
        <isOutput>false</isOutput>
        <objectType>Contract__c</objectType>
    </variables>
</Flow>
