<?xml version="1.0" encoding="UTF-8"?>
<Flow xmlns="http://soap.sforce.com/2006/04/metadata">
    <apiVersion>55.0</apiVersion>
    <assignments>
        <name>Allow_Save</name>
        <label>Allow Save</label>
        <locationX>314</locationX>
        <locationY>551</locationY>
        <assignmentItems>
            <assignToReference>$Record.Prevent_Save__c</assignToReference>
            <operator>Assign</operator>
            <value>
                <booleanValue>false</booleanValue>
            </value>
        </assignmentItems>
    </assignments>
    <assignments>
        <name>Prevent_Save</name>
        <label>Prevent Save</label>
        <locationX>50</locationX>
        <locationY>551</locationY>
        <assignmentItems>
            <assignToReference>$Record.Prevent_Save__c</assignToReference>
            <operator>Assign</operator>
            <value>
                <booleanValue>true</booleanValue>
            </value>
        </assignmentItems>
    </assignments>
    <decisions>
        <name>Is_Duplicate_Records_Exists</name>
        <label>Is Duplicate Records Exists?</label>
        <locationX>182</locationX>
        <locationY>431</locationY>
        <defaultConnector>
            <targetReference>Allow_Save</targetReference>
        </defaultConnector>
        <defaultConnectorLabel>No, there is no duplicate record</defaultConnectorLabel>
        <rules>
            <name>Yes_there_is</name>
            <conditionLogic>and</conditionLogic>
            <conditions>
                <leftValueReference>DuplicateRecords</leftValueReference>
                <operator>IsNull</operator>
                <rightValue>
                    <booleanValue>false</booleanValue>
                </rightValue>
            </conditions>
            <connector>
                <targetReference>Prevent_Save</targetReference>
            </connector>
            <label>Yes, there is</label>
        </rules>
    </decisions>
    <interviewLabel>Avoid Duplicate Unit Record {!$Flow.CurrentDateTime}</interviewLabel>
    <label>Avoid Duplicate Unit Record</label>
    <processMetadataValues>
        <name>BuilderType</name>
        <value>
            <stringValue>LightningFlowBuilder</stringValue>
        </value>
    </processMetadataValues>
    <processMetadataValues>
        <name>CanvasMode</name>
        <value>
            <stringValue>AUTO_LAYOUT_CANVAS</stringValue>
        </value>
    </processMetadataValues>
    <processMetadataValues>
        <name>OriginBuilderType</name>
        <value>
            <stringValue>LightningFlowBuilder</stringValue>
        </value>
    </processMetadataValues>
    <processType>AutoLaunchedFlow</processType>
    <recordLookups>
        <name>Fetch_Unit_Records</name>
        <label>Fetch Unit Records</label>
        <locationX>182</locationX>
        <locationY>311</locationY>
        <assignNullValuesIfNoRecordsFound>true</assignNullValuesIfNoRecordsFound>
        <connector>
            <targetReference>Is_Duplicate_Records_Exists</targetReference>
        </connector>
        <filterLogic>and</filterLogic>
        <filters>
            <field>Building_Name__c</field>
            <operator>EqualTo</operator>
            <value>
                <elementReference>$Record.Building_Name__c</elementReference>
            </value>
        </filters>
        <filters>
            <field>Floor__c</field>
            <operator>EqualTo</operator>
            <value>
                <elementReference>$Record.Floor__c</elementReference>
            </value>
        </filters>
        <filters>
            <field>Flat_No__c</field>
            <operator>EqualTo</operator>
            <value>
                <elementReference>$Record.Flat_No__c</elementReference>
            </value>
        </filters>
        <object>Units__c</object>
        <outputReference>DuplicateRecords</outputReference>
        <queriedFields>Id</queriedFields>
    </recordLookups>
    <start>
        <locationX>56</locationX>
        <locationY>0</locationY>
        <connector>
            <targetReference>Fetch_Unit_Records</targetReference>
        </connector>
        <object>Units__c</object>
        <recordTriggerType>CreateAndUpdate</recordTriggerType>
        <triggerType>RecordBeforeSave</triggerType>
    </start>
    <status>Active</status>
    <variables>
        <name>DuplicateRecords</name>
        <dataType>SObject</dataType>
        <isCollection>false</isCollection>
        <isInput>false</isInput>
        <isOutput>false</isOutput>
        <objectType>Units__c</objectType>
    </variables>
</Flow>
