<?xml version="1.0" encoding="UTF-8"?>
<Flow xmlns="http://soap.sforce.com/2006/04/metadata">
    <apiVersion>55.0</apiVersion>
    <decisions>
        <name>Is_Contact_Data_Filled_Up</name>
        <label>Is Contact Data Not Filled Up?</label>
        <locationX>446</locationX>
        <locationY>398</locationY>
        <defaultConnectorLabel>No</defaultConnectorLabel>
        <rules>
            <name>Yes</name>
            <conditionLogic>and</conditionLogic>
            <conditions>
                <leftValueReference>FetchedUnitRecords</leftValueReference>
                <operator>IsNull</operator>
                <rightValue>
                    <booleanValue>true</booleanValue>
                </rightValue>
            </conditions>
            <connector>
                <targetReference>Activate_Validation_Rule</targetReference>
            </connector>
            <label>Yes</label>
        </rules>
    </decisions>
    <decisions>
        <name>Is_there_a_Matched_Record</name>
        <label>Is there a Matched Record?</label>
        <locationX>248</locationX>
        <locationY>278</locationY>
        <defaultConnector>
            <targetReference>Is_Contact_Data_Filled_Up</targetReference>
        </defaultConnector>
        <defaultConnectorLabel>There is None</defaultConnectorLabel>
        <rules>
            <name>Yes_there_is</name>
            <conditionLogic>and</conditionLogic>
            <conditions>
                <leftValueReference>Fetch_Unit_Records</leftValueReference>
                <operator>IsNull</operator>
                <rightValue>
                    <booleanValue>false</booleanValue>
                </rightValue>
            </conditions>
            <connector>
                <targetReference>Create_Contract_Record</targetReference>
            </connector>
            <label>Yes, there is</label>
        </rules>
    </decisions>
    <interviewLabel>Create Contract Button Mechanism {!$Flow.CurrentDateTime}</interviewLabel>
    <isAdditionalPermissionRequiredToRun>true</isAdditionalPermissionRequiredToRun>
    <label>Create Contract Button Mechanism</label>
    <processMetadataValues>
        <name>BuilderType</name>
        <value>
            <stringValue>LightningFlowBuilder</stringValue>
        </value>
    </processMetadataValues>
    <processMetadataValues>
        <name>CanvasMode</name>
        <value>
            <stringValue>AUTO_LAYOUT_CANVAS</stringValue>
        </value>
    </processMetadataValues>
    <processMetadataValues>
        <name>OriginBuilderType</name>
        <value>
            <stringValue>LightningFlowBuilder</stringValue>
        </value>
    </processMetadataValues>
    <processType>AutoLaunchedFlow</processType>
    <recordCreates>
        <name>Create_Contract_Record</name>
        <label>Create Contract Record</label>
        <locationX>50</locationX>
        <locationY>398</locationY>
        <inputAssignments>
            <field>Building_Name__c</field>
            <value>
                <elementReference>FetchedUnitRecords.Building_Name__c</elementReference>
            </value>
        </inputAssignments>
        <inputAssignments>
            <field>Flat_No__c</field>
            <value>
                <elementReference>FetchedUnitRecords.Flat_No__c</elementReference>
            </value>
        </inputAssignments>
        <inputAssignments>
            <field>Price__c</field>
            <value>
                <elementReference>FetchedUnitRecords.Price__c</elementReference>
            </value>
        </inputAssignments>
        <inputAssignments>
            <field>Tenant__c</field>
            <value>
                <elementReference>FetchedUnitRecords.Contact__c</elementReference>
            </value>
        </inputAssignments>
        <object>Contract__c</object>
        <storeOutputAutomatically>true</storeOutputAutomatically>
    </recordCreates>
    <recordLookups>
        <name>Fetch_Unit_Records</name>
        <label>Fetch Unit Records</label>
        <locationX>248</locationX>
        <locationY>158</locationY>
        <assignNullValuesIfNoRecordsFound>true</assignNullValuesIfNoRecordsFound>
        <connector>
            <targetReference>Is_there_a_Matched_Record</targetReference>
        </connector>
        <filterLogic>and</filterLogic>
        <filters>
            <field>Contact__c</field>
            <operator>EqualTo</operator>
            <value>
                <elementReference>Fetch.Contact__c</elementReference>
            </value>
        </filters>
        <filters>
            <field>Building_Name__c</field>
            <operator>EqualTo</operator>
            <value>
                <elementReference>Fetch.Building_Name__c</elementReference>
            </value>
        </filters>
        <filters>
            <field>Flat_No__c</field>
            <operator>EqualTo</operator>
            <value>
                <elementReference>Fetch.Flat_No__c</elementReference>
            </value>
        </filters>
        <filters>
            <field>Price__c</field>
            <operator>EqualTo</operator>
            <value>
                <elementReference>Fetch.Price__c</elementReference>
            </value>
        </filters>
        <object>Units__c</object>
        <outputReference>FetchedUnitRecords</outputReference>
        <queriedFields>Id</queriedFields>
        <queriedFields>Building_Name__c</queriedFields>
        <queriedFields>Flat_No__c</queriedFields>
        <queriedFields>Price__c</queriedFields>
        <queriedFields>Contact__c</queriedFields>
    </recordLookups>
    <recordUpdates>
        <name>Activate_Validation_Rule</name>
        <label>Activate Validation Rule</label>
        <locationX>314</locationX>
        <locationY>518</locationY>
        <filterLogic>and</filterLogic>
        <filters>
            <field>Contact__c</field>
            <operator>IsNull</operator>
            <value>
                <booleanValue>true</booleanValue>
            </value>
        </filters>
        <inputAssignments>
            <field>IsContactNull__c</field>
            <value>
                <booleanValue>true</booleanValue>
            </value>
        </inputAssignments>
        <object>Units__c</object>
    </recordUpdates>
    <start>
        <locationX>122</locationX>
        <locationY>0</locationY>
        <connector>
            <targetReference>Fetch_Unit_Records</targetReference>
        </connector>
    </start>
    <status>Active</status>
    <variables>
        <name>Fetch</name>
        <dataType>SObject</dataType>
        <isCollection>false</isCollection>
        <isInput>true</isInput>
        <isOutput>false</isOutput>
        <objectType>Units__c</objectType>
    </variables>
    <variables>
        <name>FetchedUnitRecords</name>
        <dataType>SObject</dataType>
        <isCollection>false</isCollection>
        <isInput>false</isInput>
        <isOutput>false</isOutput>
        <objectType>Units__c</objectType>
    </variables>
</Flow>
