<?xml version="1.0" encoding="UTF-8"?>
<Flow xmlns="http://soap.sforce.com/2006/04/metadata">
    <apiVersion>55.0</apiVersion>
    <decisions>
        <processMetadataValues>
            <name>index</name>
            <value>
                <numberValue>0.0</numberValue>
            </value>
        </processMetadataValues>
        <name>myDecision</name>
        <label>myDecision</label>
        <locationX>50</locationX>
        <locationY>0</locationY>
        <defaultConnector>
            <targetReference>myDecision5</targetReference>
        </defaultConnector>
        <defaultConnectorLabel>default</defaultConnectorLabel>
        <rules>
            <name>myRule_1</name>
            <conditionLogic>and</conditionLogic>
            <conditions>
                <processMetadataValues>
                    <name>inputDataType</name>
                    <value>
                        <stringValue>Date</stringValue>
                    </value>
                </processMetadataValues>
                <processMetadataValues>
                    <name>leftHandSideType</name>
                    <value>
                        <stringValue>Date</stringValue>
                    </value>
                </processMetadataValues>
                <processMetadataValues>
                    <name>operatorDataType</name>
                    <value>
                        <stringValue>Date</stringValue>
                    </value>
                </processMetadataValues>
                <processMetadataValues>
                    <name>rightHandSideType</name>
                    <value>
                        <stringValue>Formula</stringValue>
                    </value>
                </processMetadataValues>
                <leftValueReference>myVariable_current.End_Date__c</leftValueReference>
                <operator>GreaterThanOrEqualTo</operator>
                <rightValue>
                    <elementReference>formula_2_myRule_1_0338657622</elementReference>
                </rightValue>
            </conditions>
            <conditions>
                <processMetadataValues>
                    <name>inputDataType</name>
                    <value>
                        <stringValue>Date</stringValue>
                    </value>
                </processMetadataValues>
                <processMetadataValues>
                    <name>leftHandSideType</name>
                    <value>
                        <stringValue>Date</stringValue>
                    </value>
                </processMetadataValues>
                <processMetadataValues>
                    <name>operatorDataType</name>
                    <value>
                        <stringValue>Date</stringValue>
                    </value>
                </processMetadataValues>
                <processMetadataValues>
                    <name>rightHandSideType</name>
                    <value>
                        <stringValue>Formula</stringValue>
                    </value>
                </processMetadataValues>
                <leftValueReference>myVariable_current.End_Date__c</leftValueReference>
                <operator>LessThanOrEqualTo</operator>
                <rightValue>
                    <elementReference>formula_3_myRule_1_3989825493</elementReference>
                </rightValue>
            </conditions>
            <connector>
                <targetReference>myRule_1_A1</targetReference>
            </connector>
            <label>If Terms is 8 to 10 years</label>
        </rules>
    </decisions>
    <decisions>
        <processMetadataValues>
            <name>index</name>
            <value>
                <numberValue>1.0</numberValue>
            </value>
        </processMetadataValues>
        <name>myDecision5</name>
        <label>myDecision5</label>
        <locationX>50</locationX>
        <locationY>0</locationY>
        <defaultConnectorLabel>default</defaultConnectorLabel>
        <rules>
            <name>myRule_6</name>
            <conditionLogic>and</conditionLogic>
            <conditions>
                <processMetadataValues>
                    <name>inputDataType</name>
                    <value>
                        <stringValue>Date</stringValue>
                    </value>
                </processMetadataValues>
                <processMetadataValues>
                    <name>leftHandSideType</name>
                    <value>
                        <stringValue>Date</stringValue>
                    </value>
                </processMetadataValues>
                <processMetadataValues>
                    <name>operatorDataType</name>
                    <value>
                        <stringValue>Date</stringValue>
                    </value>
                </processMetadataValues>
                <processMetadataValues>
                    <name>rightHandSideType</name>
                    <value>
                        <stringValue>Formula</stringValue>
                    </value>
                </processMetadataValues>
                <leftValueReference>myVariable_current.End_Date__c</leftValueReference>
                <operator>GreaterThanOrEqualTo</operator>
                <rightValue>
                    <elementReference>formula_7_myRule_6_1267893728</elementReference>
                </rightValue>
            </conditions>
            <conditions>
                <processMetadataValues>
                    <name>inputDataType</name>
                    <value>
                        <stringValue>Date</stringValue>
                    </value>
                </processMetadataValues>
                <processMetadataValues>
                    <name>leftHandSideType</name>
                    <value>
                        <stringValue>Date</stringValue>
                    </value>
                </processMetadataValues>
                <processMetadataValues>
                    <name>operatorDataType</name>
                    <value>
                        <stringValue>Date</stringValue>
                    </value>
                </processMetadataValues>
                <processMetadataValues>
                    <name>rightHandSideType</name>
                    <value>
                        <stringValue>Formula</stringValue>
                    </value>
                </processMetadataValues>
                <leftValueReference>myVariable_current.End_Date__c</leftValueReference>
                <operator>LessThan</operator>
                <rightValue>
                    <elementReference>formula_8_myRule_6_8185324335</elementReference>
                </rightValue>
            </conditions>
            <connector>
                <targetReference>myRule_6_A1</targetReference>
            </connector>
            <label>If Terms is 5 to 8 years</label>
        </rules>
    </decisions>
    <description>Discount of 20% should be applied if tenure is between 8 to 10 years whereas 10 % discount to applied when tenure is between 5 to 8 yrs.</description>
    <formulas>
        <processMetadataValues>
            <name>originalFormula</name>
            <value>
                <stringValue>ADDMONTHS([Contract__c].Start_Date__c  , 96)</stringValue>
            </value>
        </processMetadataValues>
        <name>formula_2_myRule_1_0338657622</name>
        <dataType>Date</dataType>
        <expression>ADDMONTHS({!myVariable_current.Start_Date__c}  , 96)</expression>
    </formulas>
    <formulas>
        <processMetadataValues>
            <name>originalFormula</name>
            <value>
                <stringValue>ADDMONTHS([Contract__c].Start_Date__c ,120)</stringValue>
            </value>
        </processMetadataValues>
        <name>formula_3_myRule_1_3989825493</name>
        <dataType>Date</dataType>
        <expression>ADDMONTHS({!myVariable_current.Start_Date__c} ,120)</expression>
    </formulas>
    <formulas>
        <processMetadataValues>
            <name>originalFormula</name>
            <value>
                <stringValue>[Contract__c].Price__c - ([Contract__c].Price__c * ([Contract__c].Discount__c / 100) )</stringValue>
            </value>
        </processMetadataValues>
        <name>formula_4_myRule_1_A1_8551753744</name>
        <dataType>Currency</dataType>
        <expression>{!myVariable_current.Price__c} - ({!myVariable_current.Price__c} * ({!myVariable_current.Discount__c} / 100) )</expression>
        <scale>18</scale>
    </formulas>
    <formulas>
        <processMetadataValues>
            <name>originalFormula</name>
            <value>
                <stringValue>ADDMONTHS([Contract__c].Start_Date__c  , 60)</stringValue>
            </value>
        </processMetadataValues>
        <name>formula_7_myRule_6_1267893728</name>
        <dataType>Date</dataType>
        <expression>ADDMONTHS({!myVariable_current.Start_Date__c}  , 60)</expression>
    </formulas>
    <formulas>
        <processMetadataValues>
            <name>originalFormula</name>
            <value>
                <stringValue>ADDMONTHS([Contract__c].Start_Date__c , 96)</stringValue>
            </value>
        </processMetadataValues>
        <name>formula_8_myRule_6_8185324335</name>
        <dataType>Date</dataType>
        <expression>ADDMONTHS({!myVariable_current.Start_Date__c} , 96)</expression>
    </formulas>
    <formulas>
        <processMetadataValues>
            <name>originalFormula</name>
            <value>
                <stringValue>[Contract__c].Price__c - ([Contract__c].Price__c * ([Contract__c].Discount__c / 100) )</stringValue>
            </value>
        </processMetadataValues>
        <name>formula_9_myRule_6_A1_6509216548</name>
        <dataType>Currency</dataType>
        <expression>{!myVariable_current.Price__c} - ({!myVariable_current.Price__c} * ({!myVariable_current.Discount__c} / 100) )</expression>
        <scale>18</scale>
    </formulas>
    <interviewLabel>Discount_applies_on_Very_Long_Terms-3_InterviewLabel</interviewLabel>
    <label>Discount applies on Very Long Terms</label>
    <processMetadataValues>
        <name>ObjectType</name>
        <value>
            <stringValue>Contract__c</stringValue>
        </value>
    </processMetadataValues>
    <processMetadataValues>
        <name>ObjectVariable</name>
        <value>
            <elementReference>myVariable_current</elementReference>
        </value>
    </processMetadataValues>
    <processMetadataValues>
        <name>OldObjectVariable</name>
        <value>
            <elementReference>myVariable_old</elementReference>
        </value>
    </processMetadataValues>
    <processMetadataValues>
        <name>TriggerType</name>
        <value>
            <stringValue>onAllChanges</stringValue>
        </value>
    </processMetadataValues>
    <processType>Workflow</processType>
    <recordUpdates>
        <processMetadataValues>
            <name>evaluationType</name>
            <value>
                <stringValue>always</stringValue>
            </value>
        </processMetadataValues>
        <processMetadataValues>
            <name>extraTypeInfo</name>
        </processMetadataValues>
        <processMetadataValues>
            <name>isChildRelationship</name>
            <value>
                <booleanValue>false</booleanValue>
            </value>
        </processMetadataValues>
        <processMetadataValues>
            <name>reference</name>
            <value>
                <stringValue>[Contract__c]</stringValue>
            </value>
        </processMetadataValues>
        <processMetadataValues>
            <name>referenceTargetField</name>
        </processMetadataValues>
        <name>myRule_1_A1</name>
        <label>Discount to 20%</label>
        <locationX>100</locationX>
        <locationY>200</locationY>
        <filterLogic>and</filterLogic>
        <filters>
            <processMetadataValues>
                <name>implicit</name>
                <value>
                    <booleanValue>true</booleanValue>
                </value>
            </processMetadataValues>
            <field>Id</field>
            <operator>EqualTo</operator>
            <value>
                <elementReference>myVariable_current.Id</elementReference>
            </value>
        </filters>
        <inputAssignments>
            <processMetadataValues>
                <name>dataType</name>
                <value>
                    <stringValue>Number</stringValue>
                </value>
            </processMetadataValues>
            <processMetadataValues>
                <name>isRequired</name>
                <value>
                    <booleanValue>false</booleanValue>
                </value>
            </processMetadataValues>
            <processMetadataValues>
                <name>leftHandSideLabel</name>
                <value>
                    <stringValue>Discount</stringValue>
                </value>
            </processMetadataValues>
            <processMetadataValues>
                <name>leftHandSideReferenceTo</name>
                <value>
                    <stringValue></stringValue>
                </value>
            </processMetadataValues>
            <processMetadataValues>
                <name>rightHandSideType</name>
                <value>
                    <stringValue>Number</stringValue>
                </value>
            </processMetadataValues>
            <field>Discount__c</field>
            <value>
                <numberValue>20.0</numberValue>
            </value>
        </inputAssignments>
        <inputAssignments>
            <processMetadataValues>
                <name>dataType</name>
                <value>
                    <stringValue>Currency</stringValue>
                </value>
            </processMetadataValues>
            <processMetadataValues>
                <name>isRequired</name>
                <value>
                    <booleanValue>false</booleanValue>
                </value>
            </processMetadataValues>
            <processMetadataValues>
                <name>leftHandSideLabel</name>
                <value>
                    <stringValue>Price</stringValue>
                </value>
            </processMetadataValues>
            <processMetadataValues>
                <name>leftHandSideReferenceTo</name>
                <value>
                    <stringValue></stringValue>
                </value>
            </processMetadataValues>
            <processMetadataValues>
                <name>rightHandSideType</name>
                <value>
                    <stringValue>Formula</stringValue>
                </value>
            </processMetadataValues>
            <field>Price__c</field>
            <value>
                <elementReference>formula_4_myRule_1_A1_8551753744</elementReference>
            </value>
        </inputAssignments>
        <object>Contract__c</object>
    </recordUpdates>
    <recordUpdates>
        <processMetadataValues>
            <name>evaluationType</name>
            <value>
                <stringValue>always</stringValue>
            </value>
        </processMetadataValues>
        <processMetadataValues>
            <name>extraTypeInfo</name>
        </processMetadataValues>
        <processMetadataValues>
            <name>isChildRelationship</name>
            <value>
                <booleanValue>false</booleanValue>
            </value>
        </processMetadataValues>
        <processMetadataValues>
            <name>reference</name>
            <value>
                <stringValue>[Contract__c]</stringValue>
            </value>
        </processMetadataValues>
        <processMetadataValues>
            <name>referenceTargetField</name>
        </processMetadataValues>
        <name>myRule_6_A1</name>
        <label>Discount to 10%</label>
        <locationX>600</locationX>
        <locationY>200</locationY>
        <filterLogic>and</filterLogic>
        <filters>
            <processMetadataValues>
                <name>implicit</name>
                <value>
                    <booleanValue>true</booleanValue>
                </value>
            </processMetadataValues>
            <field>Id</field>
            <operator>EqualTo</operator>
            <value>
                <elementReference>myVariable_current.Id</elementReference>
            </value>
        </filters>
        <inputAssignments>
            <processMetadataValues>
                <name>dataType</name>
                <value>
                    <stringValue>Number</stringValue>
                </value>
            </processMetadataValues>
            <processMetadataValues>
                <name>isRequired</name>
                <value>
                    <booleanValue>false</booleanValue>
                </value>
            </processMetadataValues>
            <processMetadataValues>
                <name>leftHandSideLabel</name>
                <value>
                    <stringValue>Discount</stringValue>
                </value>
            </processMetadataValues>
            <processMetadataValues>
                <name>leftHandSideReferenceTo</name>
                <value>
                    <stringValue></stringValue>
                </value>
            </processMetadataValues>
            <processMetadataValues>
                <name>rightHandSideType</name>
                <value>
                    <stringValue>Number</stringValue>
                </value>
            </processMetadataValues>
            <field>Discount__c</field>
            <value>
                <numberValue>10.0</numberValue>
            </value>
        </inputAssignments>
        <inputAssignments>
            <processMetadataValues>
                <name>dataType</name>
                <value>
                    <stringValue>Currency</stringValue>
                </value>
            </processMetadataValues>
            <processMetadataValues>
                <name>isRequired</name>
                <value>
                    <booleanValue>false</booleanValue>
                </value>
            </processMetadataValues>
            <processMetadataValues>
                <name>leftHandSideLabel</name>
                <value>
                    <stringValue>Price</stringValue>
                </value>
            </processMetadataValues>
            <processMetadataValues>
                <name>leftHandSideReferenceTo</name>
                <value>
                    <stringValue></stringValue>
                </value>
            </processMetadataValues>
            <processMetadataValues>
                <name>rightHandSideType</name>
                <value>
                    <stringValue>Formula</stringValue>
                </value>
            </processMetadataValues>
            <field>Price__c</field>
            <value>
                <elementReference>formula_9_myRule_6_A1_6509216548</elementReference>
            </value>
        </inputAssignments>
        <object>Contract__c</object>
    </recordUpdates>
    <startElementReference>myDecision</startElementReference>
    <status>Active</status>
    <variables>
        <name>myVariable_current</name>
        <dataType>SObject</dataType>
        <isCollection>false</isCollection>
        <isInput>true</isInput>
        <isOutput>true</isOutput>
        <objectType>Contract__c</objectType>
    </variables>
    <variables>
        <name>myVariable_old</name>
        <dataType>SObject</dataType>
        <isCollection>false</isCollection>
        <isInput>true</isInput>
        <isOutput>false</isOutput>
        <objectType>Contract__c</objectType>
    </variables>
</Flow>
