{
  "status": 0,
  "result": [
    {
      "createdById": "0055i000005405uAAA",
      "createdByName": "Edsel Lita",
      "createdDate": "2022-08-11T10:24:42.000Z",
      "fileName": "triggers/DontDeleteFlaggedBillTrigger.trigger",
      "fullName": "DontDeleteFlaggedBillTrigger",
      "id": "01q5i000000UIUqAAO",
      "lastModifiedById": "0055i000005405uAAA",
      "lastModifiedByName": "Edsel Lita",
      "lastModifiedDate": "2022-08-11T10:25:00.000Z",
      "manageableState": "unmanaged",
      "type": "ApexTrigger"
    },
    {
      "createdById": "0055i000005405uAAA",
      "createdByName": "Edsel Lita",
      "createdDate": "2022-08-11T10:23:57.000Z",
      "fileName": "triggers/DontDeleteFlaggedPassbookTrigger.trigger",
      "fullName": "DontDeleteFlaggedPassbookTrigger",
      "id": "01q5i000000UIUlAAO",
      "lastModifiedById": "0055i000005405uAAA",
      "lastModifiedByName": "Edsel Lita",
      "lastModifiedDate": "2022-08-11T10:24:23.000Z",
      "manageableState": "unmanaged",
      "type": "ApexTrigger"
    },
    {
      "createdById": "0055i000005405uAAA",
      "createdByName": "Edsel Lita",
      "createdDate": "2022-08-11T10:19:53.000Z",
      "fileName": "triggers/DontDeleteFlaggedWalletTrigger.trigger",
      "fullName": "DontDeleteFlaggedWalletTrigger",
      "id": "01q5i000000UIUbAAO",
      "lastModifiedById": "0055i000005405uAAA",
      "lastModifiedByName": "Edsel Lita",
      "lastModifiedDate": "2022-08-11T10:23:22.000Z",
      "manageableState": "unmanaged",
      "type": "ApexTrigger"
    }
  ]
}