{
  "status": 0,
  "result": [
    {
      "createdById": "0055i000005405uAAA",
      "createdByName": "Edsel Lita",
      "createdDate": "2022-08-02T03:41:32.000Z",
      "fileName": "tabs/Passbook__c.tab",
      "fullName": "Passbook__c",
      "id": "01r5i000000tShBAAU",
      "lastModifiedById": "0055i000005405uAAA",
      "lastModifiedByName": "Edsel Lita",
      "lastModifiedDate": "2022-08-02T03:41:32.000Z",
      "manageableState": "unmanaged",
      "type": "CustomTab"
    },
    {
      "createdById": "0055i000005405uAAA",
      "createdByName": "Edsel Lita",
      "createdDate": "2022-08-02T03:55:26.000Z",
      "fileName": "tabs/Bill__c.tab",
      "fullName": "Bill__c",
      "id": "01r5i000000tShkAAE",
      "lastModifiedById": "0055i000005405uAAA",
      "lastModifiedByName": "Edsel Lita",
      "lastModifiedDate": "2022-08-02T03:55:26.000Z",
      "manageableState": "unmanaged",
      "type": "CustomTab"
    },
    {
      "createdById": "0055i000005405uAAA",
      "createdByName": "Edsel Lita",
      "createdDate": "2022-08-02T03:51:49.000Z",
      "fileName": "tabs/Pal__c.tab",
      "fullName": "Pal__c",
      "id": "01r5i000000tShfAAE",
      "lastModifiedById": "0055i000005405uAAA",
      "lastModifiedByName": "Edsel Lita",
      "lastModifiedDate": "2022-08-02T03:51:49.000Z",
      "manageableState": "unmanaged",
      "type": "CustomTab"
    },
    {
      "createdById": "0055i000005405uAAA",
      "createdByName": "Edsel Lita",
      "createdDate": "2022-08-02T03:56:15.000Z",
      "fileName": "tabs/Card__c.tab",
      "fullName": "Card__c",
      "id": "01r5i000000tShuAAE",
      "lastModifiedById": "0055i000005405uAAA",
      "lastModifiedByName": "Edsel Lita",
      "lastModifiedDate": "2022-08-02T03:56:15.000Z",
      "manageableState": "unmanaged",
      "type": "CustomTab"
    },
    {
      "createdById": "0055i000005405uAAA",
      "createdByName": "Edsel Lita",
      "createdDate": "2022-08-02T03:46:35.000Z",
      "fileName": "tabs/Wallet__c.tab",
      "fullName": "Wallet__c",
      "id": "01r5i000000tShLAAU",
      "lastModifiedById": "0055i000005405uAAA",
      "lastModifiedByName": "Edsel Lita",
      "lastModifiedDate": "2022-08-02T03:46:35.000Z",
      "manageableState": "unmanaged",
      "type": "CustomTab"
    },
    {
      "createdById": "0055i000005405uAAA",
      "createdByName": "Edsel Lita",
      "createdDate": "2022-08-02T11:30:55.000Z",
      "fileName": "tabs/PayPal_User__c.tab",
      "fullName": "PayPal_User__c",
      "id": "01r5i000000tT5DAAU",
      "lastModifiedById": "0055i000005405uAAA",
      "lastModifiedByName": "Edsel Lita",
      "lastModifiedDate": "2022-08-02T11:30:55.000Z",
      "manageableState": "unmanaged",
      "type": "CustomTab"
    }
  ]
}