{
  "status": 0,
  "result": [
    {
      "createdById": "0055i000005405uAAA",
      "createdByName": "Edsel Lita",
      "createdDate": "2022-08-01T14:48:47.000Z",
      "fileName": "applications/standard__LightningBolt.app",
      "fullName": "standard__LightningBolt",
      "id": "02u5i000000ddkeAAA",
      "lastModifiedById": "0055i000005405uAAA",
      "lastModifiedByName": "Edsel Lita",
      "lastModifiedDate": "2022-08-01T14:48:47.000Z",
      "manageableState": "unmanaged",
      "namespacePrefix": "standard",
      "type": "CustomApplication"
    },
    {
      "createdById": "0055i000005405uAAA",
      "createdByName": "Edsel Lita",
      "createdDate": "2022-08-01T14:44:31.000Z",
      "fileName": "applications/standard__Service.app",
      "fullName": "standard__Service",
      "id": "02u5i000002FvclAAC",
      "lastModifiedById": "0055i000005405uAAA",
      "lastModifiedByName": "Edsel Lita",
      "lastModifiedDate": "2022-08-01T14:44:31.000Z",
      "manageableState": "unmanaged",
      "namespacePrefix": "standard",
      "type": "CustomApplication"
    },
    {
      "createdById": "0055i000005405uAAA",
      "createdByName": "Edsel Lita",
      "createdDate": "2022-08-01T14:44:31.000Z",
      "fileName": "applications/standard__SalesforceCMS.app",
      "fullName": "standard__SalesforceCMS",
      "id": "02u5i000002FvcjAAC",
      "lastModifiedById": "0055i000005405uAAA",
      "lastModifiedByName": "Edsel Lita",
      "lastModifiedDate": "2022-08-01T14:44:31.000Z",
      "manageableState": "unmanaged",
      "namespacePrefix": "standard",
      "type": "CustomApplication"
    },
    {
      "createdById": "0055i000005405uAAA",
      "createdByName": "Edsel Lita",
      "createdDate": "2022-08-01T14:44:31.000Z",
      "fileName": "applications/standard__AppLauncher.app",
      "fullName": "standard__AppLauncher",
      "id": "02u5i000002FvcrAAC",
      "lastModifiedById": "0055i000005405uAAA",
      "lastModifiedByName": "Edsel Lita",
      "lastModifiedDate": "2022-08-01T14:44:31.000Z",
      "manageableState": "unmanaged",
      "namespacePrefix": "standard",
      "type": "CustomApplication"
    },
    {
      "createdById": "0055i000005405uAAA",
      "createdByName": "Edsel Lita",
      "createdDate": "2022-08-01T14:44:31.000Z",
      "fileName": "applications/standard__Chatter.app",
      "fullName": "standard__Chatter",
      "id": "02u5i000002FvcuAAC",
      "lastModifiedById": "0055i000005405uAAA",
      "lastModifiedByName": "Edsel Lita",
      "lastModifiedDate": "2022-08-01T14:44:31.000Z",
      "manageableState": "unmanaged",
      "namespacePrefix": "standard",
      "type": "CustomApplication"
    },
    {
      "createdById": "0055i000005405uAAA",
      "createdByName": "Edsel Lita",
      "createdDate": "2022-08-01T14:44:31.000Z",
      "fileName": "applications/standard__QueueManagement.app",
      "fullName": "standard__QueueManagement",
      "id": "02u5i000002FvcdAAC",
      "lastModifiedById": "0055i000005405uAAA",
      "lastModifiedByName": "Edsel Lita",
      "lastModifiedDate": "2022-08-01T14:44:31.000Z",
      "manageableState": "unmanaged",
      "namespacePrefix": "standard",
      "type": "CustomApplication"
    },
    {
      "createdById": "0055i000005405uAAA",
      "createdByName": "Edsel Lita",
      "createdDate": "2022-08-01T14:44:31.000Z",
      "fileName": "applications/standard__Content.app",
      "fullName": "standard__Content",
      "id": "02u5i000002FvcZAAS",
      "lastModifiedById": "0055i000005405uAAA",
      "lastModifiedByName": "Edsel Lita",
      "lastModifiedDate": "2022-08-01T14:44:31.000Z",
      "manageableState": "unmanaged",
      "namespacePrefix": "standard",
      "type": "CustomApplication"
    },
    {
      "createdById": "0055i000005405uAAA",
      "createdByName": "Edsel Lita",
      "createdDate": "2022-08-01T14:44:31.000Z",
      "fileName": "applications/standard__AllTabSet.app",
      "fullName": "standard__AllTabSet",
      "id": "02u5i000002FvcfAAC",
      "lastModifiedById": "0055i000005405uAAA",
      "lastModifiedByName": "Edsel Lita",
      "lastModifiedDate": "2022-08-01T14:44:31.000Z",
      "manageableState": "unmanaged",
      "namespacePrefix": "standard",
      "type": "CustomApplication"
    },
    {
      "createdById": "0055i000005405uAAA",
      "createdByName": "Edsel Lita",
      "createdDate": "2022-08-01T14:44:31.000Z",
      "fileName": "applications/standard__Sites.app",
      "fullName": "standard__Sites",
      "id": "02u5i000002FvctAAC",
      "lastModifiedById": "0055i000005405uAAA",
      "lastModifiedByName": "Edsel Lita",
      "lastModifiedDate": "2022-08-01T14:44:31.000Z",
      "manageableState": "unmanaged",
      "namespacePrefix": "standard",
      "type": "CustomApplication"
    },
    {
      "createdById": "0055i000005405uAAA",
      "createdByName": "Edsel Lita",
      "createdDate": "2022-08-01T14:44:31.000Z",
      "fileName": "applications/standard__Insights.app",
      "fullName": "standard__Insights",
      "id": "02u5i000002Fvd2AAC",
      "lastModifiedById": "0055i000005405uAAA",
      "lastModifiedByName": "Edsel Lita",
      "lastModifiedDate": "2022-08-01T14:44:31.000Z",
      "manageableState": "unmanaged",
      "namespacePrefix": "standard",
      "type": "CustomApplication"
    },
    {
      "createdById": "0055i000005405uAAA",
      "createdByName": "Edsel Lita",
      "createdDate": "2022-08-01T14:44:31.000Z",
      "fileName": "applications/standard__LightningSalesConsole.app",
      "fullName": "standard__LightningSalesConsole",
      "id": "02u5i000002Fvd0AAC",
      "lastModifiedById": "0055i000005405uAAA",
      "lastModifiedByName": "Edsel Lita",
      "lastModifiedDate": "2022-08-01T14:44:31.000Z",
      "manageableState": "unmanaged",
      "namespacePrefix": "standard",
      "type": "CustomApplication"
    },
    {
      "createdById": "0055i000005405uAAA",
      "createdByName": "Edsel Lita",
      "createdDate": "2022-08-01T14:44:31.000Z",
      "fileName": "applications/standard__LightningInstrumentation.app",
      "fullName": "standard__LightningInstrumentation",
      "id": "02u5i000002Fvd3AAC",
      "lastModifiedById": "0055i000005405uAAA",
      "lastModifiedByName": "Edsel Lita",
      "lastModifiedDate": "2022-08-01T14:44:31.000Z",
      "manageableState": "unmanaged",
      "namespacePrefix": "standard",
      "type": "CustomApplication"
    },
    {
      "createdById": "0055i000005405uAAA",
      "createdByName": "Edsel Lita",
      "createdDate": "2022-08-01T14:44:31.000Z",
      "fileName": "applications/standard__Community.app",
      "fullName": "standard__Community",
      "id": "02u5i000002FvcsAAC",
      "lastModifiedById": "0055i000005405uAAA",
      "lastModifiedByName": "Edsel Lita",
      "lastModifiedDate": "2022-08-01T14:44:31.000Z",
      "manageableState": "unmanaged",
      "namespacePrefix": "standard",
      "type": "CustomApplication"
    },
    {
      "createdById": "0055i000005405uAAA",
      "createdByName": "Edsel Lita",
      "createdDate": "2022-08-01T14:44:31.000Z",
      "fileName": "applications/standard__ServiceConsole.app",
      "fullName": "standard__ServiceConsole",
      "id": "02u5i000002FvcnAAC",
      "lastModifiedById": "0055i000005405uAAA",
      "lastModifiedByName": "Edsel Lita",
      "lastModifiedDate": "2022-08-01T14:44:31.000Z",
      "manageableState": "unmanaged",
      "namespacePrefix": "standard",
      "type": "CustomApplication"
    },
    {
      "createdById": "0055i000005405uAAA",
      "createdByName": "Edsel Lita",
      "createdDate": "2022-08-01T14:44:31.000Z",
      "fileName": "applications/standard__Marketing.app",
      "fullName": "standard__Marketing",
      "id": "02u5i000002FvcmAAC",
      "lastModifiedById": "0055i000005405uAAA",
      "lastModifiedByName": "Edsel Lita",
      "lastModifiedDate": "2022-08-01T14:44:31.000Z",
      "manageableState": "unmanaged",
      "namespacePrefix": "standard",
      "type": "CustomApplication"
    },
    {
      "createdById": "0055i000005405uAAA",
      "createdByName": "Edsel Lita",
      "createdDate": "2022-08-01T14:48:27.000Z",
      "fileName": "applications/standard__LightningScheduler.app",
      "fullName": "standard__LightningScheduler",
      "id": "02u5i000000ddkdAAA",
      "lastModifiedById": "0055i000005405uAAA",
      "lastModifiedByName": "Edsel Lita",
      "lastModifiedDate": "2022-08-01T14:48:27.000Z",
      "manageableState": "unmanaged",
      "namespacePrefix": "standard",
      "type": "CustomApplication"
    },
    {
      "createdById": "0055i000005405uAAA",
      "createdByName": "Edsel Lita",
      "createdDate": "2022-08-01T14:44:31.000Z",
      "fileName": "applications/standard__Sales.app",
      "fullName": "standard__Sales",
      "id": "02u5i000002FvcaAAC",
      "lastModifiedById": "0055i000005405uAAA",
      "lastModifiedByName": "Edsel Lita",
      "lastModifiedDate": "2022-08-01T14:44:31.000Z",
      "manageableState": "unmanaged",
      "namespacePrefix": "standard",
      "type": "CustomApplication"
    },
    {
      "createdById": "0055i000005405uAAA",
      "createdByName": "Edsel Lita",
      "createdDate": "2022-08-01T14:44:31.000Z",
      "fileName": "applications/standard__LightningService.app",
      "fullName": "standard__LightningService",
      "id": "02u5i000002FvczAAC",
      "lastModifiedById": "0055i000005405uAAA",
      "lastModifiedByName": "Edsel Lita",
      "lastModifiedDate": "2022-08-01T14:44:31.000Z",
      "manageableState": "unmanaged",
      "namespacePrefix": "standard",
      "type": "CustomApplication"
    },
    {
      "createdById": "0055i000005405uAAA",
      "createdByName": "Edsel Lita",
      "createdDate": "2022-08-01T14:44:31.000Z",
      "fileName": "applications/standard__DataManager.app",
      "fullName": "standard__DataManager",
      "id": "02u5i000002FvciAAC",
      "lastModifiedById": "0055i000005405uAAA",
      "lastModifiedByName": "Edsel Lita",
      "lastModifiedDate": "2022-08-01T14:44:31.000Z",
      "manageableState": "unmanaged",
      "namespacePrefix": "standard",
      "type": "CustomApplication"
    },
    {
      "createdById": "0055i000005405uAAA",
      "createdByName": "Edsel Lita",
      "createdDate": "2022-08-01T14:44:31.000Z",
      "fileName": "applications/standard__LightningSales.app",
      "fullName": "standard__LightningSales",
      "id": "02u5i000002Fvd1AAC",
      "lastModifiedById": "0055i000005405uAAA",
      "lastModifiedByName": "Edsel Lita",
      "lastModifiedDate": "2022-08-01T14:44:31.000Z",
      "manageableState": "unmanaged",
      "namespacePrefix": "standard",
      "type": "CustomApplication"
    },
    {
      "createdById": "0055i000005405uAAA",
      "createdByName": "Edsel Lita",
      "createdDate": "2022-08-02T03:19:32.000Z",
      "fileName": "applications/Paypal_Clone.app",
      "fullName": "Paypal_Clone",
      "id": "02u5i000000de7pAAA",
      "lastModifiedById": "0055i000005405uAAA",
      "lastModifiedByName": "Edsel Lita",
      "lastModifiedDate": "2022-08-02T03:19:32.000Z",
      "manageableState": "unmanaged",
      "type": "CustomApplication"
    },
    {
      "createdById": "0055i000005405uAAA",
      "createdByName": "Edsel Lita",
      "createdDate": "2022-08-01T14:44:31.000Z",
      "fileName": "applications/standard__Platform.app",
      "fullName": "standard__Platform",
      "id": "02u5i000002FvckAAC",
      "lastModifiedById": "0055i000005405uAAA",
      "lastModifiedByName": "Edsel Lita",
      "lastModifiedDate": "2022-08-01T14:44:31.000Z",
      "manageableState": "unmanaged",
      "namespacePrefix": "standard",
      "type": "CustomApplication"
    }
  ]
}