{
  "status": 0,
  "result": [
    {
      "createdById": "0055i000005405uAAA",
      "createdByName": "Edsel Lita",
      "createdDate": "1970-01-01T00:00:00.000Z",
      "fileName": "objectTranslations/Bill__c-en_US.objectTranslation",
      "fullName": "Bill__c-en_US",
      "id": "",
      "lastModifiedById": "0055i000005405uAAA",
      "lastModifiedByName": "Edsel Lita",
      "lastModifiedDate": "1970-01-01T00:00:00.000Z",
      "namespacePrefix": "",
      "type": "CustomObjectTranslation"
    },
    {
      "createdById": "0055i000005405uAAA",
      "createdByName": "Edsel Lita",
      "createdDate": "1970-01-01T00:00:00.000Z",
      "fileName": "objectTranslations/Card__c-en_US.objectTranslation",
      "fullName": "Card__c-en_US",
      "id": "",
      "lastModifiedById": "0055i000005405uAAA",
      "lastModifiedByName": "Edsel Lita",
      "lastModifiedDate": "1970-01-01T00:00:00.000Z",
      "namespacePrefix": "",
      "type": "CustomObjectTranslation"
    },
    {
      "createdById": "0055i000005405uAAA",
      "createdByName": "Edsel Lita",
      "createdDate": "1970-01-01T00:00:00.000Z",
      "fileName": "objectTranslations/Wallet__c-en_US.objectTranslation",
      "fullName": "Wallet__c-en_US",
      "id": "",
      "lastModifiedById": "0055i000005405uAAA",
      "lastModifiedByName": "Edsel Lita",
      "lastModifiedDate": "1970-01-01T00:00:00.000Z",
      "namespacePrefix": "",
      "type": "CustomObjectTranslation"
    },
    {
      "createdById": "0055i000005405uAAA",
      "createdByName": "Edsel Lita",
      "createdDate": "1970-01-01T00:00:00.000Z",
      "fileName": "objectTranslations/Passbook__c-en_US.objectTranslation",
      "fullName": "Passbook__c-en_US",
      "id": "",
      "lastModifiedById": "0055i000005405uAAA",
      "lastModifiedByName": "Edsel Lita",
      "lastModifiedDate": "1970-01-01T00:00:00.000Z",
      "namespacePrefix": "",
      "type": "CustomObjectTranslation"
    },
    {
      "createdById": "0055i000005405uAAA",
      "createdByName": "Edsel Lita",
      "createdDate": "1970-01-01T00:00:00.000Z",
      "fileName": "objectTranslations/Pal__c-en_US.objectTranslation",
      "fullName": "Pal__c-en_US",
      "id": "",
      "lastModifiedById": "0055i000005405uAAA",
      "lastModifiedByName": "Edsel Lita",
      "lastModifiedDate": "1970-01-01T00:00:00.000Z",
      "namespacePrefix": "",
      "type": "CustomObjectTranslation"
    },
    {
      "createdById": "0055i000005405uAAA",
      "createdByName": "Edsel Lita",
      "createdDate": "1970-01-01T00:00:00.000Z",
      "fileName": "objectTranslations/PayPal_User__c-en_US.objectTranslation",
      "fullName": "PayPal_User__c-en_US",
      "id": "",
      "lastModifiedById": "0055i000005405uAAA",
      "lastModifiedByName": "Edsel Lita",
      "lastModifiedDate": "1970-01-01T00:00:00.000Z",
      "namespacePrefix": "",
      "type": "CustomObjectTranslation"
    }
  ]
}