{
  "status": 0,
  "result": [
    {
      "createdById": "0055i000005405uAAA",
      "createdByName": "Edsel Lita",
      "createdDate": "2022-08-01T14:44:31.000Z",
      "fileName": "flexipages/LightningSalesConsole_UtilityBar.flexipage",
      "fullName": "LightningSalesConsole_UtilityBar",
      "id": "0M05i000004ztSnCAI",
      "lastModifiedById": "0055i000005405uAAA",
      "lastModifiedByName": "Edsel Lita",
      "lastModifiedDate": "2022-08-01T14:44:31.000Z",
      "manageableState": "unmanaged",
      "type": "FlexiPage"
    },
    {
      "createdById": "0055i000005405uAAA",
      "createdByName": "Edsel Lita",
      "createdDate": "2022-08-02T03:19:32.000Z",
      "fileName": "flexipages/Paypal_Clone_UtilityBar.flexipage",
      "fullName": "Paypal_Clone_UtilityBar",
      "id": "0M05i000004zxWZCAY",
      "lastModifiedById": "0055i000005405uAAA",
      "lastModifiedByName": "Edsel Lita",
      "lastModifiedDate": "2022-08-02T03:19:32.000Z",
      "manageableState": "unmanaged",
      "type": "FlexiPage"
    },
    {
      "createdById": "0055i000005405uAAA",
      "createdByName": "Edsel Lita",
      "createdDate": "2022-08-01T14:44:31.000Z",
      "fileName": "flexipages/LightningService_UtilityBar.flexipage",
      "fullName": "LightningService_UtilityBar",
      "id": "0M05i000004ztSmCAI",
      "lastModifiedById": "0055i000005405uAAA",
      "lastModifiedByName": "Edsel Lita",
      "lastModifiedDate": "2022-08-01T14:44:31.000Z",
      "manageableState": "unmanaged",
      "type": "FlexiPage"
    }
  ]
}