{
  "status": 0,
  "result": [
    {
      "createdById": "0055i000005405uAAA",
      "createdByName": "Edsel Lita",
      "createdDate": "2022-08-11T09:39:38.000Z",
      "fileName": "flowDefinitions/Compute_Total_Spend.flowDefinition",
      "fullName": "Compute_Total_Spend",
      "id": "3005i000000oyn9AAA",
      "lastModifiedById": "0055i000005405uAAA",
      "lastModifiedByName": "Edsel Lita",
      "lastModifiedDate": "2022-08-11T09:41:04.000Z",
      "manageableState": "unmanaged",
      "type": "FlowDefinition"
    },
    {
      "createdById": "0055i000005405uAAA",
      "createdByName": "Edsel Lita",
      "createdDate": "2022-08-02T08:44:50.000Z",
      "fileName": "flowDefinitions/Accumulate_Total_Spend_of_User.flowDefinition",
      "fullName": "Accumulate_Total_Spend_of_User",
      "id": "3005i000000ovOjAAI",
      "lastModifiedById": "0055i000005405uAAA",
      "lastModifiedByName": "Edsel Lita",
      "lastModifiedDate": "2022-08-02T08:47:28.000Z",
      "manageableState": "unmanaged",
      "type": "FlowDefinition"
    }
  ]
}