{
  "status": 0,
  "result": [
    {
      "createdById": "0055i000005405uAAA",
      "createdByName": "Edsel Lita",
      "createdDate": "2022-08-11T09:40:58.000Z",
      "fileName": "flows/Compute_Total_Spend.flow",
      "fullName": "Compute_Total_Spend",
      "id": "3015i000000I8mXAAS",
      "lastModifiedById": "0055i000005405uAAA",
      "lastModifiedByName": "Edsel Lita",
      "lastModifiedDate": "2022-08-11T09:41:04.000Z",
      "manageableState": "unmanaged",
      "type": "Flow"
    },
    {
      "createdById": "0055i000005405uAAA",
      "createdByName": "Edsel Lita",
      "createdDate": "2022-08-02T08:47:27.000Z",
      "fileName": "flows/Accumulate_Total_Spend_of_User.flow",
      "fullName": "Accumulate_Total_Spend_of_User",
      "id": "3015i000000I083AAC",
      "lastModifiedById": "0055i000005405uAAA",
      "lastModifiedByName": "Edsel Lita",
      "lastModifiedDate": "2022-08-02T08:47:28.000Z",
      "manageableState": "unmanaged",
      "type": "Flow"
    }
  ]
}