{
  "status": 0,
  "result": [
    {
      "createdById": "0055i000005QMWRAA4",
      "createdByName": "salesforce.com, inc.",
      "createdDate": "2022-08-01T14:44:31.000Z",
      "fileName": "layouts/WebStore-Store Layout.layout",
      "fullName": "WebStore-Store Layout",
      "id": "00h5i000008y1o2AAA",
      "lastModifiedById": "0055i000005QMWRAA4",
      "lastModifiedByName": "salesforce.com, inc.",
      "lastModifiedDate": "2022-08-01T14:44:31.000Z",
      "manageableState": "unmanaged",
      "type": "Layout"
    },
    {
      "createdById": "0055i000005QMWRAA4",
      "createdByName": "salesforce.com, inc.",
      "createdDate": "2022-08-01T14:48:23.000Z",
      "fileName": "layouts/AuthorizationFormText-Authorization Form Text Layout.layout",
      "fullName": "AuthorizationFormText-Authorization Form Text Layout",
      "id": "00h5i000005siPqAAI",
      "lastModifiedById": "0055i000005405uAAA",
      "lastModifiedByName": "Edsel Lita",
      "lastModifiedDate": "2022-08-01T14:48:23.000Z",
      "manageableState": "unmanaged",
      "type": "Layout"
    },
    {
      "createdById": "0055i000005QMWRAA4",
      "createdByName": "salesforce.com, inc.",
      "createdDate": "2022-08-01T14:48:34.000Z",
      "fileName": "layouts/ApiAnomalyEventStore-API Anomaly Event Store Layout.layout",
      "fullName": "ApiAnomalyEventStore-API Anomaly Event Store Layout",
      "id": "00h5i000005siQBAAY",
      "lastModifiedById": "0055i000005QMWRAA4",
      "lastModifiedByName": "salesforce.com, inc.",
      "lastModifiedDate": "2022-08-01T14:48:34.000Z",
      "manageableState": "unmanaged",
      "type": "Layout"
    },
    {
      "createdById": "0055i000005405uAAA",
      "createdByName": "Edsel Lita",
      "createdDate": "2022-08-02T03:49:40.000Z",
      "fileName": "layouts/Pal__c-Pal Layout.layout",
      "fullName": "Pal__c-Pal Layout",
      "id": "00h5i000005sk85AAA",
      "lastModifiedById": "0055i000005405uAAA",
      "lastModifiedByName": "Edsel Lita",
      "lastModifiedDate": "2022-08-11T09:21:43.000Z",
      "manageableState": "unmanaged",
      "type": "Layout"
    },
    {
      "createdById": "0055i000005QMWRAA4",
      "createdByName": "salesforce.com, inc.",
      "createdDate": "2022-08-01T14:44:31.000Z",
      "fileName": "layouts/Invoice-Invoice Layout.layout",
      "fullName": "Invoice-Invoice Layout",
      "id": "00h5i000008y1neAAA",
      "lastModifiedById": "0055i000005QMWRAA4",
      "lastModifiedByName": "salesforce.com, inc.",
      "lastModifiedDate": "2022-08-01T14:44:31.000Z",
      "manageableState": "unmanaged",
      "type": "Layout"
    },
    {
      "createdById": "0055i000005405uAAA",
      "createdByName": "Edsel Lita",
      "createdDate": "2022-08-01T14:44:31.000Z",
      "fileName": "layouts/Lead-Lead %28Support%29 Layout.layout",
      "fullName": "Lead-Lead %28Support%29 Layout",
      "id": "00h5i000008y1n6AAA",
      "lastModifiedById": "0055i000005405uAAA",
      "lastModifiedByName": "Edsel Lita",
      "lastModifiedDate": "2022-08-01T14:44:31.000Z",
      "manageableState": "unmanaged",
      "type": "Layout"
    },
    {
      "createdById": "0055i000005QMWRAA4",
      "createdByName": "salesforce.com, inc.",
      "createdDate": "2022-08-01T14:48:23.000Z",
      "fileName": "layouts/DataUseLegalBasis-Data Use Legal Basis Layout.layout",
      "fullName": "DataUseLegalBasis-Data Use Legal Basis Layout",
      "id": "00h5i000005siPvAAI",
      "lastModifiedById": "0055i000005405uAAA",
      "lastModifiedByName": "Edsel Lita",
      "lastModifiedDate": "2022-08-01T14:48:23.000Z",
      "manageableState": "unmanaged",
      "type": "Layout"
    },
    {
      "createdById": "0055i000005QMWQAA4",
      "createdByName": "Automated Process",
      "createdDate": "2022-08-01T14:44:31.000Z",
      "fileName": "layouts/ServiceTerritory-Service Territory Layout.layout",
      "fullName": "ServiceTerritory-Service Territory Layout",
      "id": "00h5i000008y1nkAAA",
      "lastModifiedById": "0055i000005QMWQAA4",
      "lastModifiedByName": "Automated Process",
      "lastModifiedDate": "2022-08-01T14:44:31.000Z",
      "manageableState": "unmanaged",
      "type": "Layout"
    },
    {
      "createdById": "0055i000005405uAAA",
      "createdByName": "Edsel Lita",
      "createdDate": "2022-08-11T10:14:55.000Z",
      "fileName": "layouts/Passbook__c-Customer Layout.layout",
      "fullName": "Passbook__c-Customer Layout",
      "id": "00h5i000005tLaVAAU",
      "lastModifiedById": "0055i000005405uAAA",
      "lastModifiedByName": "Edsel Lita",
      "lastModifiedDate": "2022-08-11T10:15:02.000Z",
      "manageableState": "unmanaged",
      "type": "Layout"
    },
    {
      "createdById": "0055i000005405uAAA",
      "createdByName": "Edsel Lita",
      "createdDate": "2022-08-11T10:16:37.000Z",
      "fileName": "layouts/Bill__c-Customer Layout.layout",
      "fullName": "Bill__c-Customer Layout",
      "id": "00h5i000005tLafAAE",
      "lastModifiedById": "0055i000005405uAAA",
      "lastModifiedByName": "Edsel Lita",
      "lastModifiedDate": "2022-08-11T10:16:46.000Z",
      "manageableState": "unmanaged",
      "type": "Layout"
    },
    {
      "createdById": "0055i000005405uAAA",
      "createdByName": "Edsel Lita",
      "createdDate": "2022-08-11T10:11:50.000Z",
      "fileName": "layouts/Wallet__c-Customer Layout.layout",
      "fullName": "Wallet__c-Customer Layout",
      "id": "00h5i000005tLaGAAU",
      "lastModifiedById": "0055i000005405uAAA",
      "lastModifiedByName": "Edsel Lita",
      "lastModifiedDate": "2022-08-11T10:12:30.000Z",
      "manageableState": "unmanaged",
      "type": "Layout"
    },
    {
      "createdById": "0055i000005405uAAA",
      "createdByName": "Edsel Lita",
      "createdDate": "2022-08-01T14:44:31.000Z",
      "fileName": "layouts/Order-Order Layout.layout",
      "fullName": "Order-Order Layout",
      "id": "00h5i000008y1pAAAQ",
      "lastModifiedById": "0055i000005405uAAA",
      "lastModifiedByName": "Edsel Lita",
      "lastModifiedDate": "2022-08-01T14:44:31.000Z",
      "manageableState": "unmanaged",
      "type": "Layout"
    },
    {
      "createdById": "0055i000005405uAAA",
      "createdByName": "Edsel Lita",
      "createdDate": "2022-08-01T14:44:31.000Z",
      "fileName": "layouts/ContactPointEmail-Contact Point Email Layout.layout",
      "fullName": "ContactPointEmail-Contact Point Email Layout",
      "id": "00h5i000008y1naAAA",
      "lastModifiedById": "0055i000005405uAAA",
      "lastModifiedByName": "Edsel Lita",
      "lastModifiedDate": "2022-08-01T14:44:31.000Z",
      "manageableState": "unmanaged",
      "type": "Layout"
    },
    {
      "createdById": "0055i000005405uAAA",
      "createdByName": "Edsel Lita",
      "createdDate": "2022-08-01T14:44:31.000Z",
      "fileName": "layouts/CaseClose-Close Case Layout.layout",
      "fullName": "CaseClose-Close Case Layout",
      "id": "00h5i000008y1p5AAA",
      "lastModifiedById": "0055i000005405uAAA",
      "lastModifiedByName": "Edsel Lita",
      "lastModifiedDate": "2022-08-01T14:44:31.000Z",
      "manageableState": "unmanaged",
      "type": "Layout"
    },
    {
      "createdById": "0055i000005405uAAA",
      "createdByName": "Edsel Lita",
      "createdDate": "2022-08-01T14:44:31.000Z",
      "fileName": "layouts/Account-Account %28Sales%29 Layout.layout",
      "fullName": "Account-Account %28Sales%29 Layout",
      "id": "00h5i000008y1n1AAA",
      "lastModifiedById": "0055i000005405uAAA",
      "lastModifiedByName": "Edsel Lita",
      "lastModifiedDate": "2022-08-01T14:44:31.000Z",
      "manageableState": "unmanaged",
      "type": "Layout"
    },
    {
      "createdById": "0055i000005405uAAA",
      "createdByName": "Edsel Lita",
      "createdDate": "2022-08-01T14:44:31.000Z",
      "fileName": "layouts/Lead-Lead Layout.layout",
      "fullName": "Lead-Lead Layout",
      "id": "00h5i000008y1n7AAA",
      "lastModifiedById": "0055i000005405uAAA",
      "lastModifiedByName": "Edsel Lita",
      "lastModifiedDate": "2022-08-01T14:44:31.000Z",
      "manageableState": "unmanaged",
      "type": "Layout"
    },
    {
      "createdById": "0055i000005QMWRAA4",
      "createdByName": "salesforce.com, inc.",
      "createdDate": "2022-08-01T14:44:31.000Z",
      "fileName": "layouts/ReturnOrderLineItem-Return Order Line Item Layout.layout",
      "fullName": "ReturnOrderLineItem-Return Order Line Item Layout",
      "id": "00h5i000008y1oJAAQ",
      "lastModifiedById": "0055i000005QMWRAA4",
      "lastModifiedByName": "salesforce.com, inc.",
      "lastModifiedDate": "2022-08-01T14:44:31.000Z",
      "manageableState": "unmanaged",
      "type": "Layout"
    },
    {
      "createdById": "0055i000005QMWRAA4",
      "createdByName": "salesforce.com, inc.",
      "createdDate": "2022-08-01T14:49:12.000Z",
      "fileName": "layouts/WorkPlan-Work Plan Layout.layout",
      "fullName": "WorkPlan-Work Plan Layout",
      "id": "00h5i000005siQUAAY",
      "lastModifiedById": "0055i000005QMWRAA4",
      "lastModifiedByName": "salesforce.com, inc.",
      "lastModifiedDate": "2022-08-01T14:49:12.000Z",
      "manageableState": "unmanaged",
      "type": "Layout"
    },
    {
      "createdById": "0055i000005QMWRAA4",
      "createdByName": "salesforce.com, inc.",
      "createdDate": "2022-08-01T14:48:18.000Z",
      "fileName": "layouts/AlternativePaymentMethod-Alternative Payment Method Layout.layout",
      "fullName": "AlternativePaymentMethod-Alternative Payment Method Layout",
      "id": "00h5i000005siPcAAI",
      "lastModifiedById": "0055i000005QMWRAA4",
      "lastModifiedByName": "salesforce.com, inc.",
      "lastModifiedDate": "2022-08-01T14:48:18.000Z",
      "manageableState": "unmanaged",
      "type": "Layout"
    },
    {
      "createdById": "0055i000005QMWQAA4",
      "createdByName": "Automated Process",
      "createdDate": "2022-08-01T14:44:31.000Z",
      "fileName": "layouts/ServiceResourceSkill-Service Resource Skill Layout.layout",
      "fullName": "ServiceResourceSkill-Service Resource Skill Layout",
      "id": "00h5i000008y1nmAAA",
      "lastModifiedById": "0055i000005QMWQAA4",
      "lastModifiedByName": "Automated Process",
      "lastModifiedDate": "2022-08-01T14:44:31.000Z",
      "manageableState": "unmanaged",
      "type": "Layout"
    },
    {
      "createdById": "0055i000005405uAAA",
      "createdByName": "Edsel Lita",
      "createdDate": "2022-08-01T14:44:31.000Z",
      "fileName": "layouts/Opportunity-Opportunity %28Marketing%29 Layout.layout",
      "fullName": "Opportunity-Opportunity %28Marketing%29 Layout",
      "id": "00h5i000008y1msAAA",
      "lastModifiedById": "0055i000005405uAAA",
      "lastModifiedByName": "Edsel Lita",
      "lastModifiedDate": "2022-08-01T14:44:31.000Z",
      "manageableState": "unmanaged",
      "type": "Layout"
    },
    {
      "createdById": "0055i000005QMWRAA4",
      "createdByName": "salesforce.com, inc.",
      "createdDate": "2022-08-01T14:48:23.000Z",
      "fileName": "layouts/AuthorizationForm-Authorization Form Layout.layout",
      "fullName": "AuthorizationForm-Authorization Form Layout",
      "id": "00h5i000005siPpAAI",
      "lastModifiedById": "0055i000005405uAAA",
      "lastModifiedByName": "Edsel Lita",
      "lastModifiedDate": "2022-08-01T14:48:23.000Z",
      "manageableState": "unmanaged",
      "type": "Layout"
    },
    {
      "createdById": "0055i000005QMWRAA4",
      "createdByName": "salesforce.com, inc.",
      "createdDate": "2022-08-01T14:44:31.000Z",
      "fileName": "layouts/Seller-Seller Layout.layout",
      "fullName": "Seller-Seller Layout",
      "id": "00h5i000008y1o0AAA",
      "lastModifiedById": "0055i000005QMWRAA4",
      "lastModifiedByName": "salesforce.com, inc.",
      "lastModifiedDate": "2022-08-01T14:44:31.000Z",
      "manageableState": "unmanaged",
      "type": "Layout"
    },
    {
      "createdById": "0055i000005405uAAA",
      "createdByName": "Edsel Lita",
      "createdDate": "2022-08-01T14:49:44.000Z",
      "fileName": "layouts/EntityMilestone-Object Milestone Layout.layout",
      "fullName": "EntityMilestone-Object Milestone Layout",
      "id": "00h5i000005siQqAAI",
      "lastModifiedById": "0055i000005405uAAA",
      "lastModifiedByName": "Edsel Lita",
      "lastModifiedDate": "2022-08-01T14:49:44.000Z",
      "manageableState": "unmanaged",
      "type": "Layout"
    },
    {
      "createdById": "0055i000005405uAAA",
      "createdByName": "Edsel Lita",
      "createdDate": "2022-08-01T14:44:31.000Z",
      "fileName": "layouts/Idea-Idea Layout.layout",
      "fullName": "Idea-Idea Layout",
      "id": "00h5i000008y1p8AAA",
      "lastModifiedById": "0055i000005405uAAA",
      "lastModifiedByName": "Edsel Lita",
      "lastModifiedDate": "2022-08-01T14:44:31.000Z",
      "manageableState": "unmanaged",
      "type": "Layout"
    },
    {
      "createdById": "0055i000005QMWRAA4",
      "createdByName": "salesforce.com, inc.",
      "createdDate": "2022-08-01T14:44:31.000Z",
      "fileName": "layouts/Refund-Refund Layout.layout",
      "fullName": "Refund-Refund Layout",
      "id": "00h5i000008y1nNAAQ",
      "lastModifiedById": "0055i000005QMWRAA4",
      "lastModifiedByName": "salesforce.com, inc.",
      "lastModifiedDate": "2022-08-01T14:44:31.000Z",
      "manageableState": "unmanaged",
      "type": "Layout"
    },
    {
      "createdById": "0055i000005405uAAA",
      "createdByName": "Edsel Lita",
      "createdDate": "2022-08-01T14:44:31.000Z",
      "fileName": "layouts/Solution-Solution Layout.layout",
      "fullName": "Solution-Solution Layout",
      "id": "00h5i000008y1pDAAQ",
      "lastModifiedById": "0055i000005405uAAA",
      "lastModifiedByName": "Edsel Lita",
      "lastModifiedDate": "2022-08-01T14:44:31.000Z",
      "manageableState": "unmanaged",
      "type": "Layout"
    },
    {
      "createdById": "0055i000005QMWRAA4",
      "createdByName": "salesforce.com, inc.",
      "createdDate": "2022-08-01T14:48:44.000Z",
      "fileName": "layouts/UserProvAccount-User Provisioning Account Layout.layout",
      "fullName": "UserProvAccount-User Provisioning Account Layout",
      "id": "00h5i000005siQPAAY",
      "lastModifiedById": "0055i000005QMWRAA4",
      "lastModifiedByName": "salesforce.com, inc.",
      "lastModifiedDate": "2022-08-01T14:48:44.000Z",
      "manageableState": "unmanaged",
      "type": "Layout"
    },
    {
      "createdById": "0055i000005QMWRAA4",
      "createdByName": "salesforce.com, inc.",
      "createdDate": "2022-08-01T14:44:31.000Z",
      "fileName": "layouts/CreditMemo-Credit Memo Layout.layout",
      "fullName": "CreditMemo-Credit Memo Layout",
      "id": "00h5i000008y1ngAAA",
      "lastModifiedById": "0055i000005QMWRAA4",
      "lastModifiedByName": "salesforce.com, inc.",
      "lastModifiedDate": "2022-08-01T14:44:31.000Z",
      "manageableState": "unmanaged",
      "type": "Layout"
    },
    {
      "createdById": "0055i000005QMWRAA4",
      "createdByName": "salesforce.com, inc.",
      "createdDate": "2022-08-01T14:49:12.000Z",
      "fileName": "layouts/WorkPlanTemplateEntry-Work Plan Template Entry Layout.layout",
      "fullName": "WorkPlanTemplateEntry-Work Plan Template Entry Layout",
      "id": "00h5i000005siQhAAI",
      "lastModifiedById": "0055i000005QMWRAA4",
      "lastModifiedByName": "salesforce.com, inc.",
      "lastModifiedDate": "2022-08-01T14:49:12.000Z",
      "manageableState": "unmanaged",
      "type": "Layout"
    },
    {
      "createdById": "0055i000005405uAAA",
      "createdByName": "Edsel Lita",
      "createdDate": "2022-08-01T14:44:31.000Z",
      "fileName": "layouts/Campaign-Campaign Layout.layout",
      "fullName": "Campaign-Campaign Layout",
      "id": "00h5i000008y1nAAAQ",
      "lastModifiedById": "0055i000005405uAAA",
      "lastModifiedByName": "Edsel Lita",
      "lastModifiedDate": "2022-08-01T14:48:50.000Z",
      "manageableState": "unmanaged",
      "type": "Layout"
    },
    {
      "createdById": "0055i000005405uAAA",
      "createdByName": "Edsel Lita",
      "createdDate": "2022-08-01T14:44:31.000Z",
      "fileName": "layouts/CampaignMember-Campaign Member Page Layout.layout",
      "fullName": "CampaignMember-Campaign Member Page Layout",
      "id": "00h5i000008y1oZAAQ",
      "lastModifiedById": "0055i000005405uAAA",
      "lastModifiedByName": "Edsel Lita",
      "lastModifiedDate": "2022-08-01T14:44:31.000Z",
      "manageableState": "unmanaged",
      "type": "Layout"
    },
    {
      "createdById": "0055i000005405uAAA",
      "createdByName": "Edsel Lita",
      "createdDate": "2022-08-01T14:44:31.000Z",
      "fileName": "layouts/Opportunity-Opportunity Layout.layout",
      "fullName": "Opportunity-Opportunity Layout",
      "id": "00h5i000008y1mvAAA",
      "lastModifiedById": "0055i000005405uAAA",
      "lastModifiedByName": "Edsel Lita",
      "lastModifiedDate": "2022-08-01T14:44:31.000Z",
      "manageableState": "unmanaged",
      "type": "Layout"
    },
    {
      "createdById": "0055i000005405uAAA",
      "createdByName": "Edsel Lita",
      "createdDate": "2022-08-01T14:44:31.000Z",
      "fileName": "layouts/Event-Event Layout.layout",
      "fullName": "Event-Event Layout",
      "id": "00h5i000008y1p7AAA",
      "lastModifiedById": "0055i000005405uAAA",
      "lastModifiedByName": "Edsel Lita",
      "lastModifiedDate": "2022-08-01T14:49:14.000Z",
      "manageableState": "unmanaged",
      "type": "Layout"
    },
    {
      "createdById": "0055i000005405uAAA",
      "createdByName": "Edsel Lita",
      "createdDate": "2022-08-01T14:44:31.000Z",
      "fileName": "layouts/OrderItem-Order Product Layout.layout",
      "fullName": "OrderItem-Order Product Layout",
      "id": "00h5i000008y1pBAAQ",
      "lastModifiedById": "0055i000005405uAAA",
      "lastModifiedByName": "Edsel Lita",
      "lastModifiedDate": "2022-08-01T14:44:31.000Z",
      "manageableState": "unmanaged",
      "type": "Layout"
    },
    {
      "createdById": "0055i000005405uAAA",
      "createdByName": "Edsel Lita",
      "createdDate": "2022-08-01T14:44:31.000Z",
      "fileName": "layouts/PricebookEntry-Price Book Entry Layout.layout",
      "fullName": "PricebookEntry-Price Book Entry Layout",
      "id": "00h5i000008y1oXAAQ",
      "lastModifiedById": "0055i000005405uAAA",
      "lastModifiedByName": "Edsel Lita",
      "lastModifiedDate": "2022-08-01T14:44:31.000Z",
      "manageableState": "unmanaged",
      "type": "Layout"
    },
    {
      "createdById": "0055i000005QMWRAA4",
      "createdByName": "salesforce.com, inc.",
      "createdDate": "2022-08-01T14:48:23.000Z",
      "fileName": "layouts/ContactPointTypeConsent-Contact Point Type Consent Layout.layout",
      "fullName": "ContactPointTypeConsent-Contact Point Type Consent Layout",
      "id": "00h5i000005siPtAAI",
      "lastModifiedById": "0055i000005405uAAA",
      "lastModifiedByName": "Edsel Lita",
      "lastModifiedDate": "2022-08-01T14:48:24.000Z",
      "manageableState": "unmanaged",
      "type": "Layout"
    },
    {
      "createdById": "0055i000005QMWQAA4",
      "createdByName": "Automated Process",
      "createdDate": "2022-08-01T14:44:31.000Z",
      "fileName": "layouts/OperatingHours-Operating Hours Layout.layout",
      "fullName": "OperatingHours-Operating Hours Layout",
      "id": "00h5i000008y1noAAA",
      "lastModifiedById": "0055i000005QMWQAA4",
      "lastModifiedByName": "Automated Process",
      "lastModifiedDate": "2022-08-01T14:44:31.000Z",
      "manageableState": "unmanaged",
      "type": "Layout"
    },
    {
      "createdById": "0055i000005405uAAA",
      "createdByName": "Edsel Lita",
      "createdDate": "2022-08-01T14:44:31.000Z",
      "fileName": "layouts/Contact-Contact %28Marketing%29 Layout.layout",
      "fullName": "Contact-Contact %28Marketing%29 Layout",
      "id": "00h5i000008y1mwAAA",
      "lastModifiedById": "0055i000005405uAAA",
      "lastModifiedByName": "Edsel Lita",
      "lastModifiedDate": "2022-08-01T14:44:31.000Z",
      "manageableState": "unmanaged",
      "type": "Layout"
    },
    {
      "createdById": "0055i000005QMWRAA4",
      "createdByName": "salesforce.com, inc.",
      "createdDate": "2022-08-01T14:48:34.000Z",
      "fileName": "layouts/ThreatDetectionFeedback-Threat Detection Feedback Layout.layout",
      "fullName": "ThreatDetectionFeedback-Threat Detection Feedback Layout",
      "id": "00h5i000005siQAAAY",
      "lastModifiedById": "0055i000005QMWRAA4",
      "lastModifiedByName": "salesforce.com, inc.",
      "lastModifiedDate": "2022-08-01T14:48:34.000Z",
      "manageableState": "unmanaged",
      "type": "Layout"
    },
    {
      "createdById": "0055i000005QMWRAA4",
      "createdByName": "salesforce.com, inc.",
      "createdDate": "2022-08-01T14:44:31.000Z",
      "fileName": "layouts/CardPaymentMethod-Card Payment Method Layout.layout",
      "fullName": "CardPaymentMethod-Card Payment Method Layout",
      "id": "00h5i000008y1nTAAQ",
      "lastModifiedById": "0055i000005QMWRAA4",
      "lastModifiedByName": "salesforce.com, inc.",
      "lastModifiedDate": "2022-08-01T14:44:31.000Z",
      "manageableState": "unmanaged",
      "type": "Layout"
    },
    {
      "createdById": "0055i000005405uAAA",
      "createdByName": "Edsel Lita",
      "createdDate": "2022-08-01T14:44:31.000Z",
      "fileName": "layouts/Task-Task Layout.layout",
      "fullName": "Task-Task Layout",
      "id": "00h5i000008y1n9AAA",
      "lastModifiedById": "0055i000005405uAAA",
      "lastModifiedByName": "Edsel Lita",
      "lastModifiedDate": "2022-08-01T14:48:51.000Z",
      "manageableState": "unmanaged",
      "type": "Layout"
    },
    {
      "createdById": "0055i000005QMWQAA4",
      "createdByName": "Automated Process",
      "createdDate": "2022-08-01T14:44:31.000Z",
      "fileName": "layouts/Shift-Shift Layout.layout",
      "fullName": "Shift-Shift Layout",
      "id": "00h5i000008y1oDAAQ",
      "lastModifiedById": "0055i000005QMWQAA4",
      "lastModifiedByName": "Automated Process",
      "lastModifiedDate": "2022-08-01T14:44:31.000Z",
      "manageableState": "unmanaged",
      "type": "Layout"
    },
    {
      "createdById": "0055i000005405uAAA",
      "createdByName": "Edsel Lita",
      "createdDate": "2022-08-01T14:44:31.000Z",
      "fileName": "layouts/Account-Account %28Marketing%29 Layout.layout",
      "fullName": "Account-Account %28Marketing%29 Layout",
      "id": "00h5i000008y1n0AAA",
      "lastModifiedById": "0055i000005405uAAA",
      "lastModifiedByName": "Edsel Lita",
      "lastModifiedDate": "2022-08-01T14:44:31.000Z",
      "manageableState": "unmanaged",
      "type": "Layout"
    },
    {
      "createdById": "0055i000005QMWQAA4",
      "createdByName": "Automated Process",
      "createdDate": "2022-08-01T14:44:31.000Z",
      "fileName": "layouts/ResourcePreference-Resource Preference Layout.layout",
      "fullName": "ResourcePreference-Resource Preference Layout",
      "id": "00h5i000008y1nqAAA",
      "lastModifiedById": "0055i000005QMWQAA4",
      "lastModifiedByName": "Automated Process",
      "lastModifiedDate": "2022-08-01T14:44:31.000Z",
      "manageableState": "unmanaged",
      "type": "Layout"
    },
    {
      "createdById": "0055i000005405uAAA",
      "createdByName": "Edsel Lita",
      "createdDate": "2022-08-01T14:44:31.000Z",
      "fileName": "layouts/Lead-Lead %28Sales%29 Layout.layout",
      "fullName": "Lead-Lead %28Sales%29 Layout",
      "id": "00h5i000008y1n5AAA",
      "lastModifiedById": "0055i000005405uAAA",
      "lastModifiedByName": "Edsel Lita",
      "lastModifiedDate": "2022-08-01T14:44:31.000Z",
      "manageableState": "unmanaged",
      "type": "Layout"
    },
    {
      "createdById": "0055i000005QMWRAA4",
      "createdByName": "salesforce.com, inc.",
      "createdDate": "2022-08-11T10:21:03.000Z",
      "fileName": "layouts/UserAlt-User Profile Layout.layout",
      "fullName": "UserAlt-User Profile Layout",
      "id": "00h5i000005tLb9AAE",
      "lastModifiedById": "0055i000005QMWRAA4",
      "lastModifiedByName": "salesforce.com, inc.",
      "lastModifiedDate": "2022-08-11T10:21:03.000Z",
      "manageableState": "unmanaged",
      "type": "Layout"
    },
    {
      "createdById": "0055i000005405uAAA",
      "createdByName": "Edsel Lita",
      "createdDate": "2022-08-01T14:44:31.000Z",
      "fileName": "layouts/Scorecard-Scorecard Layout.layout",
      "fullName": "Scorecard-Scorecard Layout",
      "id": "00h5i000008y1pTAAQ",
      "lastModifiedById": "0055i000005405uAAA",
      "lastModifiedByName": "Edsel Lita",
      "lastModifiedDate": "2022-08-01T14:44:31.000Z",
      "manageableState": "unmanaged",
      "type": "Layout"
    },
    {
      "createdById": "0055i000005405uAAA",
      "createdByName": "Edsel Lita",
      "createdDate": "2022-08-01T14:49:03.000Z",
      "fileName": "layouts/WorkOrder-Work Order Layout.layout",
      "fullName": "WorkOrder-Work Order Layout",
      "id": "00h5i000005siQSAAY",
      "lastModifiedById": "0055i000005405uAAA",
      "lastModifiedByName": "Edsel Lita",
      "lastModifiedDate": "2022-08-01T14:49:03.000Z",
      "manageableState": "unmanaged",
      "type": "Layout"
    },
    {
      "createdById": "0055i000005405uAAA",
      "createdByName": "Edsel Lita",
      "createdDate": "2022-08-01T14:44:31.000Z",
      "fileName": "layouts/Contact-Contact %28Sales%29 Layout.layout",
      "fullName": "Contact-Contact %28Sales%29 Layout",
      "id": "00h5i000008y1mxAAA",
      "lastModifiedById": "0055i000005405uAAA",
      "lastModifiedByName": "Edsel Lita",
      "lastModifiedDate": "2022-08-01T14:44:31.000Z",
      "manageableState": "unmanaged",
      "type": "Layout"
    },
    {
      "createdById": "0055i000005QMWRAA4",
      "createdByName": "salesforce.com, inc.",
      "createdDate": "2022-08-01T14:44:31.000Z",
      "fileName": "layouts/ReturnOrderItemAdjustment-Return Order Item Adjustment Layout.layout",
      "fullName": "ReturnOrderItemAdjustment-Return Order Item Adjustment Layout",
      "id": "00h5i000008y1oKAAQ",
      "lastModifiedById": "0055i000005QMWRAA4",
      "lastModifiedByName": "salesforce.com, inc.",
      "lastModifiedDate": "2022-08-01T14:44:31.000Z",
      "manageableState": "unmanaged",
      "type": "Layout"
    },
    {
      "createdById": "0055i000005QMWRAA4",
      "createdByName": "salesforce.com, inc.",
      "createdDate": "2022-08-01T14:44:31.000Z",
      "fileName": "layouts/ReturnOrderItemTax-Return Order Item Tax Layout.layout",
      "fullName": "ReturnOrderItemTax-Return Order Item Tax Layout",
      "id": "00h5i000008y1oLAAQ",
      "lastModifiedById": "0055i000005QMWRAA4",
      "lastModifiedByName": "salesforce.com, inc.",
      "lastModifiedDate": "2022-08-01T14:44:31.000Z",
      "manageableState": "unmanaged",
      "type": "Layout"
    },
    {
      "createdById": "0055i000005QMWQAA4",
      "createdByName": "Automated Process",
      "createdDate": "2022-08-01T14:44:31.000Z",
      "fileName": "layouts/WorkTypeGroupMember-Work Type Group Member Layout.layout",
      "fullName": "WorkTypeGroupMember-Work Type Group Member Layout",
      "id": "00h5i000008y1nvAAA",
      "lastModifiedById": "0055i000005QMWQAA4",
      "lastModifiedByName": "Automated Process",
      "lastModifiedDate": "2022-08-01T14:44:31.000Z",
      "manageableState": "unmanaged",
      "type": "Layout"
    },
    {
      "createdById": "0055i000005QMWRAA4",
      "createdByName": "salesforce.com, inc.",
      "createdDate": "2022-08-01T14:44:31.000Z",
      "fileName": "layouts/PaymentAuthorization-Payment Authorization Layout.layout",
      "fullName": "PaymentAuthorization-Payment Authorization Layout",
      "id": "00h5i000008y1nUAAQ",
      "lastModifiedById": "0055i000005QMWRAA4",
      "lastModifiedByName": "salesforce.com, inc.",
      "lastModifiedDate": "2022-08-01T14:44:31.000Z",
      "manageableState": "unmanaged",
      "type": "Layout"
    },
    {
      "createdById": "0055i000005QMWRAA4",
      "createdByName": "salesforce.com, inc.",
      "createdDate": "2022-08-01T14:44:31.000Z",
      "fileName": "layouts/PaymentGatewayLog-Payment Gateway Log Layout.layout",
      "fullName": "PaymentGatewayLog-Payment Gateway Log Layout",
      "id": "00h5i000008y1nMAAQ",
      "lastModifiedById": "0055i000005QMWRAA4",
      "lastModifiedByName": "salesforce.com, inc.",
      "lastModifiedDate": "2022-08-01T14:44:31.000Z",
      "manageableState": "unmanaged",
      "type": "Layout"
    },
    {
      "createdById": "0055i000005405uAAA",
      "createdByName": "Edsel Lita",
      "createdDate": "2022-08-01T14:49:44.000Z",
      "fileName": "layouts/ServiceContract-Service Contract Layout.layout",
      "fullName": "ServiceContract-Service Contract Layout",
      "id": "00h5i000005siQnAAI",
      "lastModifiedById": "0055i000005405uAAA",
      "lastModifiedByName": "Edsel Lita",
      "lastModifiedDate": "2022-08-01T14:49:44.000Z",
      "manageableState": "unmanaged",
      "type": "Layout"
    },
    {
      "createdById": "0055i000005QMWRAA4",
      "createdByName": "salesforce.com, inc.",
      "createdDate": "2022-08-01T14:44:31.000Z",
      "fileName": "layouts/ReturnOrder-Return Order Layout.layout",
      "fullName": "ReturnOrder-Return Order Layout",
      "id": "00h5i000008y1oIAAQ",
      "lastModifiedById": "0055i000005QMWRAA4",
      "lastModifiedByName": "salesforce.com, inc.",
      "lastModifiedDate": "2022-08-01T14:44:31.000Z",
      "manageableState": "unmanaged",
      "type": "Layout"
    },
    {
      "createdById": "0055i000005QMWQAA4",
      "createdByName": "Automated Process",
      "createdDate": "2022-08-01T14:44:31.000Z",
      "fileName": "layouts/ContactPointAddress-Contact Point Address Layout.layout",
      "fullName": "ContactPointAddress-Contact Point Address Layout",
      "id": "00h5i000008y1nxAAA",
      "lastModifiedById": "0055i000005QMWQAA4",
      "lastModifiedByName": "Automated Process",
      "lastModifiedDate": "2022-08-01T14:44:31.000Z",
      "manageableState": "unmanaged",
      "type": "Layout"
    },
    {
      "createdById": "0055i000005QMWRAA4",
      "createdByName": "salesforce.com, inc.",
      "createdDate": "2022-08-01T14:44:31.000Z",
      "fileName": "layouts/FeedItem-Feed Item Layout.layout",
      "fullName": "FeedItem-Feed Item Layout",
      "id": "00h5i000008y1oMAAQ",
      "lastModifiedById": "0055i000005QMWRAA4",
      "lastModifiedByName": "salesforce.com, inc.",
      "lastModifiedDate": "2022-08-01T14:44:31.000Z",
      "manageableState": "unmanaged",
      "type": "Layout"
    },
    {
      "createdById": "0055i000005QMWRAA4",
      "createdByName": "salesforce.com, inc.",
      "createdDate": "2022-08-01T14:44:31.000Z",
      "fileName": "layouts/AssetActionSource-Asset Action Source Layout.layout",
      "fullName": "AssetActionSource-Asset Action Source Layout",
      "id": "00h5i000008y1oGAAQ",
      "lastModifiedById": "0055i000005QMWRAA4",
      "lastModifiedByName": "salesforce.com, inc.",
      "lastModifiedDate": "2022-08-01T14:44:31.000Z",
      "manageableState": "unmanaged",
      "type": "Layout"
    },
    {
      "createdById": "0055i000005405uAAA",
      "createdByName": "Edsel Lita",
      "createdDate": "2022-08-01T14:44:31.000Z",
      "fileName": "layouts/Account-Account %28Support%29 Layout.layout",
      "fullName": "Account-Account %28Support%29 Layout",
      "id": "00h5i000008y1n2AAA",
      "lastModifiedById": "0055i000005405uAAA",
      "lastModifiedByName": "Edsel Lita",
      "lastModifiedDate": "2022-08-01T14:44:31.000Z",
      "manageableState": "unmanaged",
      "type": "Layout"
    },
    {
      "createdById": "0055i000005QMWRAA4",
      "createdByName": "salesforce.com, inc.",
      "createdDate": "2022-08-01T14:44:31.000Z",
      "fileName": "layouts/FinanceBalanceSnapshot-Finance Balance Snapshot Layout.layout",
      "fullName": "FinanceBalanceSnapshot-Finance Balance Snapshot Layout",
      "id": "00h5i000008y1oNAAQ",
      "lastModifiedById": "0055i000005QMWRAA4",
      "lastModifiedByName": "salesforce.com, inc.",
      "lastModifiedDate": "2022-08-01T14:44:31.000Z",
      "manageableState": "unmanaged",
      "type": "Layout"
    },
    {
      "createdById": "0055i000005QMWQAA4",
      "createdByName": "Automated Process",
      "createdDate": "2022-08-01T14:44:31.000Z",
      "fileName": "layouts/QuickText-Quick Text Layout.layout",
      "fullName": "QuickText-Quick Text Layout",
      "id": "00h5i000008y1pVAAQ",
      "lastModifiedById": "0055i000005QMWQAA4",
      "lastModifiedByName": "Automated Process",
      "lastModifiedDate": "2022-08-01T14:44:31.000Z",
      "manageableState": "unmanaged",
      "type": "Layout"
    },
    {
      "createdById": "0055i000005405uAAA",
      "createdByName": "Edsel Lita",
      "createdDate": "2022-08-02T03:55:59.000Z",
      "fileName": "layouts/Card__c-Card Layout.layout",
      "fullName": "Card__c-Card Layout",
      "id": "00h5i000005sk9gAAA",
      "lastModifiedById": "0055i000005405uAAA",
      "lastModifiedByName": "Edsel Lita",
      "lastModifiedDate": "2022-08-11T09:24:34.000Z",
      "manageableState": "unmanaged",
      "type": "Layout"
    },
    {
      "createdById": "0055i000005QMWRAA4",
      "createdByName": "salesforce.com, inc.",
      "createdDate": "2022-08-01T14:44:31.000Z",
      "fileName": "layouts/CreditMemoLine-Credit Memo Line Layout.layout",
      "fullName": "CreditMemoLine-Credit Memo Line Layout",
      "id": "00h5i000008y1nhAAA",
      "lastModifiedById": "0055i000005QMWRAA4",
      "lastModifiedByName": "salesforce.com, inc.",
      "lastModifiedDate": "2022-08-01T14:44:31.000Z",
      "manageableState": "unmanaged",
      "type": "Layout"
    },
    {
      "createdById": "0055i000005405uAAA",
      "createdByName": "Edsel Lita",
      "createdDate": "2022-08-01T14:44:31.000Z",
      "fileName": "layouts/ContentVersion-Content Version Layout.layout",
      "fullName": "ContentVersion-Content Version Layout",
      "id": "00h5i000008y1pFAAQ",
      "lastModifiedById": "0055i000005405uAAA",
      "lastModifiedByName": "Edsel Lita",
      "lastModifiedDate": "2022-08-01T14:44:31.000Z",
      "manageableState": "unmanaged",
      "type": "Layout"
    },
    {
      "createdById": "0055i000005405uAAA",
      "createdByName": "Edsel Lita",
      "createdDate": "2022-08-01T14:44:31.000Z",
      "fileName": "layouts/Opportunity-Opportunity %28Support%29 Layout.layout",
      "fullName": "Opportunity-Opportunity %28Support%29 Layout",
      "id": "00h5i000008y1muAAA",
      "lastModifiedById": "0055i000005405uAAA",
      "lastModifiedByName": "Edsel Lita",
      "lastModifiedDate": "2022-08-01T14:44:31.000Z",
      "manageableState": "unmanaged",
      "type": "Layout"
    },
    {
      "createdById": "0055i000005QMWQAA4",
      "createdByName": "Automated Process",
      "createdDate": "2022-08-01T14:44:31.000Z",
      "fileName": "layouts/SkillRequirement-Skill Requirement Layout.layout",
      "fullName": "SkillRequirement-Skill Requirement Layout",
      "id": "00h5i000008y1nnAAA",
      "lastModifiedById": "0055i000005QMWQAA4",
      "lastModifiedByName": "Automated Process",
      "lastModifiedDate": "2022-08-01T14:44:31.000Z",
      "manageableState": "unmanaged",
      "type": "Layout"
    },
    {
      "createdById": "0055i000005QMWRAA4",
      "createdByName": "salesforce.com, inc.",
      "createdDate": "2022-08-01T14:44:31.000Z",
      "fileName": "layouts/PaymentLineInvoice-Payment Line Invoice Layout.layout",
      "fullName": "PaymentLineInvoice-Payment Line Invoice Layout",
      "id": "00h5i000008y1nVAAQ",
      "lastModifiedById": "0055i000005QMWRAA4",
      "lastModifiedByName": "salesforce.com, inc.",
      "lastModifiedDate": "2022-08-01T14:44:31.000Z",
      "manageableState": "unmanaged",
      "type": "Layout"
    },
    {
      "createdById": "0055i000005405uAAA",
      "createdByName": "Edsel Lita",
      "createdDate": "2022-08-01T14:44:31.000Z",
      "fileName": "layouts/Individual-Individual Layout.layout",
      "fullName": "Individual-Individual Layout",
      "id": "00h5i000008y1oSAAQ",
      "lastModifiedById": "0055i000005405uAAA",
      "lastModifiedByName": "Edsel Lita",
      "lastModifiedDate": "2022-08-01T14:44:31.000Z",
      "manageableState": "unmanaged",
      "type": "Layout"
    },
    {
      "createdById": "0055i000005QMWRAA4",
      "createdByName": "salesforce.com, inc.",
      "createdDate": "2022-08-01T14:44:31.000Z",
      "fileName": "layouts/Macro-Macro Layout.layout",
      "fullName": "Macro-Macro Layout",
      "id": "00h5i000008y1oWAAQ",
      "lastModifiedById": "0055i000005QMWRAA4",
      "lastModifiedByName": "salesforce.com, inc.",
      "lastModifiedDate": "2022-08-01T14:44:31.000Z",
      "manageableState": "unmanaged",
      "type": "Layout"
    },
    {
      "createdById": "0055i000005405uAAA",
      "createdByName": "Edsel Lita",
      "createdDate": "2022-08-01T14:44:31.000Z",
      "fileName": "layouts/Pricebook2-Price Book Layout.layout",
      "fullName": "Pricebook2-Price Book Layout",
      "id": "00h5i000008y1oYAAQ",
      "lastModifiedById": "0055i000005405uAAA",
      "lastModifiedByName": "Edsel Lita",
      "lastModifiedDate": "2022-08-01T14:44:31.000Z",
      "manageableState": "unmanaged",
      "type": "Layout"
    },
    {
      "createdById": "0055i000005QMWRAA4",
      "createdByName": "salesforce.com, inc.",
      "createdDate": "2022-08-01T14:44:31.000Z",
      "fileName": "layouts/AssetAction-Asset Action Layout.layout",
      "fullName": "AssetAction-Asset Action Layout",
      "id": "00h5i000008y1oFAAQ",
      "lastModifiedById": "0055i000005QMWRAA4",
      "lastModifiedByName": "salesforce.com, inc.",
      "lastModifiedDate": "2022-08-01T14:44:31.000Z",
      "manageableState": "unmanaged",
      "type": "Layout"
    },
    {
      "createdById": "0055i000005QMWRAA4",
      "createdByName": "salesforce.com, inc.",
      "createdDate": "2022-08-01T14:44:31.000Z",
      "fileName": "layouts/FinanceTransaction-Finance Transaction Layout.layout",
      "fullName": "FinanceTransaction-Finance Transaction Layout",
      "id": "00h5i000008y1oOAAQ",
      "lastModifiedById": "0055i000005QMWRAA4",
      "lastModifiedByName": "salesforce.com, inc.",
      "lastModifiedDate": "2022-08-01T14:44:31.000Z",
      "manageableState": "unmanaged",
      "type": "Layout"
    },
    {
      "createdById": "0055i000005405uAAA",
      "createdByName": "Edsel Lita",
      "createdDate": "2022-08-01T14:44:31.000Z",
      "fileName": "layouts/Case-Case Layout.layout",
      "fullName": "Case-Case Layout",
      "id": "00h5i000008y1mrAAA",
      "lastModifiedById": "0055i000005405uAAA",
      "lastModifiedByName": "Edsel Lita",
      "lastModifiedDate": "2022-08-01T14:44:31.000Z",
      "manageableState": "unmanaged",
      "type": "Layout"
    },
    {
      "createdById": "0055i000005405uAAA",
      "createdByName": "Edsel Lita",
      "createdDate": "2022-08-01T14:49:43.000Z",
      "fileName": "layouts/Entitlement-Entitlement Layout.layout",
      "fullName": "Entitlement-Entitlement Layout",
      "id": "00h5i000005siQmAAI",
      "lastModifiedById": "0055i000005405uAAA",
      "lastModifiedByName": "Edsel Lita",
      "lastModifiedDate": "2022-08-01T14:49:43.000Z",
      "manageableState": "unmanaged",
      "type": "Layout"
    },
    {
      "createdById": "0055i000005QMWRAA4",
      "createdByName": "salesforce.com, inc.",
      "createdDate": "2022-08-01T14:48:23.000Z",
      "fileName": "layouts/AuthorizationFormDataUse-Authorization Form Data Use Layout.layout",
      "fullName": "AuthorizationFormDataUse-Authorization Form Data Use Layout",
      "id": "00h5i000005siPsAAI",
      "lastModifiedById": "0055i000005405uAAA",
      "lastModifiedByName": "Edsel Lita",
      "lastModifiedDate": "2022-08-01T14:48:24.000Z",
      "manageableState": "unmanaged",
      "type": "Layout"
    },
    {
      "createdById": "0055i000005405uAAA",
      "createdByName": "Edsel Lita",
      "createdDate": "2022-08-01T14:44:31.000Z",
      "fileName": "layouts/Case-Case %28Sales%29 Layout.layout",
      "fullName": "Case-Case %28Sales%29 Layout",
      "id": "00h5i000008y1mpAAA",
      "lastModifiedById": "0055i000005405uAAA",
      "lastModifiedByName": "Edsel Lita",
      "lastModifiedDate": "2022-08-01T14:44:31.000Z",
      "manageableState": "unmanaged",
      "type": "Layout"
    },
    {
      "createdById": "0055i000005405uAAA",
      "createdByName": "Edsel Lita",
      "createdDate": "2022-08-02T03:40:48.000Z",
      "fileName": "layouts/Passbook__c-Passbook Layout.layout",
      "fullName": "Passbook__c-Passbook Layout",
      "id": "00h5i000005sk7kAAA",
      "lastModifiedById": "0055i000005405uAAA",
      "lastModifiedByName": "Edsel Lita",
      "lastModifiedDate": "2022-08-11T10:06:29.000Z",
      "manageableState": "unmanaged",
      "type": "Layout"
    },
    {
      "createdById": "0055i000005405uAAA",
      "createdByName": "Edsel Lita",
      "createdDate": "2022-08-01T14:44:31.000Z",
      "fileName": "layouts/Contact-Contact %28Support%29 Layout.layout",
      "fullName": "Contact-Contact %28Support%29 Layout",
      "id": "00h5i000008y1myAAA",
      "lastModifiedById": "0055i000005405uAAA",
      "lastModifiedByName": "Edsel Lita",
      "lastModifiedDate": "2022-08-01T14:44:31.000Z",
      "manageableState": "unmanaged",
      "type": "Layout"
    },
    {
      "createdById": "0055i000005405uAAA",
      "createdByName": "Edsel Lita",
      "createdDate": "2022-08-01T14:44:31.000Z",
      "fileName": "layouts/Global-Global Layout.layout",
      "fullName": "Global-Global Layout",
      "id": "00h5i000008y1n8AAA",
      "lastModifiedById": "0055i000005405uAAA",
      "lastModifiedByName": "Edsel Lita",
      "lastModifiedDate": "2022-08-01T14:44:31.000Z",
      "manageableState": "unmanaged",
      "type": "Layout"
    },
    {
      "createdById": "0055i000005QMWQAA4",
      "createdByName": "Automated Process",
      "createdDate": "2022-08-01T14:44:31.000Z",
      "fileName": "layouts/ServiceResource-Service Resource Layout.layout",
      "fullName": "ServiceResource-Service Resource Layout",
      "id": "00h5i000008y1njAAA",
      "lastModifiedById": "0055i000005QMWQAA4",
      "lastModifiedByName": "Automated Process",
      "lastModifiedDate": "2022-08-01T14:44:31.000Z",
      "manageableState": "unmanaged",
      "type": "Layout"
    },
    {
      "createdById": "0055i000005QMWRAA4",
      "createdByName": "salesforce.com, inc.",
      "createdDate": "2022-08-01T14:48:44.000Z",
      "fileName": "layouts/UserProvisioningRequest-User Provisioning Request Layout.layout",
      "fullName": "UserProvisioningRequest-User Provisioning Request Layout",
      "id": "00h5i000005siQNAAY",
      "lastModifiedById": "0055i000005QMWRAA4",
      "lastModifiedByName": "salesforce.com, inc.",
      "lastModifiedDate": "2022-08-01T14:48:44.000Z",
      "manageableState": "unmanaged",
      "type": "Layout"
    },
    {
      "createdById": "0055i000005405uAAA",
      "createdByName": "Edsel Lita",
      "createdDate": "2022-08-01T14:44:31.000Z",
      "fileName": "layouts/Product2-Product Layout.layout",
      "fullName": "Product2-Product Layout",
      "id": "00h5i000008y1pCAAQ",
      "lastModifiedById": "0055i000005405uAAA",
      "lastModifiedByName": "Edsel Lita",
      "lastModifiedDate": "2022-08-01T14:44:31.000Z",
      "manageableState": "unmanaged",
      "type": "Layout"
    },
    {
      "createdById": "0055i000005QMWQAA4",
      "createdByName": "Automated Process",
      "createdDate": "2022-08-01T14:44:31.000Z",
      "fileName": "layouts/WorkTypeGroup-Work Type Group Layout.layout",
      "fullName": "WorkTypeGroup-Work Type Group Layout",
      "id": "00h5i000008y1nwAAA",
      "lastModifiedById": "0055i000005QMWQAA4",
      "lastModifiedByName": "Automated Process",
      "lastModifiedDate": "2022-08-01T14:44:31.000Z",
      "manageableState": "unmanaged",
      "type": "Layout"
    },
    {
      "createdById": "0055i000005QMWRAA4",
      "createdByName": "salesforce.com, inc.",
      "createdDate": "2022-08-01T14:44:31.000Z",
      "fileName": "layouts/ConsumptionRate-Consumption Rate Layout.layout",
      "fullName": "ConsumptionRate-Consumption Rate Layout",
      "id": "00h5i000008y1oUAAQ",
      "lastModifiedById": "0055i000005QMWRAA4",
      "lastModifiedByName": "salesforce.com, inc.",
      "lastModifiedDate": "2022-08-01T14:44:31.000Z",
      "manageableState": "unmanaged",
      "type": "Layout"
    },
    {
      "createdById": "0055i000005QMWQAA4",
      "createdByName": "Automated Process",
      "createdDate": "2022-08-01T14:44:31.000Z",
      "fileName": "layouts/AssignedResource-Assigned Resource Layout.layout",
      "fullName": "AssignedResource-Assigned Resource Layout",
      "id": "00h5i000008y1ntAAA",
      "lastModifiedById": "0055i000005QMWQAA4",
      "lastModifiedByName": "Automated Process",
      "lastModifiedDate": "2022-08-01T14:44:31.000Z",
      "manageableState": "unmanaged",
      "type": "Layout"
    },
    {
      "createdById": "0055i000005QMWQAA4",
      "createdByName": "Automated Process",
      "createdDate": "2022-08-01T14:44:31.000Z",
      "fileName": "layouts/ResourceAbsence-Resource Absence Layout.layout",
      "fullName": "ResourceAbsence-Resource Absence Layout",
      "id": "00h5i000008y1npAAA",
      "lastModifiedById": "0055i000005QMWQAA4",
      "lastModifiedByName": "Automated Process",
      "lastModifiedDate": "2022-08-01T14:44:31.000Z",
      "manageableState": "unmanaged",
      "type": "Layout"
    },
    {
      "createdById": "0055i000005QMWRAA4",
      "createdByName": "salesforce.com, inc.",
      "createdDate": "2022-08-01T14:44:31.000Z",
      "fileName": "layouts/RefundLinePayment-Refund Line Payment Layout.layout",
      "fullName": "RefundLinePayment-Refund Line Payment Layout",
      "id": "00h5i000008y1nOAAQ",
      "lastModifiedById": "0055i000005QMWRAA4",
      "lastModifiedByName": "salesforce.com, inc.",
      "lastModifiedDate": "2022-08-01T14:44:31.000Z",
      "manageableState": "unmanaged",
      "type": "Layout"
    },
    {
      "createdById": "0055i000005QMWRAA4",
      "createdByName": "salesforce.com, inc.",
      "createdDate": "2022-08-01T14:44:31.000Z",
      "fileName": "layouts/ProcessException-Process Exception Layout.layout",
      "fullName": "ProcessException-Process Exception Layout",
      "id": "00h5i000008y1oQAAQ",
      "lastModifiedById": "0055i000005QMWRAA4",
      "lastModifiedByName": "salesforce.com, inc.",
      "lastModifiedDate": "2022-08-01T14:44:31.000Z",
      "manageableState": "unmanaged",
      "type": "Layout"
    },
    {
      "createdById": "0055i000005405uAAA",
      "createdByName": "Edsel Lita",
      "createdDate": "2022-08-01T14:49:44.000Z",
      "fileName": "layouts/CaseMilestone-Case Milestone Layout.layout",
      "fullName": "CaseMilestone-Case Milestone Layout",
      "id": "00h5i000005siQpAAI",
      "lastModifiedById": "0055i000005405uAAA",
      "lastModifiedByName": "Edsel Lita",
      "lastModifiedDate": "2022-08-01T14:49:44.000Z",
      "manageableState": "unmanaged",
      "type": "Layout"
    },
    {
      "createdById": "0055i000005QMWRAA4",
      "createdByName": "salesforce.com, inc.",
      "createdDate": "2022-08-01T14:44:31.000Z",
      "fileName": "layouts/LegalEntity-Legal Entity Layout.layout",
      "fullName": "LegalEntity-Legal Entity Layout",
      "id": "00h5i000008y1oPAAQ",
      "lastModifiedById": "0055i000005QMWRAA4",
      "lastModifiedByName": "salesforce.com, inc.",
      "lastModifiedDate": "2022-08-01T14:44:31.000Z",
      "manageableState": "unmanaged",
      "type": "Layout"
    },
    {
      "createdById": "0055i000005QMWRAA4",
      "createdByName": "salesforce.com, inc.",
      "createdDate": "2022-08-01T14:48:34.000Z",
      "fileName": "layouts/SessionHijackingEventStore-Session Hijacking Event Store Layout.layout",
      "fullName": "SessionHijackingEventStore-Session Hijacking Event Store Layout",
      "id": "00h5i000005siQ9AAI",
      "lastModifiedById": "0055i000005QMWRAA4",
      "lastModifiedByName": "salesforce.com, inc.",
      "lastModifiedDate": "2022-08-01T14:48:34.000Z",
      "manageableState": "unmanaged",
      "type": "Layout"
    },
    {
      "createdById": "0055i000005QMWRAA4",
      "createdByName": "salesforce.com, inc.",
      "createdDate": "2022-08-01T14:48:48.000Z",
      "fileName": "layouts/AssetRelationship-Asset Relationship Layout.layout",
      "fullName": "AssetRelationship-Asset Relationship Layout",
      "id": "00h5i000005siQQAAY",
      "lastModifiedById": "0055i000005QMWRAA4",
      "lastModifiedByName": "salesforce.com, inc.",
      "lastModifiedDate": "2022-08-01T14:48:48.000Z",
      "manageableState": "unmanaged",
      "type": "Layout"
    },
    {
      "createdById": "0055i000005QMWRAA4",
      "createdByName": "salesforce.com, inc.",
      "createdDate": "2022-08-01T14:44:31.000Z",
      "fileName": "layouts/SocialPersona-Social Persona Layout.layout",
      "fullName": "SocialPersona-Social Persona Layout",
      "id": "00h5i000008y1owAAA",
      "lastModifiedById": "0055i000005QMWRAA4",
      "lastModifiedByName": "salesforce.com, inc.",
      "lastModifiedDate": "2022-08-01T14:44:31.000Z",
      "manageableState": "unmanaged",
      "type": "Layout"
    },
    {
      "createdById": "0055i000005QMWRAA4",
      "createdByName": "salesforce.com, inc.",
      "createdDate": "2022-08-01T14:48:33.000Z",
      "fileName": "layouts/CredentialStuffingEventStore-Credential Stuffing Event Store Layout.layout",
      "fullName": "CredentialStuffingEventStore-Credential Stuffing Event Store Layout",
      "id": "00h5i000005siPxAAI",
      "lastModifiedById": "0055i000005QMWRAA4",
      "lastModifiedByName": "salesforce.com, inc.",
      "lastModifiedDate": "2022-08-01T14:48:33.000Z",
      "manageableState": "unmanaged",
      "type": "Layout"
    },
    {
      "createdById": "0055i000005QMWRAA4",
      "createdByName": "salesforce.com, inc.",
      "createdDate": "2022-08-01T14:44:31.000Z",
      "fileName": "layouts/PaymentGateway-Payment Gateway Layout.layout",
      "fullName": "PaymentGateway-Payment Gateway Layout",
      "id": "00h5i000008y1nPAAQ",
      "lastModifiedById": "0055i000005QMWRAA4",
      "lastModifiedByName": "salesforce.com, inc.",
      "lastModifiedDate": "2022-08-01T14:44:31.000Z",
      "manageableState": "unmanaged",
      "type": "Layout"
    },
    {
      "createdById": "0055i000005QMWRAA4",
      "createdByName": "salesforce.com, inc.",
      "createdDate": "2022-08-01T14:44:31.000Z",
      "fileName": "layouts/PaymentGroup-Payment Group Layout.layout",
      "fullName": "PaymentGroup-Payment Group Layout",
      "id": "00h5i000008y1nQAAQ",
      "lastModifiedById": "0055i000005QMWRAA4",
      "lastModifiedByName": "salesforce.com, inc.",
      "lastModifiedDate": "2022-08-01T14:44:31.000Z",
      "manageableState": "unmanaged",
      "type": "Layout"
    },
    {
      "createdById": "0055i000005405uAAA",
      "createdByName": "Edsel Lita",
      "createdDate": "2022-08-01T14:44:31.000Z",
      "fileName": "layouts/OpportunityLineItem-Opportunity Product Layout.layout",
      "fullName": "OpportunityLineItem-Opportunity Product Layout",
      "id": "00h5i000008y1p9AAA",
      "lastModifiedById": "0055i000005405uAAA",
      "lastModifiedByName": "Edsel Lita",
      "lastModifiedDate": "2022-08-01T14:44:31.000Z",
      "manageableState": "unmanaged",
      "type": "Layout"
    },
    {
      "createdById": "0055i000005405uAAA",
      "createdByName": "Edsel Lita",
      "createdDate": "2022-08-02T03:45:35.000Z",
      "fileName": "layouts/Wallet__c-Wallet Layout.layout",
      "fullName": "Wallet__c-Wallet Layout",
      "id": "00h5i000005sk84AAA",
      "lastModifiedById": "0055i000005405uAAA",
      "lastModifiedByName": "Edsel Lita",
      "lastModifiedDate": "2022-08-11T10:07:07.000Z",
      "manageableState": "unmanaged",
      "type": "Layout"
    },
    {
      "createdById": "0055i000005QMWQAA4",
      "createdByName": "Automated Process",
      "createdDate": "2022-08-01T14:44:31.000Z",
      "fileName": "layouts/ScorecardAssociation-Scorecard Association Layout.layout",
      "fullName": "ScorecardAssociation-Scorecard Association Layout",
      "id": "00h5i000008y1pWAAQ",
      "lastModifiedById": "0055i000005QMWQAA4",
      "lastModifiedByName": "Automated Process",
      "lastModifiedDate": "2022-08-01T14:44:31.000Z",
      "manageableState": "unmanaged",
      "type": "Layout"
    },
    {
      "createdById": "0055i000005405uAAA",
      "createdByName": "Edsel Lita",
      "createdDate": "2022-08-01T14:49:44.000Z",
      "fileName": "layouts/ContractLineItem-Contract Line Item Layout.layout",
      "fullName": "ContractLineItem-Contract Line Item Layout",
      "id": "00h5i000005siQoAAI",
      "lastModifiedById": "0055i000005405uAAA",
      "lastModifiedByName": "Edsel Lita",
      "lastModifiedDate": "2022-08-01T14:49:44.000Z",
      "manageableState": "unmanaged",
      "type": "Layout"
    },
    {
      "createdById": "0055i000005QMWRAA4",
      "createdByName": "salesforce.com, inc.",
      "createdDate": "2022-08-01T14:48:20.000Z",
      "fileName": "layouts/PaymentAuthAdjustment-Payment Authorization Adjustment Layout.layout",
      "fullName": "PaymentAuthAdjustment-Payment Authorization Adjustment Layout",
      "id": "00h5i000005siPdAAI",
      "lastModifiedById": "0055i000005QMWRAA4",
      "lastModifiedByName": "salesforce.com, inc.",
      "lastModifiedDate": "2022-08-01T14:48:20.000Z",
      "manageableState": "unmanaged",
      "type": "Layout"
    },
    {
      "createdById": "0055i000005QMWRAA4",
      "createdByName": "salesforce.com, inc.",
      "createdDate": "2022-08-01T14:44:31.000Z",
      "fileName": "layouts/Payment-Payment Layout.layout",
      "fullName": "Payment-Payment Layout",
      "id": "00h5i000008y1nSAAQ",
      "lastModifiedById": "0055i000005QMWRAA4",
      "lastModifiedByName": "salesforce.com, inc.",
      "lastModifiedDate": "2022-08-01T14:44:31.000Z",
      "manageableState": "unmanaged",
      "type": "Layout"
    },
    {
      "createdById": "0055i000005QMWRAA4",
      "createdByName": "salesforce.com, inc.",
      "createdDate": "2022-08-01T14:48:23.000Z",
      "fileName": "layouts/AuthorizationFormConsent-Authorization Form Consent Layout.layout",
      "fullName": "AuthorizationFormConsent-Authorization Form Consent Layout",
      "id": "00h5i000005siPrAAI",
      "lastModifiedById": "0055i000005405uAAA",
      "lastModifiedByName": "Edsel Lita",
      "lastModifiedDate": "2022-08-01T14:48:23.000Z",
      "manageableState": "unmanaged",
      "type": "Layout"
    },
    {
      "createdById": "0055i000005QMWQAA4",
      "createdByName": "Automated Process",
      "createdDate": "2022-08-01T14:50:02.000Z",
      "fileName": "layouts/AppointmentInvitation-Appointment Invitation Layout.layout",
      "fullName": "AppointmentInvitation-Appointment Invitation Layout",
      "id": "00h5i000005siQjAAI",
      "lastModifiedById": "0055i000005QMWQAA4",
      "lastModifiedByName": "Automated Process",
      "lastModifiedDate": "2022-08-01T14:50:02.000Z",
      "manageableState": "unmanaged",
      "type": "Layout"
    },
    {
      "createdById": "0055i000005QMWRAA4",
      "createdByName": "salesforce.com, inc.",
      "createdDate": "2022-08-01T14:44:31.000Z",
      "fileName": "layouts/AssetStatePeriod-Asset State Period Layout.layout",
      "fullName": "AssetStatePeriod-Asset State Period Layout",
      "id": "00h5i000008y1oHAAQ",
      "lastModifiedById": "0055i000005QMWRAA4",
      "lastModifiedByName": "salesforce.com, inc.",
      "lastModifiedDate": "2022-08-01T14:44:31.000Z",
      "manageableState": "unmanaged",
      "type": "Layout"
    },
    {
      "createdById": "0055i000005QMWRAA4",
      "createdByName": "salesforce.com, inc.",
      "createdDate": "2022-08-01T14:48:44.000Z",
      "fileName": "layouts/UserProvisioningLog-User Provisioning Log Layout.layout",
      "fullName": "UserProvisioningLog-User Provisioning Log Layout",
      "id": "00h5i000005siQOAAY",
      "lastModifiedById": "0055i000005QMWRAA4",
      "lastModifiedByName": "salesforce.com, inc.",
      "lastModifiedDate": "2022-08-01T14:48:44.000Z",
      "manageableState": "unmanaged",
      "type": "Layout"
    },
    {
      "createdById": "0055i000005QMWRAA4",
      "createdByName": "salesforce.com, inc.",
      "createdDate": "2022-08-01T14:44:31.000Z",
      "fileName": "layouts/DandBCompany-D%26B Company Layout.layout",
      "fullName": "DandBCompany-D%26B Company Layout",
      "id": "00h5i000008y1ohAAA",
      "lastModifiedById": "0055i000005QMWRAA4",
      "lastModifiedByName": "salesforce.com, inc.",
      "lastModifiedDate": "2022-08-01T14:44:31.000Z",
      "manageableState": "unmanaged",
      "type": "Layout"
    },
    {
      "createdById": "0055i000005405uAAA",
      "createdByName": "Edsel Lita",
      "createdDate": "2022-08-01T14:44:31.000Z",
      "fileName": "layouts/Opportunity-Opportunity %28Sales%29 Layout.layout",
      "fullName": "Opportunity-Opportunity %28Sales%29 Layout",
      "id": "00h5i000008y1mtAAA",
      "lastModifiedById": "0055i000005405uAAA",
      "lastModifiedByName": "Edsel Lita",
      "lastModifiedDate": "2022-08-01T14:44:31.000Z",
      "manageableState": "unmanaged",
      "type": "Layout"
    },
    {
      "createdById": "0055i000005405uAAA",
      "createdByName": "Edsel Lita",
      "createdDate": "2022-08-01T14:44:31.000Z",
      "fileName": "layouts/Contact-Contact Layout.layout",
      "fullName": "Contact-Contact Layout",
      "id": "00h5i000008y1mzAAA",
      "lastModifiedById": "0055i000005405uAAA",
      "lastModifiedByName": "Edsel Lita",
      "lastModifiedDate": "2022-08-01T14:44:31.000Z",
      "manageableState": "unmanaged",
      "type": "Layout"
    },
    {
      "createdById": "0055i000005QMWRAA4",
      "createdByName": "salesforce.com, inc.",
      "createdDate": "2022-08-01T14:44:31.000Z",
      "fileName": "layouts/BusinessBrand-Business Brand Layout.layout",
      "fullName": "BusinessBrand-Business Brand Layout",
      "id": "00h5i000008y1o1AAA",
      "lastModifiedById": "0055i000005QMWRAA4",
      "lastModifiedByName": "salesforce.com, inc.",
      "lastModifiedDate": "2022-08-01T14:44:31.000Z",
      "manageableState": "unmanaged",
      "type": "Layout"
    },
    {
      "createdById": "0055i000005QMWRAA4",
      "createdByName": "salesforce.com, inc.",
      "createdDate": "2022-08-01T14:48:42.000Z",
      "fileName": "layouts/EmailMessage-Email Message Layout.layout",
      "fullName": "EmailMessage-Email Message Layout",
      "id": "00h5i000005siQCAAY",
      "lastModifiedById": "0055i000005QMWRAA4",
      "lastModifiedByName": "salesforce.com, inc.",
      "lastModifiedDate": "2022-08-01T14:48:42.000Z",
      "manageableState": "unmanaged",
      "type": "Layout"
    },
    {
      "createdById": "0055i000005QMWRAA4",
      "createdByName": "salesforce.com, inc.",
      "createdDate": "2022-08-01T14:48:33.000Z",
      "fileName": "layouts/ReportAnomalyEventStore-Report Anomaly Event Store Layout.layout",
      "fullName": "ReportAnomalyEventStore-Report Anomaly Event Store Layout",
      "id": "00h5i000005siQ8AAI",
      "lastModifiedById": "0055i000005QMWRAA4",
      "lastModifiedByName": "salesforce.com, inc.",
      "lastModifiedDate": "2022-08-01T14:48:33.000Z",
      "manageableState": "unmanaged",
      "type": "Layout"
    },
    {
      "createdById": "0055i000005405uAAA",
      "createdByName": "Edsel Lita",
      "createdDate": "2022-08-01T14:44:31.000Z",
      "fileName": "layouts/Case-Case %28Marketing%29 Layout.layout",
      "fullName": "Case-Case %28Marketing%29 Layout",
      "id": "00h5i000008y1moAAA",
      "lastModifiedById": "0055i000005405uAAA",
      "lastModifiedByName": "Edsel Lita",
      "lastModifiedDate": "2022-08-01T14:44:31.000Z",
      "manageableState": "unmanaged",
      "type": "Layout"
    },
    {
      "createdById": "0055i000005405uAAA",
      "createdByName": "Edsel Lita",
      "createdDate": "2022-08-01T14:44:31.000Z",
      "fileName": "layouts/User-User Layout.layout",
      "fullName": "User-User Layout",
      "id": "00h5i000008y1pEAAQ",
      "lastModifiedById": "0055i000005405uAAA",
      "lastModifiedByName": "Edsel Lita",
      "lastModifiedDate": "2022-08-01T14:44:31.000Z",
      "manageableState": "unmanaged",
      "type": "Layout"
    },
    {
      "createdById": "0055i000005QMWRAA4",
      "createdByName": "salesforce.com, inc.",
      "createdDate": "2022-08-01T14:49:12.000Z",
      "fileName": "layouts/WorkStepTemplate-Work Step Template Layout.layout",
      "fullName": "WorkStepTemplate-Work Step Template Layout",
      "id": "00h5i000005siQiAAI",
      "lastModifiedById": "0055i000005QMWRAA4",
      "lastModifiedByName": "salesforce.com, inc.",
      "lastModifiedDate": "2022-08-01T14:49:12.000Z",
      "manageableState": "unmanaged",
      "type": "Layout"
    },
    {
      "createdById": "0055i000005405uAAA",
      "createdByName": "Edsel Lita",
      "createdDate": "2022-08-02T11:29:45.000Z",
      "fileName": "layouts/PayPal_User__c-User Layout.layout",
      "fullName": "PayPal_User__c-User Layout",
      "id": "00h5i000005smfhAAA",
      "lastModifiedById": "0055i000005405uAAA",
      "lastModifiedByName": "Edsel Lita",
      "lastModifiedDate": "2022-08-11T09:34:11.000Z",
      "manageableState": "unmanaged",
      "type": "Layout"
    },
    {
      "createdById": "0055i000005405uAAA",
      "createdByName": "Edsel Lita",
      "createdDate": "2022-08-01T14:44:31.000Z",
      "fileName": "layouts/Case-Case %28Support%29 Layout.layout",
      "fullName": "Case-Case %28Support%29 Layout",
      "id": "00h5i000008y1mqAAA",
      "lastModifiedById": "0055i000005405uAAA",
      "lastModifiedByName": "Edsel Lita",
      "lastModifiedDate": "2022-08-01T14:44:31.000Z",
      "manageableState": "unmanaged",
      "type": "Layout"
    },
    {
      "createdById": "0055i000005QMWRAA4",
      "createdByName": "salesforce.com, inc.",
      "createdDate": "2022-08-01T14:49:12.000Z",
      "fileName": "layouts/WorkStep-Work Step Layout.layout",
      "fullName": "WorkStep-Work Step Layout",
      "id": "00h5i000005siQVAAY",
      "lastModifiedById": "0055i000005QMWRAA4",
      "lastModifiedByName": "salesforce.com, inc.",
      "lastModifiedDate": "2022-08-01T14:49:12.000Z",
      "manageableState": "unmanaged",
      "type": "Layout"
    },
    {
      "createdById": "0055i000005405uAAA",
      "createdByName": "Edsel Lita",
      "createdDate": "2022-08-01T14:44:31.000Z",
      "fileName": "layouts/ContactPointPhone-Contact Point Phone Layout.layout",
      "fullName": "ContactPointPhone-Contact Point Phone Layout",
      "id": "00h5i000008y1nZAAQ",
      "lastModifiedById": "0055i000005405uAAA",
      "lastModifiedByName": "Edsel Lita",
      "lastModifiedDate": "2022-08-01T14:44:31.000Z",
      "manageableState": "unmanaged",
      "type": "Layout"
    },
    {
      "createdById": "0055i000005QMWQAA4",
      "createdByName": "Automated Process",
      "createdDate": "2022-08-01T14:44:31.000Z",
      "fileName": "layouts/WorkType-Work Type Layout.layout",
      "fullName": "WorkType-Work Type Layout",
      "id": "00h5i000008y1niAAA",
      "lastModifiedById": "0055i000005QMWQAA4",
      "lastModifiedByName": "Automated Process",
      "lastModifiedDate": "2022-08-01T14:44:31.000Z",
      "manageableState": "unmanaged",
      "type": "Layout"
    },
    {
      "createdById": "0055i000005QMWRAA4",
      "createdByName": "salesforce.com, inc.",
      "createdDate": "2022-08-01T14:44:31.000Z",
      "fileName": "layouts/DigitalWallet-Digital Wallet Layout.layout",
      "fullName": "DigitalWallet-Digital Wallet Layout",
      "id": "00h5i000008y1nRAAQ",
      "lastModifiedById": "0055i000005QMWRAA4",
      "lastModifiedByName": "salesforce.com, inc.",
      "lastModifiedDate": "2022-08-01T14:44:31.000Z",
      "manageableState": "unmanaged",
      "type": "Layout"
    },
    {
      "createdById": "0055i000005405uAAA",
      "createdByName": "Edsel Lita",
      "createdDate": "2022-08-01T14:44:31.000Z",
      "fileName": "layouts/ScorecardMetric-Scorecard Metric Layout.layout",
      "fullName": "ScorecardMetric-Scorecard Metric Layout",
      "id": "00h5i000008y1pUAAQ",
      "lastModifiedById": "0055i000005405uAAA",
      "lastModifiedByName": "Edsel Lita",
      "lastModifiedDate": "2022-08-01T14:44:31.000Z",
      "manageableState": "unmanaged",
      "type": "Layout"
    },
    {
      "createdById": "0055i000005QMWQAA4",
      "createdByName": "Automated Process",
      "createdDate": "2022-08-01T14:44:31.000Z",
      "fileName": "layouts/CommunityMemberLayout-Community Member Layout.layout",
      "fullName": "CommunityMemberLayout-Community Member Layout",
      "id": "00h5i000008y1pSAAQ",
      "lastModifiedById": "0055i000005QMWQAA4",
      "lastModifiedByName": "Automated Process",
      "lastModifiedDate": "2022-08-01T14:44:31.000Z",
      "manageableState": "unmanaged",
      "type": "Layout"
    },
    {
      "createdById": "0055i000005QMWQAA4",
      "createdByName": "Automated Process",
      "createdDate": "2022-08-01T14:44:31.000Z",
      "fileName": "layouts/ServiceTerritoryMember-Service Territory Member Layout.layout",
      "fullName": "ServiceTerritoryMember-Service Territory Member Layout",
      "id": "00h5i000008y1nlAAA",
      "lastModifiedById": "0055i000005QMWQAA4",
      "lastModifiedByName": "Automated Process",
      "lastModifiedDate": "2022-08-01T14:44:31.000Z",
      "manageableState": "unmanaged",
      "type": "Layout"
    },
    {
      "createdById": "0055i000005405uAAA",
      "createdByName": "Edsel Lita",
      "createdDate": "2022-08-01T14:44:31.000Z",
      "fileName": "layouts/Contract-Contract Layout.layout",
      "fullName": "Contract-Contract Layout",
      "id": "00h5i000008y1p6AAA",
      "lastModifiedById": "0055i000005405uAAA",
      "lastModifiedByName": "Edsel Lita",
      "lastModifiedDate": "2022-08-01T14:44:31.000Z",
      "manageableState": "unmanaged",
      "type": "Layout"
    },
    {
      "createdById": "0055i000005405uAAA",
      "createdByName": "Edsel Lita",
      "createdDate": "2022-08-02T03:54:33.000Z",
      "fileName": "layouts/Bill__c-Bill Layout.layout",
      "fullName": "Bill__c-Bill Layout",
      "id": "00h5i000005sk9CAAQ",
      "lastModifiedById": "0055i000005405uAAA",
      "lastModifiedByName": "Edsel Lita",
      "lastModifiedDate": "2022-08-11T10:07:37.000Z",
      "manageableState": "unmanaged",
      "type": "Layout"
    },
    {
      "createdById": "0055i000005QMWRAA4",
      "createdByName": "salesforce.com, inc.",
      "createdDate": "2022-08-01T14:44:31.000Z",
      "fileName": "layouts/ProductConsumptionSchedule-Product Consumption Schedule Layout.layout",
      "fullName": "ProductConsumptionSchedule-Product Consumption Schedule Layout",
      "id": "00h5i000008y1oVAAQ",
      "lastModifiedById": "0055i000005QMWRAA4",
      "lastModifiedByName": "salesforce.com, inc.",
      "lastModifiedDate": "2022-08-01T14:44:31.000Z",
      "manageableState": "unmanaged",
      "type": "Layout"
    },
    {
      "createdById": "0055i000005405uAAA",
      "createdByName": "Edsel Lita",
      "createdDate": "2022-08-01T14:49:03.000Z",
      "fileName": "layouts/WorkOrderLineItem-Work Order Line Item Layout.layout",
      "fullName": "WorkOrderLineItem-Work Order Line Item Layout",
      "id": "00h5i000005siQTAAY",
      "lastModifiedById": "0055i000005405uAAA",
      "lastModifiedByName": "Edsel Lita",
      "lastModifiedDate": "2022-08-01T14:49:03.000Z",
      "manageableState": "unmanaged",
      "type": "Layout"
    },
    {
      "createdById": "0055i000005405uAAA",
      "createdByName": "Edsel Lita",
      "createdDate": "2022-08-01T14:44:31.000Z",
      "fileName": "layouts/Account-Account Layout.layout",
      "fullName": "Account-Account Layout",
      "id": "00h5i000008y1n3AAA",
      "lastModifiedById": "0055i000005405uAAA",
      "lastModifiedByName": "Edsel Lita",
      "lastModifiedDate": "2022-08-01T14:44:31.000Z",
      "manageableState": "unmanaged",
      "type": "Layout"
    },
    {
      "createdById": "0055i000005QMWRAA4",
      "createdByName": "salesforce.com, inc.",
      "createdDate": "2022-08-01T14:44:31.000Z",
      "fileName": "layouts/DuplicateRecordSet-Duplicate Record Set Layout.layout",
      "fullName": "DuplicateRecordSet-Duplicate Record Set Layout",
      "id": "00h5i000008y1ogAAA",
      "lastModifiedById": "0055i000005QMWRAA4",
      "lastModifiedByName": "salesforce.com, inc.",
      "lastModifiedDate": "2022-08-01T14:44:31.000Z",
      "manageableState": "unmanaged",
      "type": "Layout"
    },
    {
      "createdById": "0055i000005QMWRAA4",
      "createdByName": "salesforce.com, inc.",
      "createdDate": "2022-08-01T14:44:31.000Z",
      "fileName": "layouts/Customer-Customer Layout.layout",
      "fullName": "Customer-Customer Layout",
      "id": "00h5i000008y1nzAAA",
      "lastModifiedById": "0055i000005QMWRAA4",
      "lastModifiedByName": "salesforce.com, inc.",
      "lastModifiedDate": "2022-08-01T14:44:31.000Z",
      "manageableState": "unmanaged",
      "type": "Layout"
    },
    {
      "createdById": "0055i000005QMWRAA4",
      "createdByName": "salesforce.com, inc.",
      "createdDate": "2022-08-01T14:49:12.000Z",
      "fileName": "layouts/WorkPlanTemplate-Work Plan Template Layout.layout",
      "fullName": "WorkPlanTemplate-Work Plan Template Layout",
      "id": "00h5i000005siQWAAY",
      "lastModifiedById": "0055i000005QMWRAA4",
      "lastModifiedByName": "salesforce.com, inc.",
      "lastModifiedDate": "2022-08-01T14:49:12.000Z",
      "manageableState": "unmanaged",
      "type": "Layout"
    },
    {
      "createdById": "0055i000005QMWQAA4",
      "createdByName": "Automated Process",
      "createdDate": "2022-08-01T14:44:31.000Z",
      "fileName": "layouts/ServiceAppointment-Service Appointment Layout.layout",
      "fullName": "ServiceAppointment-Service Appointment Layout",
      "id": "00h5i000008y1nuAAA",
      "lastModifiedById": "0055i000005QMWQAA4",
      "lastModifiedByName": "Automated Process",
      "lastModifiedDate": "2022-08-01T14:44:31.000Z",
      "manageableState": "unmanaged",
      "type": "Layout"
    },
    {
      "createdById": "0055i000005QMWRAA4",
      "createdByName": "salesforce.com, inc.",
      "createdDate": "2022-08-01T14:44:31.000Z",
      "fileName": "layouts/InvoiceLine-Invoice Line Layout.layout",
      "fullName": "InvoiceLine-Invoice Line Layout",
      "id": "00h5i000008y1nfAAA",
      "lastModifiedById": "0055i000005QMWRAA4",
      "lastModifiedByName": "salesforce.com, inc.",
      "lastModifiedDate": "2022-08-01T14:44:31.000Z",
      "manageableState": "unmanaged",
      "type": "Layout"
    },
    {
      "createdById": "0055i000005QMWQAA4",
      "createdByName": "Automated Process",
      "createdDate": "2022-08-01T14:44:31.000Z",
      "fileName": "layouts/TimeSlot-Time Slot Layout.layout",
      "fullName": "TimeSlot-Time Slot Layout",
      "id": "00h5i000008y1nrAAA",
      "lastModifiedById": "0055i000005QMWQAA4",
      "lastModifiedByName": "Automated Process",
      "lastModifiedDate": "2022-08-01T14:44:31.000Z",
      "manageableState": "unmanaged",
      "type": "Layout"
    },
    {
      "createdById": "0055i000005QMWRAA4",
      "createdByName": "salesforce.com, inc.",
      "createdDate": "2022-08-01T14:48:23.000Z",
      "fileName": "layouts/DataUsePurpose-Data Use Purpose Layout.layout",
      "fullName": "DataUsePurpose-Data Use Purpose Layout",
      "id": "00h5i000005siPuAAI",
      "lastModifiedById": "0055i000005405uAAA",
      "lastModifiedByName": "Edsel Lita",
      "lastModifiedDate": "2022-08-01T14:48:23.000Z",
      "manageableState": "unmanaged",
      "type": "Layout"
    },
    {
      "createdById": "0055i000005QMWRAA4",
      "createdByName": "salesforce.com, inc.",
      "createdDate": "2022-08-01T14:44:31.000Z",
      "fileName": "layouts/ConsumptionSchedule-Consumption Schedule Layout.layout",
      "fullName": "ConsumptionSchedule-Consumption Schedule Layout",
      "id": "00h5i000008y1oTAAQ",
      "lastModifiedById": "0055i000005QMWRAA4",
      "lastModifiedByName": "salesforce.com, inc.",
      "lastModifiedDate": "2022-08-01T14:44:31.000Z",
      "manageableState": "unmanaged",
      "type": "Layout"
    },
    {
      "createdById": "0055i000005405uAAA",
      "createdByName": "Edsel Lita",
      "createdDate": "2022-08-01T14:44:31.000Z",
      "fileName": "layouts/Lead-Lead %28Marketing%29 Layout.layout",
      "fullName": "Lead-Lead %28Marketing%29 Layout",
      "id": "00h5i000008y1n4AAA",
      "lastModifiedById": "0055i000005405uAAA",
      "lastModifiedByName": "Edsel Lita",
      "lastModifiedDate": "2022-08-01T14:44:31.000Z",
      "manageableState": "unmanaged",
      "type": "Layout"
    },
    {
      "createdById": "0055i000005405uAAA",
      "createdByName": "Edsel Lita",
      "createdDate": "2022-08-01T14:44:31.000Z",
      "fileName": "layouts/Asset-Asset Layout.layout",
      "fullName": "Asset-Asset Layout",
      "id": "00h5i000008y1p4AAA",
      "lastModifiedById": "0055i000005405uAAA",
      "lastModifiedByName": "Edsel Lita",
      "lastModifiedDate": "2022-08-01T14:44:31.000Z",
      "manageableState": "unmanaged",
      "type": "Layout"
    }
  ]
}