{
  "status": 0,
  "result": [
    {
      "createdById": "0055i000005405uAAA",
      "createdByName": "Edsel Lita",
      "createdDate": "2022-08-02T03:20:22.000Z",
      "fileName": "profilePasswordPolicies/PT1_profilePasswordPolicy1659410422908.profilePasswordPolicy",
      "fullName": "PT1_profilePasswordPolicy1659410422908",
      "id": "0HV5i000000TvNYGA0",
      "lastModifiedById": "0055i000005405uAAA",
      "lastModifiedByName": "Edsel Lita",
      "lastModifiedDate": "2022-08-02T03:20:22.000Z",
      "manageableState": "unmanaged",
      "type": "ProfilePasswordPolicy"
    },
    {
      "createdById": "0055i000005405uAAA",
      "createdByName": "Edsel Lita",
      "createdDate": "2022-08-11T09:51:58.000Z",
      "fileName": "profilePasswordPolicies/CFO_Profile_profilePasswordPolicy1660211518206.profilePasswordPolicy",
      "fullName": "CFO_Profile_profilePasswordPolicy1660211518206",
      "id": "0HV5i000000Tyh1GAC",
      "lastModifiedById": "0055i000005405uAAA",
      "lastModifiedByName": "Edsel Lita",
      "lastModifiedDate": "2022-08-11T09:51:58.000Z",
      "manageableState": "unmanaged",
      "type": "ProfilePasswordPolicy"
    }
  ]
}