{
  "status": 0,
  "result": [
    {
      "createdById": "0055i000005405uAAA",
      "createdByName": "Edsel Lita",
      "createdDate": "2022-08-11T09:51:58.000Z",
      "fileName": "profileSessionSettings/null_profileSessionSetting1660211518252.profileSessionSetting",
      "fullName": "null_profileSessionSetting1660211518252",
      "id": "0HU5i000000Ty2DGAS",
      "lastModifiedById": "0055i000005405uAAA",
      "lastModifiedByName": "Edsel Lita",
      "lastModifiedDate": "2022-08-11T09:51:58.000Z",
      "manageableState": "unmanaged",
      "type": "ProfileSessionSetting"
    },
    {
      "createdById": "0055i000005405uAAA",
      "createdByName": "Edsel Lita",
      "createdDate": "2022-08-02T03:20:23.000Z",
      "fileName": "profileSessionSettings/PT1_profileSessionSetting1659410422996.profileSessionSetting",
      "fullName": "PT1_profileSessionSetting1659410422996",
      "id": "0HU5i000000TuneGAC",
      "lastModifiedById": "0055i000005405uAAA",
      "lastModifiedByName": "Edsel Lita",
      "lastModifiedDate": "2022-08-02T03:20:23.000Z",
      "manageableState": "unmanaged",
      "type": "ProfileSessionSetting"
    }
  ]
}