{
  "status": 0,
  "result": [
    {
      "createdById": "0055i000005405uAAA",
      "createdByName": "Edsel Lita",
      "createdDate": "1970-01-01T00:00:00.000Z",
      "fileName": "workflows/Case.workflow",
      "fullName": "Case",
      "id": "",
      "lastModifiedById": "0055i000005405uAAA",
      "lastModifiedByName": "Edsel Lita",
      "lastModifiedDate": "1970-01-01T00:00:00.000Z",
      "namespacePrefix": "",
      "type": "Workflow"
    },
    {
      "createdById": "0055i000005405uAAA",
      "createdByName": "Edsel Lita",
      "createdDate": "2022-08-02T03:54:33.000Z",
      "fileName": "Workflow/Bill__c.workflow",
      "fullName": "Bill__c",
      "id": "01I5i000000r8VcEAI",
      "lastModifiedById": "0055i000005405uAAA",
      "lastModifiedByName": "Edsel Lita",
      "lastModifiedDate": "2022-08-02T03:54:33.000Z",
      "manageableState": "unmanaged",
      "type": "Workflow"
    }
  ]
}