<?xml version="1.0" encoding="UTF-8"?>
<FlexiPage xmlns="http://soap.sforce.com/2006/04/metadata">
    <flexiPageRegions>
        <itemInstances>
            <componentInstance>
                <componentInstanceProperties>
                    <name>cacheAge</name>
                    <value>1440</value>
                </componentInstanceProperties>
                <componentInstanceProperties>
                    <name>label</name>
                </componentInstanceProperties>
                <componentInstanceProperties>
                    <name>reportName</name>
                    <value>Employees_who_Passed_and_Failed_ZDq</value>
                </componentInstanceProperties>
                <componentInstanceProperties>
                    <name>showRefreshButton</name>
                    <value>true</value>
                </componentInstanceProperties>
                <componentName>flexipage:reportChart</componentName>
                <identifier>flexipage_reportChart</identifier>
            </componentInstance>
        </itemInstances>
        <mode>Replace</mode>
        <name>top</name>
        <type>Region</type>
    </flexiPageRegions>
    <flexiPageRegions>
        <itemInstances>
            <componentInstance>
                <componentInstanceProperties>
                    <name>cacheAge</name>
                    <value>1440</value>
                </componentInstanceProperties>
                <componentInstanceProperties>
                    <name>reportName</name>
                    <value>Unassigned_Vouchers_EOG</value>
                </componentInstanceProperties>
                <componentInstanceProperties>
                    <name>showRefreshButton</name>
                    <value>true</value>
                </componentInstanceProperties>
                <componentName>flexipage:reportChart</componentName>
                <identifier>flexipage_reportChart2</identifier>
            </componentInstance>
        </itemInstances>
        <mode>Replace</mode>
        <name>bottomLeft</name>
        <type>Region</type>
    </flexiPageRegions>
    <flexiPageRegions>
        <mode>Replace</mode>
        <name>bottomRight</name>
        <type>Region</type>
    </flexiPageRegions>
    <flexiPageRegions>
        <itemInstances>
            <componentInstance>
                <componentInstanceProperties>
                    <name>cacheAge</name>
                    <value>1440</value>
                </componentInstanceProperties>
                <componentInstanceProperties>
                    <name>reportName</name>
                    <value>New_Report_1RH</value>
                </componentInstanceProperties>
                <componentInstanceProperties>
                    <name>showRefreshButton</name>
                    <value>true</value>
                </componentInstanceProperties>
                <componentName>flexipage:reportChart</componentName>
                <identifier>flexipage_reportChart3</identifier>
            </componentInstance>
        </itemInstances>
        <mode>Replace</mode>
        <name>sidebar</name>
        <type>Region</type>
    </flexiPageRegions>
    <masterLabel>Home Page Default</masterLabel>
    <parentFlexiPage>home__desktopDefault</parentFlexiPage>
    <template>
        <name>home:desktopTemplate</name>
    </template>
    <type>HomePage</type>
</FlexiPage>
