<?xml version="1.0" encoding="UTF-8"?>
<CustomApplication xmlns="http://soap.sforce.com/2006/04/metadata">
    <actionOverrides>
        <actionName>Tab</actionName>
        <content>Home_Page_Default</content>
        <formFactor>Large</formFactor>
        <skipRecordTypeSelect>false</skipRecordTypeSelect>
        <type>Flexipage</type>
        <pageOrSobjectType>standard-home</pageOrSobjectType>
    </actionOverrides>
    <actionOverrides>
        <actionName>View</actionName>
        <comment>Action override created by Lightning App Builder during activation.</comment>
        <content>Sales_Agreement_Record_Page</content>
        <formFactor>Small</formFactor>
        <skipRecordTypeSelect>false</skipRecordTypeSelect>
        <type>Flexipage</type>
        <pageOrSobjectType>SalesAgreement</pageOrSobjectType>
    </actionOverrides>
    <actionOverrides>
        <actionName>View</actionName>
        <comment>Action override created by Lightning App Builder during activation.</comment>
        <content>Sales_Agreement_Record_Page</content>
        <formFactor>Large</formFactor>
        <skipRecordTypeSelect>false</skipRecordTypeSelect>
        <type>Flexipage</type>
        <pageOrSobjectType>SalesAgreement</pageOrSobjectType>
    </actionOverrides>
    <formFactors>Small</formFactors>
    <formFactors>Large</formFactors>
    <isNavAutoTempTabsDisabled>false</isNavAutoTempTabsDisabled>
    <isNavPersonalizationDisabled>false</isNavPersonalizationDisabled>
    <label>Manufacturing</label>
    <navType>Standard</navType>
    <tabs>standard-home</tabs>
    <tabs>standard-Opportunity</tabs>
    <tabs>standard-Lead</tabs>
    <tabs>standard-Account</tabs>
    <tabs>standard-Contact</tabs>
    <tabs>standard-SalesAgreement</tabs>
    <tabs>standard-Product2</tabs>
    <tabs>standard-Order</tabs>
    <tabs>standard-Task</tabs>
    <tabs>standard-report</tabs>
    <tabs>standard-CollaborationGroup</tabs>
    <tabs>standard-AcctMgrTarget</tabs>
    <tabs>standard-RebateProgram</tabs>
    <tabs>standard-RebateProgramMember</tabs>
    <tabs>standard-TransactionJournal</tabs>
    <tabs>standard-RebateClaim</tabs>
    <tabs>standard-RebateMemberAggregateItem</tabs>
    <tabs>standard-AdvAcctForecastSetUse</tabs>
    <uiType>Lightning</uiType>
</CustomApplication>
