<?xml version="1.0" encoding="UTF-8"?>
<CustomApplication xmlns="http://soap.sforce.com/2006/04/metadata">
    <formFactors>Large</formFactors>
    <isNavAutoTempTabsDisabled>false</isNavAutoTempTabsDisabled>
    <isNavPersonalizationDisabled>false</isNavPersonalizationDisabled>
    <label>Commerce</label>
    <navType>Console</navType>
    <tabs>standard-home</tabs>
    <tabs>standard-ProductCatalog</tabs>
    <tabs>standard-Pricebook2</tabs>
    <tabs>standard-Account</tabs>
    <tabs>standard-Contact</tabs>
    <tabs>standard-report</tabs>
    <tabs>standard-Order</tabs>
    <uiType>Lightning</uiType>
    <workspaceConfig>
        <mappings>
            <tab>standard-Account</tab>
        </mappings>
        <mappings>
            <tab>standard-Contact</tab>
        </mappings>
        <mappings>
            <tab>standard-Order</tab>
        </mappings>
        <mappings>
            <tab>standard-Pricebook2</tab>
        </mappings>
        <mappings>
            <tab>standard-ProductCatalog</tab>
        </mappings>
        <mappings>
            <tab>standard-home</tab>
        </mappings>
        <mappings>
            <tab>standard-report</tab>
        </mappings>
    </workspaceConfig>
</CustomApplication>
