<?xml version="1.0" encoding="UTF-8"?>
<FlexiPage xmlns="http://soap.sforce.com/2006/04/metadata">
    <flexiPageRegions>
        <itemInstances>
            <componentInstance>
                <componentInstanceProperties>
                    <name>flowLayout</name>
                    <value>twoColumn</value>
                </componentInstanceProperties>
                <componentInstanceProperties>
                    <name>flowName</name>
                    <value>Case_Escalation_Form</value>
                </componentInstanceProperties>
                <componentName>flowruntime:interview</componentName>
                <identifier>flowruntime_interview</identifier>
            </componentInstance>
        </itemInstances>
        <name>Facet-f684a2e9-aa5f-4233-95fc-6641ee6ce154</name>
        <type>Facet</type>
    </flexiPageRegions>
    <flexiPageRegions>
        <itemInstances>
            <componentInstance>
                <componentInstanceProperties>
                    <name>active</name>
                    <value>true</value>
                </componentInstanceProperties>
                <componentInstanceProperties>
                    <name>body</name>
                    <value>Facet-f684a2e9-aa5f-4233-95fc-6641ee6ce154</value>
                </componentInstanceProperties>
                <componentInstanceProperties>
                    <name>title</name>
                    <value>Case Escalation</value>
                </componentInstanceProperties>
                <componentName>flexipage:tab</componentName>
                <identifier>flexipage_tab</identifier>
            </componentInstance>
        </itemInstances>
        <name>Facet-1f13aa0e-9ddc-4869-8d5b-b8983157d733</name>
        <type>Facet</type>
    </flexiPageRegions>
    <flexiPageRegions>
        <itemInstances>
            <componentInstance>
                <componentInstanceProperties>
                    <name>tabs</name>
                    <value>Facet-1f13aa0e-9ddc-4869-8d5b-b8983157d733</value>
                </componentInstanceProperties>
                <componentName>flexipage:tabset</componentName>
                <identifier>flexipage_tabset</identifier>
            </componentInstance>
        </itemInstances>
        <mode>Replace</mode>
        <name>top</name>
        <type>Region</type>
    </flexiPageRegions>
    <flexiPageRegions>
        <itemInstances>
            <componentInstance>
                <componentName>home:eventContainer</componentName>
                <identifier>home_eventContainer</identifier>
            </componentInstance>
        </itemInstances>
        <itemInstances>
            <componentInstance>
                <componentName>home:recentRecordContainer</componentName>
                <identifier>home_recentRecordContainer</identifier>
            </componentInstance>
        </itemInstances>
        <mode>Replace</mode>
        <name>bottomLeft</name>
        <type>Region</type>
    </flexiPageRegions>
    <flexiPageRegions>
        <itemInstances>
            <componentInstance>
                <componentName>runtime_sales_activities:todayTaskContainer</componentName>
                <identifier>runtime_sales_activities_todayTaskContainer</identifier>
            </componentInstance>
        </itemInstances>
        <itemInstances>
            <componentInstance>
                <componentName>home:topDealsContainer</componentName>
                <identifier>home_topDealsContainer</identifier>
            </componentInstance>
        </itemInstances>
        <mode>Replace</mode>
        <name>bottomRight</name>
        <type>Region</type>
    </flexiPageRegions>
    <flexiPageRegions>
        <itemInstances>
            <componentInstance>
                <componentName>home:assistant</componentName>
                <identifier>home_assistant</identifier>
            </componentInstance>
        </itemInstances>
        <mode>Replace</mode>
        <name>sidebar</name>
        <type>Region</type>
    </flexiPageRegions>
    <masterLabel>Home Page Default</masterLabel>
    <parentFlexiPage>home__desktopDefault</parentFlexiPage>
    <template>
        <name>home:desktopTemplate</name>
    </template>
    <type>HomePage</type>
</FlexiPage>
