<?xml version="1.0" encoding="UTF-8"?>
<FlexiPage xmlns="http://soap.sforce.com/2006/04/metadata">
    <flexiPageRegions>
        <itemInstances>
            <componentInstance>
                <componentName>propertyFilter</componentName>
                <identifier>propertyFilter</identifier>
            </componentInstance>
        </itemInstances>
        <itemInstances>
            <componentInstance>
                <componentInstanceProperties>
                    <name>flowLayout</name>
                    <value>oneColumn</value>
                </componentInstanceProperties>
                <componentInstanceProperties>
                    <name>flowName</name>
                    <value>Create_property</value>
                </componentInstanceProperties>
                <componentName>flowruntime:interview</componentName>
                <identifier>flowruntime_interview</identifier>
            </componentInstance>
        </itemInstances>
        <name>left</name>
        <type>Region</type>
    </flexiPageRegions>
    <flexiPageRegions>
        <itemInstances>
            <componentInstance>
                <componentName>propertyTileList</componentName>
                <identifier>propertyTileList</identifier>
            </componentInstance>
        </itemInstances>
        <name>center</name>
        <type>Region</type>
    </flexiPageRegions>
    <flexiPageRegions>
        <itemInstances>
            <componentInstance>
                <componentName>propertySummary</componentName>
                <identifier>propertySummary</identifier>
            </componentInstance>
        </itemInstances>
        <itemInstances>
            <componentInstance>
                <componentName>propertyMap</componentName>
                <identifier>propertyMap</identifier>
            </componentInstance>
        </itemInstances>
        <name>right</name>
        <type>Region</type>
    </flexiPageRegions>
    <masterLabel>Property Explorer</masterLabel>
    <template>
        <name>pageTemplate_2_7_3</name>
    </template>
    <type>AppPage</type>
</FlexiPage>
