[{"_allAttributes":null,"_properties":null,"_methods":null,"file":"c:/VS_Code/Car App/force-app/main/default/lwc/carPhotos/carPhotos.js","metadata":{"decorators":[],"declarationLoc":{"start":{"line":7,"column":0},"end":{"line":114,"column":1}},"classMembers":[{"type":"property","name":"nameinfo","loc":{"start":{"line":9,"column":0},"end":{"line":9,"column":9}}},{"type":"property","name":"goToModel","loc":{"start":{"line":10,"column":0},"end":{"line":10,"column":10}}},{"type":"property","name":"goToCar","loc":{"start":{"line":11,"column":0},"end":{"line":11,"column":15}}},{"type":"property","name":"wiggly","loc":{"start":{"line":12,"column":0},"end":{"line":12,"column":7}}},{"type":"property","name":"brv","loc":{"start":{"line":13,"column":0},"end":{"line":13,"column":4}}},{"type":"property","name":"error","loc":{"start":{"line":14,"column":0},"end":{"line":14,"column":6}}},{"type":"property","name":"slides","loc":{"start":{"line":16,"column":0},"end":{"line":42,"column":5}}},{"type":"method","name":"viewModel","loc":{"start":{"line":44,"column":4},"end":{"line":46,"column":5}}},{"type":"method","name":"handleClick","loc":{"start":{"line":48,"column":4},"end":{"line":104,"column":5}}},{"type":"method","name":"navigateCar","loc":{"start":{"line":106,"column":4},"end":{"line":110,"column":5}}}],"exports":[{"type":"ExportDefaultDeclaration"}]},"updatedAt":"2022-08-08T22:17:36.495Z"},{"_allAttributes":null,"_properties":null,"_methods":null,"file":"c:/VS_Code/Car App/force-app/main/default/lwc/carDetails/carDetails.js","metadata":{"decorators":[{"type":"api","targets":[{"type":"property","name":"carname","value":{"type":"unresolved"}},{"type":"property","name":"showModel","value":{"type":"boolean","value":false}}]},{"type":"wire","targets":[{"name":"handleCarData","adapter":{"name":"fetchCar","reference":"@salesforce/apex/CarDataController.carDetails"},"type":"method"}]}],"declarationLoc":{"start":{"line":4,"column":0},"end":{"line":84,"column":1}},"classMembers":[{"type":"property","name":"count","loc":{"start":{"line":5,"column":0},"end":{"line":5,"column":10}}},{"type":"property","name":"result","loc":{"start":{"line":6,"column":0},"end":{"line":6,"column":7}}},{"type":"property","name":"error","loc":{"start":{"line":7,"column":0},"end":{"line":7,"column":6}}},{"type":"property","name":"mCar","loc":{"start":{"line":8,"column":0},"end":{"line":8,"column":10}}},{"type":"property","name":"carname","loc":{"start":{"line":9,"column":0},"end":{"line":9,"column":13}},"decorator":"api","value":{"type":"unresolved"}},{"type":"property","name":"showModel","loc":{"start":{"line":10,"column":0},"end":{"line":10,"column":23}},"decorator":"api","value":{"type":"boolean","value":false}},{"type":"method","name":"turnShowModelOn","loc":{"start":{"line":12,"column":4},"end":{"line":15,"column":5}}},{"type":"method","name":"handleViewModel","loc":{"start":{"line":17,"column":4},"end":{"line":21,"column":5}}},{"type":"method","name":"handleClickNext","loc":{"start":{"line":23,"column":4},"end":{"line":41,"column":5}}},{"type":"method","name":"handleClickPrevious","loc":{"start":{"line":43,"column":4},"end":{"line":63,"column":5}}},{"type":"method","name":"handleCarData","loc":{"start":{"line":65,"column":4},"end":{"line":81,"column":5}},"decorator":"wire"}],"exports":[{"type":"ExportDefaultDeclaration"}]},"updatedAt":"2022-08-08T22:16:14.109Z"},{"_allAttributes":null,"_properties":null,"_methods":null,"file":"c:/VS_Code/Car App/force-app/main/default/lwc/childComponent/childComponent.js","metadata":{"decorators":[{"type":"api","targets":[{"type":"property","name":"message","value":{"type":"string","value":"Record of Child"}}]}],"declarationLoc":{"start":{"line":3,"column":0},"end":{"line":7,"column":1}},"classMembers":[{"type":"property","name":"message","loc":{"start":{"line":5,"column":4},"end":{"line":5,"column":37}},"decorator":"api","value":{"type":"string","value":"Record of Child"}}],"exports":[{"type":"ExportDefaultDeclaration"}]},"updatedAt":"2022-07-28T07:51:23.528Z"},{"_allAttributes":null,"_properties":null,"_methods":null,"file":"c:/VS_Code/Car App/force-app/main/default/lwc/carousel/carousel.js","metadata":{"decorators":[{"type":"api","targets":[{"type":"property","name":"slides","value":{"type":"array","value":[]}},{"type":"property","name":"slideTimer","value":{"type":"unresolved"}},{"type":"property","name":"slidesData"}]}],"declarationLoc":{"start":{"line":11,"column":0},"end":{"line":113,"column":1}},"classMembers":[{"type":"property","name":"slides","loc":{"start":{"line":12,"column":0},"end":{"line":12,"column":15}},"decorator":"api","value":{"type":"array","value":[]}},{"type":"property","name":"slideIndex","loc":{"start":{"line":13,"column":0},"end":{"line":13,"column":15}}},{"type":"property","name":"timer","loc":{"start":{"line":14,"column":0},"end":{"line":14,"column":6}}},{"type":"property","name":"slideTimer","loc":{"start":{"line":15,"column":0},"end":{"line":15,"column":39}},"decorator":"api","value":{"type":"unresolved"}},{"type":"method","name":"setTimer","loc":{"start":{"line":18,"column":8},"end":{"line":24,"column":9}}},{"type":"method","name":"connectedCallback","loc":{"start":{"line":26,"column":8},"end":{"line":30,"column":9}}},{"type":"property","name":"slidesData","loc":{"start":{"line":32,"column":8},"end":{"line":35,"column":9}},"decorator":"api"},{"type":"method","name":"handleRecordChange","loc":{"start":{"line":55,"column":8},"end":{"line":58,"column":9}}},{"type":"method","name":"disconnectedCallBack","loc":{"start":{"line":60,"column":8},"end":{"line":62,"column":9}}},{"type":"method","name":"currentSlide","loc":{"start":{"line":64,"column":8},"end":{"line":70,"column":9}}},{"type":"method","name":"backSlide","loc":{"start":{"line":72,"column":8},"end":{"line":78,"column":9}}},{"type":"method","name":"forwardSlide","loc":{"start":{"line":80,"column":8},"end":{"line":86,"column":9}}},{"type":"method","name":"slideSelectionHandler","loc":{"start":{"line":88,"column":8},"end":{"line":109,"column":9}}}],"exports":[{"type":"ExportDefaultDeclaration"}]},"updatedAt":"2022-08-04T07:28:59.621Z"},{"_allAttributes":null,"_properties":null,"_methods":null,"file":"c:/VS_Code/Car App/force-app/main/default/lwc/digitalMarketing/digitalMarketing.js","metadata":{"decorators":[],"declarationLoc":{"start":{"line":3,"column":0},"end":{"line":3,"column":65}},"classMembers":[],"exports":[{"type":"ExportDefaultDeclaration"}]},"updatedAt":"2022-07-31T19:55:24.873Z"},{"_allAttributes":null,"_properties":null,"_methods":null,"file":"c:/VS_Code/Car App/force-app/main/default/lwc/digitalMarketingData/digitalMarketingData.js","metadata":{"decorators":[{"type":"api","targets":[{"type":"property","name":"recordId","value":{"type":"unresolved"}},{"type":"property","name":"carname","value":{"type":"unresolved"}}]},{"type":"wire","targets":[{"name":"handleManufactured","adapter":{"name":"fetchMarketingData","reference":"@salesforce/apex/digitalMarketingData.getList"},"type":"method"}]}],"declarationLoc":{"start":{"line":4,"column":0},"end":{"line":83,"column":1}},"classMembers":[{"type":"property","name":"result","loc":{"start":{"line":5,"column":4},"end":{"line":5,"column":11}}},{"type":"property","name":"error","loc":{"start":{"line":6,"column":0},"end":{"line":6,"column":6}}},{"type":"property","name":"carData","loc":{"start":{"line":7,"column":0},"end":{"line":7,"column":12}}},{"type":"property","name":"recordId","loc":{"start":{"line":8,"column":0},"end":{"line":8,"column":14}},"decorator":"api","value":{"type":"unresolved"}},{"type":"property","name":"count","loc":{"start":{"line":9,"column":0},"end":{"line":9,"column":6}}},{"type":"property","name":"carname","loc":{"start":{"line":10,"column":0},"end":{"line":10,"column":13}},"decorator":"api","value":{"type":"unresolved"}},{"type":"property","name":"url","loc":{"start":{"line":11,"column":0},"end":{"line":11,"column":4}}},{"type":"method","name":"handleManufactured","loc":{"start":{"line":13,"column":4},"end":{"line":33,"column":9}},"decorator":"wire"},{"type":"method","name":"handleClickNext","loc":{"start":{"line":35,"column":8},"end":{"line":56,"column":9}}},{"type":"method","name":"handleClickPrevious","loc":{"start":{"line":58,"column":8},"end":{"line":79,"column":9}}}],"exports":[{"type":"ExportDefaultDeclaration"}]},"updatedAt":"2022-08-04T20:51:29.431Z"},{"_allAttributes":null,"_properties":null,"_methods":null,"file":"c:/VS_Code/Car App/force-app/main/default/lwc/fileUploaderCompLwc/fileUploaderCompLwc.js","metadata":{"decorators":[{"type":"api","targets":[{"type":"property","name":"recordId","value":{"type":"unresolved"}},{"type":"property","name":"stageUpdate","value":{"type":"unresolved"}}]}],"declarationLoc":{"start":{"line":4,"column":0},"end":{"line":43,"column":1}},"classMembers":[{"type":"property","name":"recordId","loc":{"start":{"line":5,"column":4},"end":{"line":5,"column":18}},"decorator":"api","value":{"type":"unresolved"}},{"type":"property","name":"fileData","loc":{"start":{"line":6,"column":4},"end":{"line":6,"column":12}}},{"type":"property","name":"stageUpdate","loc":{"start":{"line":7,"column":4},"end":{"line":7,"column":21}},"decorator":"api","value":{"type":"unresolved"}},{"type":"method","name":"openfileUpload","loc":{"start":{"line":8,"column":4},"end":{"line":25,"column":5}}},{"type":"method","name":"handleClick","loc":{"start":{"line":27,"column":4},"end":{"line":34,"column":5}}},{"type":"method","name":"toast","loc":{"start":{"line":36,"column":4},"end":{"line":42,"column":5}}}],"exports":[{"type":"ExportDefaultDeclaration"}]},"updatedAt":"2022-07-31T19:31:06.390Z"},{"_allAttributes":null,"_properties":null,"_methods":null,"file":"c:/VS_Code/Car App/force-app/main/default/lwc/manufacturedCarModels/manufacturedCarModels.js","metadata":{"decorators":[{"type":"api","targets":[{"type":"property","name":"recordId","value":{"type":"unresolved"}},{"type":"property","name":"carname","value":{"type":"unresolved"}},{"type":"property","name":"changeStage","value":{"type":"unresolved"}}]},{"type":"wire","targets":[{"name":"handleManufactured","adapter":{"name":"fetchMnfctedCarModel","reference":"@salesforce/apex/manufacturedCarModelList.getList"},"type":"method"}]}],"declarationLoc":{"start":{"line":4,"column":0},"end":{"line":80,"column":1}},"classMembers":[{"type":"property","name":"result","loc":{"start":{"line":5,"column":0},"end":{"line":5,"column":7}}},{"type":"property","name":"error","loc":{"start":{"line":6,"column":0},"end":{"line":6,"column":6}}},{"type":"property","name":"carData","loc":{"start":{"line":7,"column":0},"end":{"line":7,"column":12}}},{"type":"property","name":"recordId","loc":{"start":{"line":8,"column":0},"end":{"line":8,"column":14}},"decorator":"api","value":{"type":"unresolved"}},{"type":"property","name":"count","loc":{"start":{"line":9,"column":0},"end":{"line":9,"column":6}}},{"type":"property","name":"carname","loc":{"start":{"line":10,"column":0},"end":{"line":10,"column":13}},"decorator":"api","value":{"type":"unresolved"}},{"type":"property","name":"changeStage","loc":{"start":{"line":11,"column":0},"end":{"line":11,"column":17}},"decorator":"api","value":{"type":"unresolved"}},{"type":"method","name":"handleManufactured","loc":{"start":{"line":13,"column":4},"end":{"line":29,"column":9}},"decorator":"wire"},{"type":"method","name":"handleClickNext","loc":{"start":{"line":31,"column":8},"end":{"line":50,"column":9}}},{"type":"method","name":"handleClickPrevious","loc":{"start":{"line":52,"column":8},"end":{"line":73,"column":9}}},{"type":"method","name":"handleClick","loc":{"start":{"line":75,"column":8},"end":{"line":77,"column":9}}}],"exports":[{"type":"ExportDefaultDeclaration"}]},"updatedAt":"2022-08-04T18:23:02.578Z"},{"_allAttributes":null,"_properties":null,"_methods":null,"file":"c:/VS_Code/Car App/force-app/main/default/lwc/qualityAssurance/qualityAssurance.js","metadata":{"decorators":[],"declarationLoc":{"start":{"line":3,"column":0},"end":{"line":21,"column":1}},"classMembers":[{"type":"property","name":"passRecordId","loc":{"start":{"line":4,"column":0},"end":{"line":4,"column":13}}},{"type":"property","name":"newStage","loc":{"start":{"line":5,"column":0},"end":{"line":5,"column":9}}},{"type":"method","name":"renderedCallback","loc":{"start":{"line":8,"column":0},"end":{"line":12,"column":1}}},{"type":"method","name":"handleClick","loc":{"start":{"line":14,"column":0},"end":{"line":19,"column":1}}}],"exports":[{"type":"ExportDefaultDeclaration"}]},"updatedAt":"2022-07-31T19:32:07.224Z"},{"_allAttributes":null,"_properties":null,"_methods":null,"file":"c:/VS_Code/Car App/force-app/main/default/lwc/recentlyLaunchedCars/recentlyLaunchedCars.js","metadata":{"decorators":[{"type":"wire","targets":[{"name":"handleRecentCarModels","adapter":{"name":"fetchRecentCarModels","reference":"@salesforce/apex/recentlyLaunchedCarModels.getList"},"type":"method"}]}],"declarationLoc":{"start":{"line":63,"column":0},"end":{"line":132,"column":1}},"classMembers":[{"type":"property","name":"columns","loc":{"start":{"line":65,"column":0},"end":{"line":65,"column":22}}},{"type":"property","name":"viewCarModelData","loc":{"start":{"line":66,"column":0},"end":{"line":66,"column":17}}},{"type":"property","name":"result","loc":{"start":{"line":67,"column":0},"end":{"line":67,"column":7}}},{"type":"property","name":"error","loc":{"start":{"line":68,"column":0},"end":{"line":68,"column":6}}},{"type":"property","name":"data","loc":{"start":{"line":69,"column":0},"end":{"line":69,"column":5}}},{"type":"method","name":"handleRecentCarModels","loc":{"start":{"line":71,"column":0},"end":{"line":101,"column":5}},"decorator":"wire"},{"type":"method","name":"handleRowAction","loc":{"start":{"line":104,"column":4},"end":{"line":118,"column":5}}},{"type":"method","name":"handleClick","loc":{"start":{"line":120,"column":4},"end":{"line":122,"column":5}}},{"type":"method","name":"handleSpanClick","loc":{"start":{"line":124,"column":4},"end":{"line":126,"column":5}}},{"type":"method","name":"goToDetails","loc":{"start":{"line":128,"column":4},"end":{"line":130,"column":5}}}],"exports":[{"type":"ExportDefaultDeclaration"}]},"updatedAt":"2022-08-07T05:49:24.667Z"},{"_allAttributes":null,"_properties":null,"_methods":null,"file":"c:/VS_Code/Car App/force-app/main/default/lwc/carColorPicker/carColorPicker.js","metadata":{"decorators":[],"declarationLoc":{"start":{"line":7,"column":0},"end":{"line":31,"column":1}},"classMembers":[{"type":"property","name":"colors","loc":{"start":{"line":9,"column":4},"end":{"line":9,"column":20}}},{"type":"property","name":"colorname","loc":{"start":{"line":10,"column":4},"end":{"line":10,"column":36}}},{"type":"property","name":"selectedColor","loc":{"start":{"line":11,"column":4},"end":{"line":11,"column":33}}},{"type":"property","name":"selectedImage","loc":{"start":{"line":13,"column":4},"end":{"line":15,"column":5}}},{"type":"method","name":"selectedHandler","loc":{"start":{"line":17,"column":4},"end":{"line":29,"column":5}}}],"exports":[{"type":"ExportDefaultDeclaration"}]},"updatedAt":"2022-08-08T22:07:13.173Z"},{"_allAttributes":null,"_properties":null,"_methods":null,"file":"c:/VS_Code/Car App/force-app/main/default/lwc/virtualShowroom/virtualShowroom.js","metadata":{"decorators":[{"type":"api","targets":[{"type":"property","name":"clickPointer","value":{"type":"unresolved"}},{"type":"property","name":"frameData"}]}],"declarationLoc":{"start":{"line":6,"column":0},"end":{"line":85,"column":1}},"classMembers":[{"type":"property","name":"frames","loc":{"start":{"line":7,"column":0},"end":{"line":7,"column":10}}},{"type":"property","name":"frameIndex","loc":{"start":{"line":8,"column":0},"end":{"line":8,"column":15}}},{"type":"property","name":"activex","loc":{"start":{"line":9,"column":0},"end":{"line":9,"column":12}}},{"type":"property","name":"clickPointer","loc":{"start":{"line":10,"column":0},"end":{"line":10,"column":18}},"decorator":"api","value":{"type":"unresolved"}},{"type":"property","name":"clearDrag","loc":{"start":{"line":11,"column":0},"end":{"line":11,"column":10}}},{"type":"property","name":"frameData","loc":{"start":{"line":13,"column":4},"end":{"line":16,"column":5}},"decorator":"api"},{"type":"method","name":"leftRotate","loc":{"start":{"line":34,"column":8},"end":{"line":39,"column":9}}},{"type":"method","name":"rightRotate","loc":{"start":{"line":41,"column":8},"end":{"line":46,"column":9}}},{"type":"method","name":"frameSelectionHandler","loc":{"start":{"line":48,"column":8},"end":{"line":67,"column":9}}},{"type":"method","name":"mapX","loc":{"start":{"line":69,"column":8},"end":{"line":81,"column":9}}}],"exports":[{"type":"ExportDefaultDeclaration"}]},"updatedAt":"2022-08-04T07:09:09.117Z"},{"_allAttributes":null,"_properties":null,"_methods":null,"file":"c:/VS_Code/Car App/force-app/main/default/lwc/virtualShowroomWrapper/virtualShowroomWrapper.js","metadata":{"decorators":[],"declarationLoc":{"start":{"line":5,"column":0},"end":{"line":36,"column":1}},"classMembers":[{"type":"property","name":"frames","loc":{"start":{"line":7,"column":0},"end":{"line":7,"column":10}}},{"type":"property","name":"resetClickX","loc":{"start":{"line":8,"column":0},"end":{"line":8,"column":12}}},{"type":"property","name":"activex","loc":{"start":{"line":9,"column":0},"end":{"line":9,"column":8}}},{"type":"property","name":"clickx","loc":{"start":{"line":10,"column":0},"end":{"line":10,"column":7}}},{"type":"method","name":"connectedCallback","loc":{"start":{"line":12,"column":0},"end":{"line":17,"column":1}}},{"type":"method","name":"mouseMove","loc":{"start":{"line":19,"column":0},"end":{"line":21,"column":1}}},{"type":"method","name":"mouseDown","loc":{"start":{"line":23,"column":0},"end":{"line":25,"column":1}}},{"type":"method","name":"mouseUp","loc":{"start":{"line":27,"column":0},"end":{"line":29,"column":1}}},{"type":"method","name":"mouseLeave","loc":{"start":{"line":31,"column":0},"end":{"line":33,"column":1}}}],"exports":[{"type":"ExportDefaultDeclaration"}]},"updatedAt":"2022-08-03T14:48:28.284Z"},{"_allAttributes":null,"_properties":null,"_methods":null,"file":"c:/VS_Code/Car App/force-app/main/default/lwc/carModelWithColorPicker/carModelWithColorPicker.js","metadata":{"decorators":[],"declarationLoc":{"start":{"line":3,"column":0},"end":{"line":17,"column":1}},"classMembers":[{"type":"method","name":"handleWatchClick","loc":{"start":{"line":5,"column":4},"end":{"line":9,"column":5}}},{"type":"method","name":"handleBuyClick","loc":{"start":{"line":11,"column":4},"end":{"line":15,"column":5}}}],"exports":[{"type":"ExportDefaultDeclaration"}]},"updatedAt":"2022-08-09T13:04:42.143Z"},{"_allAttributes":null,"_properties":null,"_methods":null,"file":"c:/VS_Code/Car App/force-app/main/default/lwc/banner/banner.js","metadata":{"decorators":[],"declarationLoc":{"start":{"line":4,"column":0},"end":{"line":8,"column":1}},"classMembers":[{"type":"property","name":"photo","loc":{"start":{"line":6,"column":0},"end":{"line":6,"column":38}}}],"exports":[{"type":"ExportDefaultDeclaration"}]},"updatedAt":"2022-08-04T10:21:36.030Z"},{"_allAttributes":null,"_properties":null,"_methods":null,"file":"c:/VS_Code/Car App/force-app/main/default/lwc/carModelRecordView/carModelRecordView.js","metadata":{"decorators":[{"type":"api","targets":[{"type":"property","name":"recordId","value":{"type":"unresolved"}}]},{"type":"wire","targets":[{"name":"handleCarModelData","adapter":{"name":"carModelData","reference":"@salesforce/apex/fetchCarModel.getList"},"type":"method"}]}],"declarationLoc":{"start":{"line":4,"column":0},"end":{"line":84,"column":1}},"classMembers":[{"type":"property","name":"recordId","loc":{"start":{"line":5,"column":0},"end":{"line":5,"column":14}},"decorator":"api","value":{"type":"unresolved"}},{"type":"property","name":"result","loc":{"start":{"line":7,"column":0},"end":{"line":7,"column":7}}},{"type":"property","name":"error","loc":{"start":{"line":8,"column":0},"end":{"line":8,"column":6}}},{"type":"property","name":"carData","loc":{"start":{"line":9,"column":0},"end":{"line":9,"column":12}}},{"type":"property","name":"count","loc":{"start":{"line":10,"column":0},"end":{"line":10,"column":6}}},{"type":"method","name":"connectedCallback","loc":{"start":{"line":12,"column":4},"end":{"line":15,"column":5}}},{"type":"method","name":"renderedCallback","loc":{"start":{"line":17,"column":4},"end":{"line":20,"column":5}}},{"type":"method","name":"handleCarModelData","loc":{"start":{"line":22,"column":4},"end":{"line":37,"column":9}},"decorator":"wire"},{"type":"method","name":"handleClickNext","loc":{"start":{"line":39,"column":8},"end":{"line":58,"column":9}}},{"type":"method","name":"handleClickPrevious","loc":{"start":{"line":60,"column":8},"end":{"line":81,"column":9}}}],"exports":[{"type":"ExportDefaultDeclaration"}]},"updatedAt":"2022-08-04T14:22:26.086Z"},{"_allAttributes":null,"_properties":null,"_methods":null,"file":"c:/VS_Code/Car App/force-app/main/default/lwc/carouselWrapper/carouselWrapper.js","metadata":{"decorators":[],"declarationLoc":{"start":{"line":4,"column":0},"end":{"line":37,"column":1}},"classMembers":[{"type":"property","name":"nameinfo","loc":{"start":{"line":6,"column":0},"end":{"line":6,"column":9}}},{"type":"property","name":"slides","loc":{"start":{"line":8,"column":0},"end":{"line":34,"column":5}}}],"exports":[{"type":"ExportDefaultDeclaration"}]},"updatedAt":"2022-08-04T10:58:38.328Z"},{"_allAttributes":null,"_properties":null,"_methods":null,"file":"c:/VS_Code/Car App/force-app/main/default/lwc/credit/credit.js","metadata":{"decorators":[],"declarationLoc":{"start":{"line":4,"column":0},"end":{"line":8,"column":1}},"classMembers":[{"type":"property","name":"photo","loc":{"start":{"line":6,"column":0},"end":{"line":6,"column":31}}}],"exports":[{"type":"ExportDefaultDeclaration"}]},"updatedAt":"2022-08-04T23:46:55.441Z"},{"_allAttributes":null,"_properties":null,"_methods":null,"file":"c:/VS_Code/Car App/force-app/main/default/lwc/fetchRecordId/fetchRecordId.js","metadata":{"decorators":[{"type":"api","targets":[{"type":"property","name":"recordId","value":{"type":"unresolved"}}]},{"type":"wire","targets":[{"name":"handleCarModelData","adapter":{"name":"carModelData","reference":"@salesforce/apex/fetchAllCarModelData.getList"},"type":"method"}]}],"declarationLoc":{"start":{"line":4,"column":0},"end":{"line":71,"column":1}},"classMembers":[{"type":"property","name":"recordId","loc":{"start":{"line":6,"column":0},"end":{"line":6,"column":14}},"decorator":"api","value":{"type":"unresolved"}},{"type":"property","name":"result","loc":{"start":{"line":8,"column":0},"end":{"line":8,"column":7}}},{"type":"property","name":"error","loc":{"start":{"line":9,"column":0},"end":{"line":9,"column":6}}},{"type":"property","name":"carData","loc":{"start":{"line":10,"column":0},"end":{"line":10,"column":12}}},{"type":"property","name":"count","loc":{"start":{"line":11,"column":0},"end":{"line":11,"column":6}}},{"type":"method","name":"handleCarModelData","loc":{"start":{"line":13,"column":4},"end":{"line":27,"column":9}},"decorator":"wire"},{"type":"method","name":"handleClickNext","loc":{"start":{"line":29,"column":8},"end":{"line":47,"column":9}}},{"type":"method","name":"handleClickPrevious","loc":{"start":{"line":49,"column":8},"end":{"line":69,"column":9}}}],"exports":[{"type":"ExportDefaultDeclaration"}]},"updatedAt":"2022-08-04T14:53:33.885Z"},{"_allAttributes":null,"_properties":null,"_methods":null,"file":"c:/VS_Code/Car App/force-app/main/default/lwc/footer/footer.js","metadata":{"decorators":[],"declarationLoc":{"start":{"line":4,"column":0},"end":{"line":8,"column":1}},"classMembers":[{"type":"property","name":"photo","loc":{"start":{"line":6,"column":0},"end":{"line":6,"column":30}}}],"exports":[{"type":"ExportDefaultDeclaration"}]},"updatedAt":"2022-08-04T10:46:11.121Z"},{"_allAttributes":null,"_properties":null,"_methods":null,"file":"c:/VS_Code/Car App/force-app/main/default/lwc/promo/promo.js","metadata":{"decorators":[],"declarationLoc":{"start":{"line":4,"column":0},"end":{"line":8,"column":1}},"classMembers":[{"type":"property","name":"photo","loc":{"start":{"line":6,"column":0},"end":{"line":6,"column":29}}}],"exports":[{"type":"ExportDefaultDeclaration"}]},"updatedAt":"2022-08-04T10:22:01.095Z"},{"_allAttributes":null,"_properties":null,"_methods":null,"file":"c:/VS_Code/Car App/force-app/main/default/lwc/salesBoard/salesBoard.js","metadata":{"decorators":[{"type":"wire","targets":[{"name":"handleRecentCarModels","adapter":{"name":"fetchRecentCarModels","reference":"@salesforce/apex/fetchAllCarModelData.getList"},"type":"method"}]},{"type":"track","targets":[{"name":"totalPrice","type":"property"},{"name":"testDrive","type":"property"},{"name":"preferredDate","type":"property"},{"name":"carModel","type":"property"}]}],"declarationLoc":{"start":{"line":73,"column":0},"end":{"line":347,"column":1}},"classMembers":[{"type":"property","name":"columns","loc":{"start":{"line":75,"column":0},"end":{"line":75,"column":22}}},{"type":"property","name":"viewCarModelData","loc":{"start":{"line":76,"column":0},"end":{"line":76,"column":17}}},{"type":"property","name":"result","loc":{"start":{"line":77,"column":0},"end":{"line":77,"column":7}}},{"type":"property","name":"error","loc":{"start":{"line":78,"column":0},"end":{"line":78,"column":6}}},{"type":"property","name":"data","loc":{"start":{"line":79,"column":0},"end":{"line":79,"column":5}}},{"type":"property","name":"isViewPressed","loc":{"start":{"line":81,"column":0},"end":{"line":81,"column":14}}},{"type":"property","name":"isBuyPressed","loc":{"start":{"line":82,"column":0},"end":{"line":82,"column":13}}},{"type":"property","name":"isFindADealer","loc":{"start":{"line":83,"column":0},"end":{"line":83,"column":13}}},{"type":"property","name":"isTiresPressed","loc":{"start":{"line":84,"column":0},"end":{"line":84,"column":15}}},{"type":"property","name":"isBrakesPressed","loc":{"start":{"line":85,"column":0},"end":{"line":85,"column":16}}},{"type":"property","name":"isShocksPressed","loc":{"start":{"line":86,"column":0},"end":{"line":86,"column":16}}},{"type":"property","name":"wantCustomize","loc":{"start":{"line":87,"column":0},"end":{"line":87,"column":21}}},{"type":"property","name":"showUpgradePrice","loc":{"start":{"line":88,"column":0},"end":{"line":88,"column":31}}},{"type":"property","name":"isTestDrive","loc":{"start":{"line":89,"column":0},"end":{"line":89,"column":12}}},{"type":"property","name":"showPreferredDate","loc":{"start":{"line":90,"column":0},"end":{"line":90,"column":32}}},{"type":"property","name":"trackCategory","loc":{"start":{"line":92,"column":0},"end":{"line":92,"column":14}}},{"type":"property","name":"trackParts","loc":{"start":{"line":93,"column":0},"end":{"line":93,"column":11}}},{"type":"property","name":"standardPrice","loc":{"start":{"line":94,"column":0},"end":{"line":94,"column":14}}},{"type":"property","name":"pickedTire","loc":{"start":{"line":95,"column":0},"end":{"line":95,"column":20}}},{"type":"property","name":"tirePrice","loc":{"start":{"line":96,"column":0},"end":{"line":96,"column":14}}},{"type":"property","name":"pickedBrake","loc":{"start":{"line":97,"column":0},"end":{"line":97,"column":21}}},{"type":"property","name":"brakePrice","loc":{"start":{"line":98,"column":0},"end":{"line":98,"column":15}}},{"type":"property","name":"pickedShock","loc":{"start":{"line":99,"column":0},"end":{"line":99,"column":21}}},{"type":"property","name":"shockPrice","loc":{"start":{"line":100,"column":0},"end":{"line":100,"column":15}}},{"type":"property","name":"totalPrice","loc":{"start":{"line":101,"column":0},"end":{"line":101,"column":18}},"decorator":"track"},{"type":"property","name":"message","loc":{"start":{"line":102,"column":0},"end":{"line":102,"column":8}}},{"type":"property","name":"upgrade_parts_image","loc":{"start":{"line":103,"column":0},"end":{"line":103,"column":20}}},{"type":"property","name":"upgrade_image","loc":{"start":{"line":104,"column":0},"end":{"line":104,"column":14}}},{"type":"property","name":"upgradePrice","loc":{"start":{"line":105,"column":0},"end":{"line":105,"column":13}}},{"type":"property","name":"carDealer","loc":{"start":{"line":106,"column":0},"end":{"line":106,"column":10}}},{"type":"property","name":"testDrive","loc":{"start":{"line":107,"column":0},"end":{"line":107,"column":25}},"decorator":"track"},{"type":"property","name":"preferredDate","loc":{"start":{"line":108,"column":0},"end":{"line":108,"column":21}},"decorator":"track"},{"type":"property","name":"carModel","loc":{"start":{"line":109,"column":0},"end":{"line":109,"column":16}},"decorator":"track"},{"type":"property","name":"bookingError","loc":{"start":{"line":111,"column":0},"end":{"line":111,"column":13}}},{"type":"property","name":"result2","loc":{"start":{"line":112,"column":0},"end":{"line":112,"column":8}}},{"type":"property","name":"error2","loc":{"start":{"line":113,"column":0},"end":{"line":113,"column":7}}},{"type":"method","name":"handleRecentCarModels","loc":{"start":{"line":115,"column":0},"end":{"line":143,"column":5}},"decorator":"wire"},{"type":"method","name":"handleRowAction","loc":{"start":{"line":145,"column":4},"end":{"line":180,"column":5}}},{"type":"method","name":"handleClick","loc":{"start":{"line":182,"column":4},"end":{"line":184,"column":5}}},{"type":"method","name":"handleSpanClick","loc":{"start":{"line":186,"column":4},"end":{"line":188,"column":5}}},{"type":"method","name":"goToDetails","loc":{"start":{"line":190,"column":4},"end":{"line":192,"column":5}}},{"type":"method","name":"handleCustomizeClick","loc":{"start":{"line":194,"column":4},"end":{"line":214,"column":5}}},{"type":"method","name":"handleCustomizeClickSub","loc":{"start":{"line":216,"column":4},"end":{"line":250,"column":5}}},{"type":"method","name":"disableCustomize","loc":{"start":{"line":252,"column":4},"end":{"line":254,"column":5}}},{"type":"method","name":"enableCustomize","loc":{"start":{"line":256,"column":4},"end":{"line":259,"column":5}}},{"type":"method","name":"addItem","loc":{"start":{"line":261,"column":4},"end":{"line":272,"column":5}}},{"type":"method","name":"resetAllItem","loc":{"start":{"line":274,"column":4},"end":{"line":281,"column":5}}},{"type":"method","name":"handleTestDrive","loc":{"start":{"line":283,"column":4},"end":{"line":290,"column":5}}},{"type":"method","name":"handlePreferredDate","loc":{"start":{"line":292,"column":4},"end":{"line":294,"column":5}}},{"type":"method","name":"finalizePrice","loc":{"start":{"line":296,"column":4},"end":{"line":301,"column":5}}},{"type":"method","name":"createCarBooking","loc":{"start":{"line":303,"column":4},"end":{"line":327,"column":5}}},{"type":"method","name":"openContactInfo","loc":{"start":{"line":329,"column":4},"end":{"line":331,"column":5}}},{"type":"method","name":"goToBooking","loc":{"start":{"line":333,"column":4},"end":{"line":345,"column":5}}}],"exports":[{"type":"ExportDefaultDeclaration"}]},"updatedAt":"2022-08-09T12:08:43.858Z"},{"_allAttributes":null,"_properties":null,"_methods":null,"file":"c:/VS_Code/Car App/force-app/main/default/lwc/searchBar/searchBar.js","metadata":{"decorators":[],"declarationLoc":{"start":{"line":10,"column":0},"end":{"line":55,"column":1}},"classMembers":[{"type":"property","name":"columns","loc":{"start":{"line":12,"column":0},"end":{"line":12,"column":17}}},{"type":"property","name":"result","loc":{"start":{"line":13,"column":0},"end":{"line":13,"column":7}}},{"type":"property","name":"error","loc":{"start":{"line":14,"column":0},"end":{"line":14,"column":6}}},{"type":"property","name":"searchKey","loc":{"start":{"line":15,"column":0},"end":{"line":15,"column":10}}},{"type":"method","name":"handleKeys","loc":{"start":{"line":17,"column":0},"end":{"line":21,"column":1}}},{"type":"method","name":"handleCarModelData","loc":{"start":{"line":23,"column":0},"end":{"line":49,"column":1}}}],"exports":[{"type":"ExportDefaultDeclaration"}]},"updatedAt":"2022-08-04T13:24:52.869Z"},{"_allAttributes":null,"_properties":null,"_methods":null,"file":"c:/VS_Code/Car App/force-app/main/default/lwc/virtualShowroomTab/virtualShowroomTab.js","metadata":{"decorators":[],"declarationLoc":{"start":{"line":4,"column":0},"end":{"line":20,"column":1}},"classMembers":[{"type":"property","name":"image_virtualinfo","loc":{"start":{"line":6,"column":4},"end":{"line":6,"column":28}}},{"type":"method","name":"handleWatchClick","loc":{"start":{"line":8,"column":4},"end":{"line":12,"column":5}}},{"type":"method","name":"handleBuyClick","loc":{"start":{"line":14,"column":4},"end":{"line":18,"column":5}}}],"exports":[{"type":"ExportDefaultDeclaration"}]},"updatedAt":"2022-08-09T12:35:35.848Z"},{"_allAttributes":null,"_properties":null,"_methods":null,"file":"c:/VS_Code/Car App/force-app/main/default/lwc/virtualShowroomWrapper2/virtualShowroomWrapper2.js","metadata":{"decorators":[],"declarationLoc":{"start":{"line":5,"column":0},"end":{"line":36,"column":1}},"classMembers":[{"type":"property","name":"frames","loc":{"start":{"line":7,"column":0},"end":{"line":7,"column":10}}},{"type":"property","name":"resetClickX","loc":{"start":{"line":8,"column":0},"end":{"line":8,"column":12}}},{"type":"property","name":"activex","loc":{"start":{"line":9,"column":0},"end":{"line":9,"column":8}}},{"type":"property","name":"clickx","loc":{"start":{"line":10,"column":0},"end":{"line":10,"column":7}}},{"type":"method","name":"connectedCallback","loc":{"start":{"line":12,"column":0},"end":{"line":17,"column":1}}},{"type":"method","name":"mouseMove","loc":{"start":{"line":19,"column":0},"end":{"line":21,"column":1}}},{"type":"method","name":"mouseDown","loc":{"start":{"line":23,"column":0},"end":{"line":25,"column":1}}},{"type":"method","name":"mouseUp","loc":{"start":{"line":27,"column":0},"end":{"line":29,"column":1}}},{"type":"method","name":"mouseLeave","loc":{"start":{"line":31,"column":0},"end":{"line":33,"column":1}}}],"exports":[{"type":"ExportDefaultDeclaration"}]},"updatedAt":"2022-08-03T14:48:28.284Z"},{"_allAttributes":null,"_properties":null,"_methods":null,"file":"c:/VS_Code/Car App/force-app/main/default/lwc/imageControl/imageControl.js","metadata":{"decorators":[{"type":"api","targets":[{"type":"property","name":"url","value":{"type":"unresolved"}},{"type":"property","name":"altText","value":{"type":"unresolved"}}]}],"declarationLoc":{"start":{"line":3,"column":0},"end":{"line":6,"column":1}},"classMembers":[{"type":"property","name":"url","loc":{"start":{"line":4,"column":4},"end":{"line":4,"column":13}},"decorator":"api","value":{"type":"unresolved"}},{"type":"property","name":"altText","loc":{"start":{"line":5,"column":4},"end":{"line":5,"column":17}},"decorator":"api","value":{"type":"unresolved"}}],"exports":[{"type":"ExportDefaultDeclaration"}]},"updatedAt":"2022-08-06T23:49:06.396Z"},{"_allAttributes":null,"_properties":null,"_methods":null,"file":"c:/VS_Code/Car App/force-app/main/default/lwc/ytVideo/ytVideo.js","metadata":{"decorators":[],"declarationLoc":{"start":{"line":3,"column":0},"end":{"line":3,"column":56}},"classMembers":[],"exports":[{"type":"ExportDefaultDeclaration"}]},"updatedAt":"2022-08-09T12:11:57.510Z"},{"_allAttributes":null,"_properties":null,"_methods":null,"file":"c:/VS_Code/Car App/force-app/main/default/lwc/ytVideo2/ytVideo2.js","metadata":{"decorators":[],"declarationLoc":{"start":{"line":3,"column":0},"end":{"line":3,"column":56}},"classMembers":[],"exports":[{"type":"ExportDefaultDeclaration"}]},"updatedAt":"2022-08-09T12:11:57.510Z"}]