<?xml version="1.0" encoding="UTF-8"?>
<DuplicateRule xmlns="http://soap.sforce.com/2006/04/metadata" xmlns:xsi="http://www.w3.org/2001/XMLSchema-instance">
    <actionOnInsert>Block</actionOnInsert>
    <actionOnUpdate>Block</actionOnUpdate>
    <alertText>There is existing building records</alertText>
    <description xsi:nil="true"/>
    <duplicateRuleFilter xsi:nil="true"/>
    <duplicateRuleMatchRules>
        <matchRuleSObjectType>Buildings__c</matchRuleSObjectType>
        <matchingRule>Avoid_Duplicate_Building_Records_matching_rule</matchingRule>
        <objectMapping xsi:nil="true"/>
    </duplicateRuleMatchRules>
    <isActive>true</isActive>
    <masterLabel>Avoid Duplicate Building Records</masterLabel>
    <securityOption>BypassSharingRules</securityOption>
    <sortOrder>1</sortOrder>
</DuplicateRule>
