<?xml version="1.0" encoding="UTF-8"?>
<CustomApplication xmlns="http://soap.sforce.com/2006/04/metadata">
    <brand>
        <headerColor>#88E1A3</headerColor>
        <shouldOverrideOrgTheme>false</shouldOverrideOrgTheme>
    </brand>
    <formFactors>Small</formFactors>
    <formFactors>Large</formFactors>
    <isNavAutoTempTabsDisabled>false</isNavAutoTempTabsDisabled>
    <isNavPersonalizationDisabled>false</isNavPersonalizationDisabled>
    <label>Paypal Clone</label>
    <navType>Standard</navType>
    <tabs>standard-home</tabs>
    <tabs>Passbook__c</tabs>
    <tabs>Wallet__c</tabs>
    <tabs>Pal__c</tabs>
    <tabs>Bill__c</tabs>
    <tabs>PayPal_User__c</tabs>
    <uiType>Lightning</uiType>
    <utilityBar>Paypal_Clone_UtilityBar</utilityBar>
</CustomApplication>
