<?xml version="1.0" encoding="UTF-8"?>
<CustomField xmlns="http://soap.sforce.com/2006/04/metadata">
    <fullName>Course__c</fullName>
    <externalId>false</externalId>
    <label>Course</label>
    <required>false</required>
    <trackHistory>false</trackHistory>
    <trackTrending>false</trackTrending>
    <type>Picklist</type>
    <valueSet>
        <restricted>true</restricted>
        <valueSetDefinition>
            <sorted>false</sorted>
            <value>
                <fullName>Information Technology</fullName>
                <default>false</default>
                <label>Information Technology</label>
            </value>
            <value>
                <fullName>Criminology</fullName>
                <default>false</default>
                <label>Criminology</label>
            </value>
            <value>
                <fullName>Education</fullName>
                <default>false</default>
                <label>Education</label>
            </value>
            <value>
                <fullName>Accountancy</fullName>
                <default>false</default>
                <label>Accountancy</label>
            </value>
            <value>
                <fullName>Law</fullName>
                <default>false</default>
                <label>Law</label>
            </value>
            <value>
                <fullName>Commerce</fullName>
                <default>false</default>
                <label>Commerce</label>
            </value>
            <value>
                <fullName>Business Management</fullName>
                <default>false</default>
                <label>Business Management</label>
            </value>
            <value>
                <fullName>Engineering</fullName>
                <default>false</default>
                <label>Engineering</label>
            </value>
            <value>
                <fullName>Arts</fullName>
                <default>false</default>
                <label>Arts</label>
            </value>
            <value>
                <fullName>TAMBAY</fullName>
                <default>false</default>
                <label>TAMBAY</label>
            </value>
        </valueSetDefinition>
    </valueSet>
</CustomField>
