<?xml version="1.0" encoding="UTF-8"?>
<CustomField xmlns="http://soap.sforce.com/2006/04/metadata">
    <fullName>Subject__c</fullName>
    <externalId>false</externalId>
    <label>Subject</label>
    <required>false</required>
    <trackHistory>false</trackHistory>
    <trackTrending>false</trackTrending>
    <type>Picklist</type>
    <valueSet>
        <controllingField>Course__c</controllingField>
        <restricted>true</restricted>
        <valueSetDefinition>
            <sorted>false</sorted>
            <value>
                <fullName>English +</fullName>
                <default>false</default>
                <label>English +</label>
            </value>
            <value>
                <fullName>Physical Education I</fullName>
                <default>false</default>
                <label>Physical Education I</label>
            </value>
            <value>
                <fullName>Internship</fullName>
                <default>false</default>
                <label>Internship</label>
            </value>
            <value>
                <fullName>CWATS</fullName>
                <default>false</default>
                <label>CWATS</label>
            </value>
            <value>
                <fullName>Integral Calculus</fullName>
                <default>false</default>
                <label>Integral Calculus</label>
            </value>
            <value>
                <fullName>Accounting Basics</fullName>
                <default>false</default>
                <label>Accounting Basics</label>
            </value>
            <value>
                <fullName>Java</fullName>
                <default>false</default>
                <label>Java</label>
            </value>
            <value>
                <fullName>Financial Accounting</fullName>
                <default>false</default>
                <label>Financial Accounting</label>
            </value>
            <value>
                <fullName>Bookkeeping</fullName>
                <default>false</default>
                <label>Bookkeeping</label>
            </value>
            <value>
                <fullName>Macro-Economics</fullName>
                <default>false</default>
                <label>Macro-Economics</label>
            </value>
            <value>
                <fullName>Management Accounting</fullName>
                <default>false</default>
                <label>Management Accounting</label>
            </value>
            <value>
                <fullName>OOP Concepts</fullName>
                <default>false</default>
                <label>OOP Concepts</label>
            </value>
            <value>
                <fullName>Visual.Net</fullName>
                <default>false</default>
                <label>Visual.Net</label>
            </value>
            <value>
                <fullName>Web Scripting</fullName>
                <default>false</default>
                <label>Web Scripting</label>
            </value>
            <value>
                <fullName>Educational Technology</fullName>
                <default>false</default>
                <label>Educational Technology</label>
            </value>
            <value>
                <fullName>Educational Methodology</fullName>
                <default>false</default>
                <label>Educational Methodology</label>
            </value>
        </valueSetDefinition>
        <valueSettings>
            <controllingFieldValue>Information Technology</controllingFieldValue>
            <controllingFieldValue>Criminology</controllingFieldValue>
            <controllingFieldValue>Education</controllingFieldValue>
            <controllingFieldValue>Accountancy</controllingFieldValue>
            <controllingFieldValue>Law</controllingFieldValue>
            <valueName>English +</valueName>
        </valueSettings>
        <valueSettings>
            <controllingFieldValue>Information Technology</controllingFieldValue>
            <controllingFieldValue>Criminology</controllingFieldValue>
            <controllingFieldValue>Education</controllingFieldValue>
            <controllingFieldValue>Accountancy</controllingFieldValue>
            <controllingFieldValue>Law</controllingFieldValue>
            <valueName>Physical Education I</valueName>
        </valueSettings>
        <valueSettings>
            <controllingFieldValue>Information Technology</controllingFieldValue>
            <controllingFieldValue>Criminology</controllingFieldValue>
            <controllingFieldValue>Education</controllingFieldValue>
            <controllingFieldValue>Accountancy</controllingFieldValue>
            <controllingFieldValue>Law</controllingFieldValue>
            <valueName>Internship</valueName>
        </valueSettings>
        <valueSettings>
            <controllingFieldValue>Information Technology</controllingFieldValue>
            <controllingFieldValue>Criminology</controllingFieldValue>
            <controllingFieldValue>Education</controllingFieldValue>
            <controllingFieldValue>Accountancy</controllingFieldValue>
            <controllingFieldValue>Law</controllingFieldValue>
            <valueName>CWATS</valueName>
        </valueSettings>
        <valueSettings>
            <controllingFieldValue>Information Technology</controllingFieldValue>
            <valueName>Integral Calculus</valueName>
        </valueSettings>
        <valueSettings>
            <controllingFieldValue>Information Technology</controllingFieldValue>
            <controllingFieldValue>Accountancy</controllingFieldValue>
            <valueName>Accounting Basics</valueName>
        </valueSettings>
        <valueSettings>
            <controllingFieldValue>Information Technology</controllingFieldValue>
            <valueName>Java</valueName>
        </valueSettings>
        <valueSettings>
            <controllingFieldValue>Information Technology</controllingFieldValue>
            <valueName>OOP Concepts</valueName>
        </valueSettings>
        <valueSettings>
            <controllingFieldValue>Information Technology</controllingFieldValue>
            <valueName>Visual.Net</valueName>
        </valueSettings>
        <valueSettings>
            <controllingFieldValue>Information Technology</controllingFieldValue>
            <valueName>Web Scripting</valueName>
        </valueSettings>
        <valueSettings>
            <controllingFieldValue>Education</controllingFieldValue>
            <valueName>Educational Technology</valueName>
        </valueSettings>
        <valueSettings>
            <controllingFieldValue>Education</controllingFieldValue>
            <valueName>Educational Methodology</valueName>
        </valueSettings>
        <valueSettings>
            <controllingFieldValue>Accountancy</controllingFieldValue>
            <valueName>Financial Accounting</valueName>
        </valueSettings>
        <valueSettings>
            <controllingFieldValue>Accountancy</controllingFieldValue>
            <valueName>Bookkeeping</valueName>
        </valueSettings>
        <valueSettings>
            <controllingFieldValue>Accountancy</controllingFieldValue>
            <valueName>Macro-Economics</valueName>
        </valueSettings>
        <valueSettings>
            <controllingFieldValue>Accountancy</controllingFieldValue>
            <valueName>Management Accounting</valueName>
        </valueSettings>
    </valueSet>
</CustomField>
