<?xml version="1.0" encoding="UTF-8"?>
<Workflow xmlns="http://soap.sforce.com/2006/04/metadata">
    <alerts>
        <fullName>Notify_A_Day_Before_Due_Date</fullName>
        <description>Notify A Day Before Due Date</description>
        <protected>false</protected>
        <recipients>
            <recipient>forsalesforceuseonly@gmail.com.paypalcustomer</recipient>
            <type>user</type>
        </recipients>
        <senderType>CurrentUser</senderType>
        <template>unfiled$public/Due_Date_Notice_Tomorrow_1659425425296</template>
    </alerts>
    <alerts>
        <fullName>Notify_A_Week_Before_Due_Date</fullName>
        <description>Notify A Week Before Due Date</description>
        <protected>false</protected>
        <recipients>
            <recipient>forsalesforceuseonly@gmail.com.paypalcustomer</recipient>
            <type>user</type>
        </recipients>
        <senderType>CurrentUser</senderType>
        <template>unfiled$public/Due_Date_Notice_1659425332043</template>
    </alerts>
    <rules>
        <fullName>Send Email A Week Before</fullName>
        <actions>
            <name>Notify_A_Day_Before_Due_Date</name>
            <type>Alert</type>
        </actions>
        <actions>
            <name>Notify_A_Week_Before_Due_Date</name>
            <type>Alert</type>
        </actions>
        <active>false</active>
        <criteriaItems>
            <field>Bill__c.Paid__c</field>
            <operation>equals</operation>
            <value>False</value>
        </criteriaItems>
        <triggerType>onCreateOrTriggeringUpdate</triggerType>
        <workflowTimeTriggers>
            <offsetFromField>Bill__c.Pay_Before__c</offsetFromField>
            <timeLength>-7</timeLength>
            <workflowTimeTriggerUnit>Days</workflowTimeTriggerUnit>
        </workflowTimeTriggers>
    </rules>
</Workflow>
