<?xml version="1.0" encoding="UTF-8"?>
<CustomField xmlns="http://soap.sforce.com/2006/04/metadata">
    <fullName>PayPal_User__c</fullName>
    <externalId>false</externalId>
    <label>PayPal User</label>
    <referenceTo>PayPal_User__c</referenceTo>
    <relationshipLabel>Passbooks</relationshipLabel>
    <relationshipName>Passbooks</relationshipName>
    <relationshipOrder>0</relationshipOrder>
    <reparentableMasterDetail>false</reparentableMasterDetail>
    <trackHistory>false</trackHistory>
    <trackTrending>false</trackTrending>
    <type>MasterDetail</type>
    <writeRequiresMasterRead>false</writeRequiresMasterRead>
</CustomField>
