<?xml version="1.0" encoding="UTF-8"?>
<ValidationRule xmlns="http://soap.sforce.com/2006/04/metadata">
    <fullName>Units_record_should_not_be_editable</fullName>
    <active>true</active>
    <errorConditionFormula>OR(     ISCHANGED(Building_Name__c),
        ISCHANGED(Contact__c),
        ISCHANGED(Contract__c),
        ISCHANGED(Flat_Type__c),
        ISCHANGED(Floor__c),
        ISCHANGED(Leased__c),
        ISCHANGED(Price__c)) &amp;&amp;  NOT(Contract__r.Expired__c)</errorConditionFormula>
    <errorMessage>This unit is leased and can only be revised once contract expires.</errorMessage>
</ValidationRule>
