<?xml version="1.0" encoding="UTF-8"?>
<ApprovalProcess xmlns="http://soap.sforce.com/2006/04/metadata">
    <active>true</active>
    <allowRecall>false</allowRecall>
    <allowedSubmitters>
        <submitter>edzecute35@gmail.com.appuser</submitter>
        <type>user</type>
    </allowedSubmitters>
    <approvalPageFields>
        <field>Name</field>
    </approvalPageFields>
    <approvalStep>
        <allowDelegate>false</allowDelegate>
        <assignedApprover>
            <approver>
                <name>edzecute35@gmail.com.appadmin</name>
                <type>user</type>
            </approver>
            <whenMultipleApprovers>FirstResponse</whenMultipleApprovers>
        </assignedApprover>
        <label>Step 1</label>
        <name>Step_1</name>
    </approvalStep>
    <enableMobileDeviceAccess>false</enableMobileDeviceAccess>
    <finalApprovalActions>
        <action>
            <name>Set_Status_to_Approved</name>
            <type>FieldUpdate</type>
        </action>
    </finalApprovalActions>
    <finalApprovalRecordLock>false</finalApprovalRecordLock>
    <finalRejectionActions>
        <action>
            <name>Set_Status_to_Rejected</name>
            <type>FieldUpdate</type>
        </action>
    </finalRejectionActions>
    <finalRejectionRecordLock>false</finalRejectionRecordLock>
    <initialSubmissionActions>
        <action>
            <name>Set_Status_to_Draft</name>
            <type>FieldUpdate</type>
        </action>
    </initialSubmissionActions>
    <label>Certification Request Approval</label>
    <nextAutomatedApprover>
        <useApproverFieldOfRecordOwner>false</useApproverFieldOfRecordOwner>
        <userHierarchyField>Manager</userHierarchyField>
    </nextAutomatedApprover>
    <processOrder>1</processOrder>
    <recordEditability>AdminOrCurrentApprover</recordEditability>
    <showApprovalHistory>true</showApprovalHistory>
</ApprovalProcess>
