<?xml version="1.0" encoding="UTF-8"?>
<Audience xmlns="http://soap.sforce.com/2006/04/metadata">
    <audienceName>Customer</audienceName>
    <container>Badger Parts&apos; Partner Community</container>
    <criteria>
        <criterion>
            <criteriaNumber>1</criteriaNumber>
            <criterionValue>
                <profile>customer profile</profile>
            </criterionValue>
            <operator>Equal</operator>
            <type>Profile</type>
        </criterion>
        <criterion>
            <criteriaNumber>1</criteriaNumber>
            <criterionValue>
                <profile>admin</profile>
            </criterionValue>
            <operator>Equal</operator>
            <type>Profile</type>
        </criterion>
    </criteria>
    <formulaFilterType>AllCriteriaMatch</formulaFilterType>
    <isDefaultAudience>false</isDefaultAudience>
    <targets>
        <target>
            <groupName>113731cc-5714-435d-98a2-c53f5a98538e</groupName>
            <priority>3</priority>
            <targetType>ExperienceVariation</targetType>
            <targetValue>Sales_Table_Sales_Table_2_Page</targetValue>
        </target>
        <target>
            <groupName>f40d8cd8-33f6-446d-909e-8766c7e71ada</groupName>
            <priority>4</priority>
            <targetType>ExperienceVariation</targetType>
            <targetValue>Car_Booking_Detail_Car_Booking_Detail_3_Page</targetValue>
        </target>
    </targets>
</Audience>
