<?xml version="1.0" encoding="UTF-8"?>
<Audience xmlns="http://soap.sforce.com/2006/04/metadata">
    <audienceName>Digital Marketers</audienceName>
    <container>Badger Parts&apos; Partner Community</container>
    <criteria>
        <criterion>
            <criteriaNumber>1</criteriaNumber>
            <criterionValue>
                <profile>digital marketer profile</profile>
            </criterionValue>
            <operator>Equal</operator>
            <type>Profile</type>
        </criterion>
        <criterion>
            <criteriaNumber>1</criteriaNumber>
            <criterionValue>
                <profile>admin</profile>
            </criterionValue>
            <operator>Equal</operator>
            <type>Profile</type>
        </criterion>
    </criteria>
    <formulaFilterType>AllCriteriaMatch</formulaFilterType>
    <isDefaultAudience>false</isDefaultAudience>
    <targets>
        <target>
            <groupName>cda9da41-4a67-43cf-994b-cb8ee67e9625</groupName>
            <priority>1</priority>
            <targetType>ExperienceVariation</targetType>
            <targetValue>Product_Service_Campaign_Detail_Product_Service_Campaign_Detail_Page</targetValue>
        </target>
        <target>
            <groupName>a7899888-9323-4b97-910a-a49309024c62</groupName>
            <priority>1</priority>
            <targetType>ExperienceVariation</targetType>
            <targetValue>Product_Service_Campaign_List_Product_Service_Campaign_List_Page</targetValue>
        </target>
        <target>
            <groupName>42b6308d-fde7-4502-b97b-da74bcda4bbd</groupName>
            <priority>1</priority>
            <targetType>ExperienceVariation</targetType>
            <targetValue>Manufactured_Car_Models_Manufactured_Car_Models_Page</targetValue>
        </target>
    </targets>
</Audience>
