<?xml version="1.0" encoding="UTF-8"?>
<Audience xmlns="http://soap.sforce.com/2006/04/metadata">
    <audienceName>Factory Executive</audienceName>
    <container>Badger Parts&apos; Partner Community</container>
    <criteria>
        <criterion>
            <criteriaNumber>1</criteriaNumber>
            <criterionValue>
                <profile>factory executive profile</profile>
            </criterionValue>
            <operator>Equal</operator>
            <type>Profile</type>
        </criterion>
        <criterion>
            <criteriaNumber>1</criteriaNumber>
            <criterionValue>
                <profile>admin</profile>
            </criterionValue>
            <operator>Equal</operator>
            <type>Profile</type>
        </criterion>
    </criteria>
    <formulaFilterType>AllCriteriaMatch</formulaFilterType>
    <isDefaultAudience>false</isDefaultAudience>
    <targets>
        <target>
            <groupName>10371b35-af67-4086-87e7-a458d41e6c1c</groupName>
            <priority>1</priority>
            <targetType>ExperienceVariation</targetType>
            <targetValue>Car_Model_Detail_Manufacture_Stage_Page</targetValue>
        </target>
        <target>
            <groupName>758e62ba-d627-4b55-84a4-8ca46289a8a6</groupName>
            <priority>2</priority>
            <targetType>ExperienceVariation</targetType>
            <targetValue>Car_Model_List_Car_Model_List_1_Page</targetValue>
        </target>
    </targets>
</Audience>
