<?xml version="1.0" encoding="UTF-8"?>
<Audience xmlns="http://soap.sforce.com/2006/04/metadata">
    <audienceName>Quality Analyst</audienceName>
    <container>Badger Parts&apos; Partner Community</container>
    <criteria>
        <criterion>
            <criteriaNumber>1</criteriaNumber>
            <criterionValue>
                <profile>quality analyst profile</profile>
            </criterionValue>
            <operator>Equal</operator>
            <type>Profile</type>
        </criterion>
        <criterion>
            <criteriaNumber>1</criteriaNumber>
            <criterionValue>
                <profile>admin</profile>
            </criterionValue>
            <operator>Equal</operator>
            <type>Profile</type>
        </criterion>
    </criteria>
    <formulaFilterType>AllCriteriaMatch</formulaFilterType>
    <isDefaultAudience>false</isDefaultAudience>
    <targets>
        <target>
            <groupName>811884d0-21e5-4c03-ace3-aadf7627c575</groupName>
            <priority>1</priority>
            <targetType>ExperienceVariation</targetType>
            <targetValue>Quality_Assurance_Quality_Assurance_Page</targetValue>
        </target>
        <target>
            <groupName>758e62ba-d627-4b55-84a4-8ca46289a8a6</groupName>
            <priority>3</priority>
            <targetType>ExperienceVariation</targetType>
            <targetValue>Car_Model_List_Car_Model_List_2_Page</targetValue>
        </target>
    </targets>
</Audience>
