<?xml version="1.0" encoding="UTF-8"?>
<Audience xmlns="http://soap.sforce.com/2006/04/metadata">
    <audienceName>Regional Head</audienceName>
    <container>Badger Parts&apos; Partner Community</container>
    <criteria>
        <criterion>
            <criteriaNumber>1</criteriaNumber>
            <criterionValue>
                <profile>admin</profile>
            </criterionValue>
            <operator>Equal</operator>
            <type>Profile</type>
        </criterion>
        <criterion>
            <criteriaNumber>1</criteriaNumber>
            <criterionValue>
                <profile>regional head profile</profile>
            </criterionValue>
            <operator>Equal</operator>
            <type>Profile</type>
        </criterion>
    </criteria>
    <formulaFilterType>AllCriteriaMatch</formulaFilterType>
    <isDefaultAudience>false</isDefaultAudience>
    <targets>
        <target>
            <groupName>f40d8cd8-33f6-446d-909e-8766c7e71ada</groupName>
            <priority>3</priority>
            <targetType>ExperienceVariation</targetType>
            <targetValue>Car_Booking_Detail_Car_Booking_Detail_2_Page</targetValue>
        </target>
        <target>
            <groupName>4a0cf39c-ae6d-4738-92f1-8cf38d7a970d</groupName>
            <priority>1</priority>
            <targetType>ExperienceVariation</targetType>
            <targetValue>Car_Booking_List_Car_Booking_List_Page</targetValue>
        </target>
    </targets>
</Audience>
