<?xml version="1.0" encoding="UTF-8"?>
<Audience xmlns="http://soap.sforce.com/2006/04/metadata">
    <audienceName>Sales User</audienceName>
    <container>Badger Parts&apos; Partner Community</container>
    <criteria>
        <criterion>
            <criteriaNumber>1</criteriaNumber>
            <criterionValue>
                <profile>admin</profile>
            </criterionValue>
            <operator>Equal</operator>
            <type>Profile</type>
        </criterion>
        <criterion>
            <criteriaNumber>1</criteriaNumber>
            <criterionValue>
                <profile>sales user profile</profile>
            </criterionValue>
            <operator>Equal</operator>
            <type>Profile</type>
        </criterion>
    </criteria>
    <formulaFilterType>AllCriteriaMatch</formulaFilterType>
    <isDefaultAudience>false</isDefaultAudience>
    <targets>
        <target>
            <groupName>10371b35-af67-4086-87e7-a458d41e6c1c</groupName>
            <priority>4</priority>
            <targetType>ExperienceVariation</targetType>
            <targetValue>Car_Model_Detail_Sales_Showboard_for_Sales_User_Page</targetValue>
        </target>
        <target>
            <groupName>22243e2c-3699-4edc-8fab-9e33d7dd779e</groupName>
            <priority>1</priority>
            <targetType>ExperienceVariation</targetType>
            <targetValue>Contact_Detail_Contact_Detail_Page</targetValue>
        </target>
        <target>
            <groupName>758e62ba-d627-4b55-84a4-8ca46289a8a6</groupName>
            <priority>5</priority>
            <targetType>ExperienceVariation</targetType>
            <targetValue>Car_Model_List_Car_Model_List_4_Page</targetValue>
        </target>
        <target>
            <groupName>746b7932-00dd-4f1d-b243-e865a804269b</groupName>
            <priority>1</priority>
            <targetType>ExperienceVariation</targetType>
            <targetValue>Account_List_Account_List_Page</targetValue>
        </target>
        <target>
            <groupName>0a692f15-92a1-48f0-b2be-ba3a5e77c715</groupName>
            <priority>1</priority>
            <targetType>ExperienceVariation</targetType>
            <targetValue>Contact_List_Contact_List_Page</targetValue>
        </target>
        <target>
            <groupName>83c15ddb-4bd1-47a7-a610-9102efb26e6c</groupName>
            <priority>1</priority>
            <targetType>ExperienceVariation</targetType>
            <targetValue>Lead_List_Lead_List_Page</targetValue>
        </target>
        <target>
            <groupName>113731cc-5714-435d-98a2-c53f5a98538e</groupName>
            <priority>1</priority>
            <targetType>ExperienceVariation</targetType>
            <targetValue>Sales_Table_Sales_Table_Page</targetValue>
        </target>
        <target>
            <groupName>2f7f2459-2b5b-436f-af86-641f0292206d</groupName>
            <priority>1</priority>
            <targetType>ExperienceVariation</targetType>
            <targetValue>Lead_Detail_Lead_Detail_Page</targetValue>
        </target>
        <target>
            <groupName>ab1e400d-440e-48e7-923e-1b6b3aaa3551</groupName>
            <priority>1</priority>
            <targetType>ExperienceVariation</targetType>
            <targetValue>Account_Detail_Account_Detail_Page</targetValue>
        </target>
    </targets>
</Audience>
