<?xml version="1.0" encoding="UTF-8"?>
<Audience xmlns="http://soap.sforce.com/2006/04/metadata">
    <audienceName>Sales Executive</audienceName>
    <container>Badger Parts&apos; Partner Community</container>
    <criteria>
        <criterion>
            <criteriaNumber>1</criteriaNumber>
            <criterionValue>
                <profile>admin</profile>
            </criterionValue>
            <operator>Equal</operator>
            <type>Profile</type>
        </criterion>
        <criterion>
            <criteriaNumber>1</criteriaNumber>
            <criterionValue>
                <profile>sales executive profile</profile>
            </criterionValue>
            <operator>Equal</operator>
            <type>Profile</type>
        </criterion>
    </criteria>
    <formulaFilterType>AllCriteriaMatch</formulaFilterType>
    <isDefaultAudience>false</isDefaultAudience>
    <targets>
        <target>
            <groupName>b26e4bf0-36b9-4775-9cc0-3b3374033cd6</groupName>
            <priority>1</priority>
            <targetType>ExperienceVariation</targetType>
            <targetValue>Recent_Car_Models_Recent_Car_Models_Page</targetValue>
        </target>
        <target>
            <groupName>10371b35-af67-4086-87e7-a458d41e6c1c</groupName>
            <priority>3</priority>
            <targetType>ExperienceVariation</targetType>
            <targetValue>Car_Model_Detail_Sales_Showboard_Page</targetValue>
        </target>
        <target>
            <groupName>758e62ba-d627-4b55-84a4-8ca46289a8a6</groupName>
            <priority>4</priority>
            <targetType>ExperienceVariation</targetType>
            <targetValue>Car_Model_List_Car_Model_List_3_Page</targetValue>
        </target>
        <target>
            <groupName>113731cc-5714-435d-98a2-c53f5a98538e</groupName>
            <priority>2</priority>
            <targetType>ExperienceVariation</targetType>
            <targetValue>Sales_Table_Sales_Table_1_Page</targetValue>
        </target>
    </targets>
</Audience>
