<?xml version="1.0" encoding="UTF-8"?>
<Audience xmlns="http://soap.sforce.com/2006/04/metadata">
    <audienceName>Sales Executive and Sales User</audienceName>
    <container>Badger Parts&apos; Partner Community</container>
    <criteria>
        <criterion>
            <criteriaNumber>1</criteriaNumber>
            <criterionValue>
                <profile>sales executive profile</profile>
            </criterionValue>
            <operator>Equal</operator>
            <type>Profile</type>
        </criterion>
        <criterion>
            <criteriaNumber>1</criteriaNumber>
            <criterionValue>
                <profile>admin</profile>
            </criterionValue>
            <operator>Equal</operator>
            <type>Profile</type>
        </criterion>
        <criterion>
            <criteriaNumber>1</criteriaNumber>
            <criterionValue>
                <profile>sales user profile</profile>
            </criterionValue>
            <operator>Equal</operator>
            <type>Profile</type>
        </criterion>
    </criteria>
    <formulaFilterType>AllCriteriaMatch</formulaFilterType>
    <isDefaultAudience>false</isDefaultAudience>
    <targets>
        <target>
            <groupName>899913e8-99aa-4da9-bb26-0b25336f0563</groupName>
            <priority>1</priority>
            <targetType>ExperienceVariation</targetType>
            <targetValue>Sales_Monitoring_Chart_Sales_Monitoring_Chart_Page</targetValue>
        </target>
    </targets>
</Audience>
