<?xml version="1.0" encoding="UTF-8"?>
<Audience xmlns="http://soap.sforce.com/2006/04/metadata">
    <audienceName>Sales User2</audienceName>
    <container>Badger Parts&apos; Partner Community</container>
    <criteria>
        <criterion>
            <criteriaNumber>1</criteriaNumber>
            <criterionValue>
                <profile>sales user profile</profile>
            </criterionValue>
            <operator>Equal</operator>
            <type>Profile</type>
        </criterion>
        <criterion>
            <criteriaNumber>1</criteriaNumber>
            <criterionValue>
                <profile>sales executive profile</profile>
            </criterionValue>
            <operator>Equal</operator>
            <type>Profile</type>
        </criterion>
        <criterion>
            <criteriaNumber>1</criteriaNumber>
            <criterionValue>
                <profile>admin</profile>
            </criterionValue>
            <operator>Equal</operator>
            <type>Profile</type>
        </criterion>
    </criteria>
    <formulaFilterType>AllCriteriaMatch</formulaFilterType>
    <isDefaultAudience>false</isDefaultAudience>
</Audience>
