<?xml version="1.0" encoding="UTF-8"?>
<CustomApplication xmlns="http://soap.sforce.com/2006/04/metadata">
    <brand>
        <headerColor>#BA6C00</headerColor>
        <shouldOverrideOrgTheme>false</shouldOverrideOrgTheme>
    </brand>
    <formFactors>Small</formFactors>
    <formFactors>Large</formFactors>
    <isNavAutoTempTabsDisabled>false</isNavAutoTempTabsDisabled>
    <isNavPersonalizationDisabled>false</isNavPersonalizationDisabled>
    <label>Lease Management System</label>
    <navType>Standard</navType>
    <tabs>standard-home</tabs>
    <tabs>standard-Contact</tabs>
    <tabs>Buildings__c</tabs>
    <tabs>Contract__c</tabs>
    <tabs>Units__c</tabs>
    <uiType>Lightning</uiType>
    <utilityBar>Lease_Management_System_UtilityBar</utilityBar>
</CustomApplication>
