<?xml version="1.0" encoding="UTF-8"?>
<ListView xmlns="http://soap.sforce.com/2006/04/metadata">
    <fullName>All</fullName>
    <columns>Student_ID__c</columns>
    <columns>NAME</columns>
    <columns>Gender__c</columns>
    <columns>Age__c</columns>
    <columns>Birth_Date__c</columns>
    <columns>University__c</columns>
    <columns>Address__c</columns>
    <columns>EmailID__c</columns>
    <columns>Phone__c</columns>
    <columns>Contact_Person__c</columns>
    <columns>Have_existing_scholarship__c</columns>
    <filterScope>Everything</filterScope>
    <label>All</label>
</ListView>
