{
  "status": 0,
  "result": [
    {
      "createdById": "0055i000004FDQ6AAO",
      "createdByName": "Edsel Lita",
      "createdDate": "2022-07-19T10:36:43.000Z",
      "fileName": "classes/testEmail.cls",
      "fullName": "testEmail",
      "id": "01p5i00000Cy2qUAAR",
      "lastModifiedById": "0055i000004FDQ6AAO",
      "lastModifiedByName": "Edsel Lita",
      "lastModifiedDate": "2022-07-19T10:58:11.000Z",
      "manageableState": "unmanaged",
      "type": "ApexClass"
    },
    {
      "createdById": "0055i000004FDQ6AAO",
      "createdByName": "Edsel Lita",
      "createdDate": "2022-07-19T05:05:33.000Z",
      "fileName": "classes/SendEmail.cls",
      "fullName": "SendEmail",
      "id": "01p5i00000Cxl16AAB",
      "lastModifiedById": "0055i000004FDQ6AAO",
      "lastModifiedByName": "Edsel Lita",
      "lastModifiedDate": "2022-07-19T08:13:04.000Z",
      "manageableState": "unmanaged",
      "type": "ApexClass"
    },
    {
      "createdById": "0055i000004FDQ6AAO",
      "createdByName": "Edsel Lita",
      "createdDate": "2022-07-13T07:50:24.000Z",
      "fileName": "classes/UpdateExpiredEndDate.cls",
      "fullName": "UpdateExpiredEndDate",
      "id": "01p5i00000BqAQfAAN",
      "lastModifiedById": "0055i000004FDQ6AAO",
      "lastModifiedByName": "Edsel Lita",
      "lastModifiedDate": "2022-07-13T07:50:24.000Z",
      "manageableState": "unmanaged",
      "type": "ApexClass"
    },
    {
      "createdById": "0055i000004FDQ6AAO",
      "createdByName": "Edsel Lita",
      "createdDate": "2022-07-14T05:45:09.000Z",
      "fileName": "classes/SendEmailToTenantTriggerHandler.cls",
      "fullName": "SendEmailToTenantTriggerHandler",
      "id": "01p5i00000CvjnSAAR",
      "lastModifiedById": "0055i000004FDQ6AAO",
      "lastModifiedByName": "Edsel Lita",
      "lastModifiedDate": "2022-07-19T05:14:21.000Z",
      "manageableState": "unmanaged",
      "type": "ApexClass"
    }
  ]
}