{
  "status": 0,
  "result": [
    {
      "createdById": "0055i000004FDQ6AAO",
      "createdByName": "Edsel Lita",
      "createdDate": "2022-07-13T03:53:18.000Z",
      "fileName": "triggers/LessThanThreeLongTermErr.trigger",
      "fullName": "LessThanThreeLongTermErr",
      "id": "01q5i0000005C1UAAU",
      "lastModifiedById": "0055i000004FDQ6AAO",
      "lastModifiedByName": "Edsel Lita",
      "lastModifiedDate": "2022-07-13T04:21:14.000Z",
      "manageableState": "unmanaged",
      "type": "ApexTrigger"
    },
    {
      "createdById": "0055i000004FDQ6AAO",
      "createdByName": "Edsel Lita",
      "createdDate": "2022-07-14T05:43:18.000Z",
      "fileName": "triggers/SendEmailToTenantTrigger.trigger",
      "fullName": "SendEmailToTenantTrigger",
      "id": "01q5i0000005D5SAAU",
      "lastModifiedById": "0055i000004FDQ6AAO",
      "lastModifiedByName": "Edsel Lita",
      "lastModifiedDate": "2022-07-19T11:46:12.000Z",
      "manageableState": "unmanaged",
      "type": "ApexTrigger"
    }
  ]
}