{
  "status": 0,
  "result": {
    "createdById": "0055i000004stiUAAQ",
    "createdByName": "Automated Process",
    "createdDate": "2022-07-12T01:12:26.000Z",
    "fileName": "appointmentSchedulingPolicies/default_appointment_scheduling_policy.policy",
    "fullName": "default_appointment_scheduling_policy",
    "id": "0Vr5i000000HAfcCAG",
    "lastModifiedById": "0055i000004stiUAAQ",
    "lastModifiedByName": "Automated Process",
    "lastModifiedDate": "2022-07-12T01:12:26.000Z",
    "type": "AppointmentSchedulingPolicy"
  }
}