{
  "status": 0,
  "result": [
    {
      "createdById": "0055i000004FDQ6AAO",
      "createdByName": "Edsel Lita",
      "createdDate": "2022-07-13T08:19:21.000Z",
      "fileName": "approvalProcesses/Contract__c.Contract_Approval_Process.approvalProcess",
      "fullName": "Contract__c.Contract_Approval_Process",
      "id": "04a5i0000008y3YAAQ",
      "lastModifiedById": "0055i000004FDQ6AAO",
      "lastModifiedByName": "Edsel Lita",
      "lastModifiedDate": "2022-07-13T08:24:34.000Z",
      "type": "ApprovalProcess"
    },
    {
      "createdById": "0055i000004FDQ6AAO",
      "createdByName": "Edsel Lita",
      "createdDate": "2022-07-13T08:46:12.000Z",
      "fileName": "approvalProcesses/Contract__c.Expired_Rejected_Proposal.approvalProcess",
      "fullName": "Contract__c.Expired_Rejected_Proposal",
      "id": "04a5i0000008y3nAAA",
      "lastModifiedById": "0055i000004FDQ6AAO",
      "lastModifiedByName": "Edsel Lita",
      "lastModifiedDate": "2022-07-13T08:46:50.000Z",
      "type": "ApprovalProcess"
    }
  ]
}