{
  "status": 0,
  "result": {
    "createdById": "0055i000004stiUAAQ",
    "createdByName": "Automated Process",
    "createdDate": "2022-07-12T01:12:26.000Z",
    "fileName": "cleanDataServices/DataCloudGeoLocation.cleanDataService",
    "fullName": "DataCloudGeoLocation",
    "id": "07S5i000000DSx7EAG",
    "lastModifiedById": "0055i000004stiUAAQ",
    "lastModifiedByName": "Automated Process",
    "lastModifiedDate": "2022-07-12T01:12:26.000Z",
    "manageableState": "unmanaged",
    "type": "CleanDataService"
  }
}