{
  "status": 0,
  "result": [
    {
      "createdById": "0055i000004FDQ6AAO",
      "createdByName": "Edsel Lita",
      "createdDate": "2022-07-12T01:12:26.000Z",
      "fileName": "applications/standard__Sales.app",
      "fullName": "standard__Sales",
      "id": "02u5i0000021ADhAAM",
      "lastModifiedById": "0055i000004FDQ6AAO",
      "lastModifiedByName": "Edsel Lita",
      "lastModifiedDate": "2022-07-12T01:12:26.000Z",
      "manageableState": "unmanaged",
      "namespacePrefix": "standard",
      "type": "CustomApplication"
    },
    {
      "createdById": "0055i000004FDQ6AAO",
      "createdByName": "Edsel Lita",
      "createdDate": "2022-07-12T01:12:26.000Z",
      "fileName": "applications/standard__Sites.app",
      "fullName": "standard__Sites",
      "id": "02u5i0000021AE0AAM",
      "lastModifiedById": "0055i000004FDQ6AAO",
      "lastModifiedByName": "Edsel Lita",
      "lastModifiedDate": "2022-07-12T01:12:26.000Z",
      "manageableState": "unmanaged",
      "namespacePrefix": "standard",
      "type": "CustomApplication"
    },
    {
      "createdById": "0055i000004FDQ6AAO",
      "createdByName": "Edsel Lita",
      "createdDate": "2022-07-12T01:12:26.000Z",
      "fileName": "applications/standard__SalesforceCMS.app",
      "fullName": "standard__SalesforceCMS",
      "id": "02u5i0000021ADqAAM",
      "lastModifiedById": "0055i000004FDQ6AAO",
      "lastModifiedByName": "Edsel Lita",
      "lastModifiedDate": "2022-07-12T01:12:26.000Z",
      "manageableState": "unmanaged",
      "namespacePrefix": "standard",
      "type": "CustomApplication"
    },
    {
      "createdById": "0055i000004FDQ6AAO",
      "createdByName": "Edsel Lita",
      "createdDate": "2022-07-12T01:12:26.000Z",
      "fileName": "applications/standard__Marketing.app",
      "fullName": "standard__Marketing",
      "id": "02u5i0000021ADtAAM",
      "lastModifiedById": "0055i000004FDQ6AAO",
      "lastModifiedByName": "Edsel Lita",
      "lastModifiedDate": "2022-07-12T01:12:26.000Z",
      "manageableState": "unmanaged",
      "namespacePrefix": "standard",
      "type": "CustomApplication"
    },
    {
      "createdById": "0055i000004FDQ6AAO",
      "createdByName": "Edsel Lita",
      "createdDate": "2022-07-12T01:12:26.000Z",
      "fileName": "applications/standard__ServiceConsole.app",
      "fullName": "standard__ServiceConsole",
      "id": "02u5i0000021ADuAAM",
      "lastModifiedById": "0055i000004FDQ6AAO",
      "lastModifiedByName": "Edsel Lita",
      "lastModifiedDate": "2022-07-12T01:12:26.000Z",
      "manageableState": "unmanaged",
      "namespacePrefix": "standard",
      "type": "CustomApplication"
    },
    {
      "createdById": "0055i000004FDQ6AAO",
      "createdByName": "Edsel Lita",
      "createdDate": "2022-07-12T01:12:26.000Z",
      "fileName": "applications/standard__Community.app",
      "fullName": "standard__Community",
      "id": "02u5i0000021ADzAAM",
      "lastModifiedById": "0055i000004FDQ6AAO",
      "lastModifiedByName": "Edsel Lita",
      "lastModifiedDate": "2022-07-12T01:12:26.000Z",
      "manageableState": "unmanaged",
      "namespacePrefix": "standard",
      "type": "CustomApplication"
    },
    {
      "createdById": "0055i000004FDQ6AAO",
      "createdByName": "Edsel Lita",
      "createdDate": "2022-07-12T01:12:26.000Z",
      "fileName": "applications/standard__LightningService.app",
      "fullName": "standard__LightningService",
      "id": "02u5i0000021AE6AAM",
      "lastModifiedById": "0055i000004FDQ6AAO",
      "lastModifiedByName": "Edsel Lita",
      "lastModifiedDate": "2022-07-12T01:12:26.000Z",
      "manageableState": "unmanaged",
      "namespacePrefix": "standard",
      "type": "CustomApplication"
    },
    {
      "createdById": "0055i000004FDQ6AAO",
      "createdByName": "Edsel Lita",
      "createdDate": "2022-07-12T01:12:26.000Z",
      "fileName": "applications/standard__Content.app",
      "fullName": "standard__Content",
      "id": "02u5i0000021ADgAAM",
      "lastModifiedById": "0055i000004FDQ6AAO",
      "lastModifiedByName": "Edsel Lita",
      "lastModifiedDate": "2022-07-12T01:12:26.000Z",
      "manageableState": "unmanaged",
      "namespacePrefix": "standard",
      "type": "CustomApplication"
    },
    {
      "createdById": "0055i000004FDQ6AAO",
      "createdByName": "Edsel Lita",
      "createdDate": "2022-07-12T01:12:26.000Z",
      "fileName": "applications/standard__Chatter.app",
      "fullName": "standard__Chatter",
      "id": "02u5i0000021AE1AAM",
      "lastModifiedById": "0055i000004FDQ6AAO",
      "lastModifiedByName": "Edsel Lita",
      "lastModifiedDate": "2022-07-12T01:12:26.000Z",
      "manageableState": "unmanaged",
      "namespacePrefix": "standard",
      "type": "CustomApplication"
    },
    {
      "createdById": "0055i000004FDQ6AAO",
      "createdByName": "Edsel Lita",
      "createdDate": "2022-07-12T01:12:26.000Z",
      "fileName": "applications/standard__QueueManagement.app",
      "fullName": "standard__QueueManagement",
      "id": "02u5i0000021ADkAAM",
      "lastModifiedById": "0055i000004FDQ6AAO",
      "lastModifiedByName": "Edsel Lita",
      "lastModifiedDate": "2022-07-12T01:12:26.000Z",
      "manageableState": "unmanaged",
      "namespacePrefix": "standard",
      "type": "CustomApplication"
    },
    {
      "createdById": "0055i000004FDQ6AAO",
      "createdByName": "Edsel Lita",
      "createdDate": "2022-07-12T01:12:26.000Z",
      "fileName": "applications/standard__Insights.app",
      "fullName": "standard__Insights",
      "id": "02u5i0000021AE9AAM",
      "lastModifiedById": "0055i000004FDQ6AAO",
      "lastModifiedByName": "Edsel Lita",
      "lastModifiedDate": "2022-07-12T01:12:26.000Z",
      "manageableState": "unmanaged",
      "namespacePrefix": "standard",
      "type": "CustomApplication"
    },
    {
      "createdById": "0055i000004FDQ6AAO",
      "createdByName": "Edsel Lita",
      "createdDate": "2022-07-12T01:12:26.000Z",
      "fileName": "applications/standard__AllTabSet.app",
      "fullName": "standard__AllTabSet",
      "id": "02u5i0000021ADmAAM",
      "lastModifiedById": "0055i000004FDQ6AAO",
      "lastModifiedByName": "Edsel Lita",
      "lastModifiedDate": "2022-07-12T01:12:26.000Z",
      "manageableState": "unmanaged",
      "namespacePrefix": "standard",
      "type": "CustomApplication"
    },
    {
      "createdById": "0055i000004FDQ6AAO",
      "createdByName": "Edsel Lita",
      "createdDate": "2022-07-12T01:15:21.000Z",
      "fileName": "applications/standard__LightningBolt.app",
      "fullName": "standard__LightningBolt",
      "id": "02u5i0000001x5BAAQ",
      "lastModifiedById": "0055i000004FDQ6AAO",
      "lastModifiedByName": "Edsel Lita",
      "lastModifiedDate": "2022-07-12T01:15:21.000Z",
      "manageableState": "unmanaged",
      "namespacePrefix": "standard",
      "type": "CustomApplication"
    },
    {
      "createdById": "0055i000004FDQ6AAO",
      "createdByName": "Edsel Lita",
      "createdDate": "2022-07-12T01:12:26.000Z",
      "fileName": "applications/standard__AppLauncher.app",
      "fullName": "standard__AppLauncher",
      "id": "02u5i0000021ADyAAM",
      "lastModifiedById": "0055i000004FDQ6AAO",
      "lastModifiedByName": "Edsel Lita",
      "lastModifiedDate": "2022-07-12T01:12:26.000Z",
      "manageableState": "unmanaged",
      "namespacePrefix": "standard",
      "type": "CustomApplication"
    },
    {
      "createdById": "0055i000004FDQ6AAO",
      "createdByName": "Edsel Lita",
      "createdDate": "2022-07-12T01:12:26.000Z",
      "fileName": "applications/standard__Service.app",
      "fullName": "standard__Service",
      "id": "02u5i0000021ADsAAM",
      "lastModifiedById": "0055i000004FDQ6AAO",
      "lastModifiedByName": "Edsel Lita",
      "lastModifiedDate": "2022-07-12T01:12:26.000Z",
      "manageableState": "unmanaged",
      "namespacePrefix": "standard",
      "type": "CustomApplication"
    },
    {
      "createdById": "0055i000004FDQ6AAO",
      "createdByName": "Edsel Lita",
      "createdDate": "2022-07-12T01:12:26.000Z",
      "fileName": "applications/standard__DataManager.app",
      "fullName": "standard__DataManager",
      "id": "02u5i0000021ADpAAM",
      "lastModifiedById": "0055i000004FDQ6AAO",
      "lastModifiedByName": "Edsel Lita",
      "lastModifiedDate": "2022-07-12T01:12:26.000Z",
      "manageableState": "unmanaged",
      "namespacePrefix": "standard",
      "type": "CustomApplication"
    },
    {
      "createdById": "0055i000004FDQ6AAO",
      "createdByName": "Edsel Lita",
      "createdDate": "2022-07-12T01:12:26.000Z",
      "fileName": "applications/standard__Platform.app",
      "fullName": "standard__Platform",
      "id": "02u5i0000021ADrAAM",
      "lastModifiedById": "0055i000004FDQ6AAO",
      "lastModifiedByName": "Edsel Lita",
      "lastModifiedDate": "2022-07-12T01:12:26.000Z",
      "manageableState": "unmanaged",
      "namespacePrefix": "standard",
      "type": "CustomApplication"
    },
    {
      "createdById": "0055i000004FDQ6AAO",
      "createdByName": "Edsel Lita",
      "createdDate": "2022-07-12T01:12:26.000Z",
      "fileName": "applications/standard__LightningSalesConsole.app",
      "fullName": "standard__LightningSalesConsole",
      "id": "02u5i0000021AE7AAM",
      "lastModifiedById": "0055i000004FDQ6AAO",
      "lastModifiedByName": "Edsel Lita",
      "lastModifiedDate": "2022-07-12T01:12:26.000Z",
      "manageableState": "unmanaged",
      "namespacePrefix": "standard",
      "type": "CustomApplication"
    },
    {
      "createdById": "0055i000004FDQ6AAO",
      "createdByName": "Edsel Lita",
      "createdDate": "2022-07-12T01:12:26.000Z",
      "fileName": "applications/standard__LightningInstrumentation.app",
      "fullName": "standard__LightningInstrumentation",
      "id": "02u5i0000021AEAAA2",
      "lastModifiedById": "0055i000004FDQ6AAO",
      "lastModifiedByName": "Edsel Lita",
      "lastModifiedDate": "2022-07-12T01:12:26.000Z",
      "manageableState": "unmanaged",
      "namespacePrefix": "standard",
      "type": "CustomApplication"
    },
    {
      "createdById": "0055i000004FDQ6AAO",
      "createdByName": "Edsel Lita",
      "createdDate": "2022-07-12T01:12:26.000Z",
      "fileName": "applications/standard__LightningSales.app",
      "fullName": "standard__LightningSales",
      "id": "02u5i0000021AE8AAM",
      "lastModifiedById": "0055i000004FDQ6AAO",
      "lastModifiedByName": "Edsel Lita",
      "lastModifiedDate": "2022-07-12T01:12:26.000Z",
      "manageableState": "unmanaged",
      "namespacePrefix": "standard",
      "type": "CustomApplication"
    },
    {
      "createdById": "0055i000004FDQ6AAO",
      "createdByName": "Edsel Lita",
      "createdDate": "2022-07-12T01:15:00.000Z",
      "fileName": "applications/standard__LightningScheduler.app",
      "fullName": "standard__LightningScheduler",
      "id": "02u5i0000001x5AAAQ",
      "lastModifiedById": "0055i000004FDQ6AAO",
      "lastModifiedByName": "Edsel Lita",
      "lastModifiedDate": "2022-07-12T01:15:00.000Z",
      "manageableState": "unmanaged",
      "namespacePrefix": "standard",
      "type": "CustomApplication"
    },
    {
      "createdById": "0055i000004FDQ6AAO",
      "createdByName": "Edsel Lita",
      "createdDate": "2022-07-13T01:51:28.000Z",
      "fileName": "applications/Lease_Management_System.app",
      "fullName": "Lease_Management_System",
      "id": "02u5i0000001yw9AAA",
      "lastModifiedById": "0055i000004FDQ6AAO",
      "lastModifiedByName": "Edsel Lita",
      "lastModifiedDate": "2022-07-13T01:51:28.000Z",
      "manageableState": "unmanaged",
      "type": "CustomApplication"
    }
  ]
}