{
  "status": 0,
  "result": [
    {
      "createdById": "0055i000004FDQ6AAO",
      "createdByName": "Edsel Lita",
      "createdDate": "2022-07-13T01:58:40.000Z",
      "fileName": "tabs/Contract__c.tab",
      "fullName": "Contract__c",
      "id": "01r5i00000016uXAAQ",
      "lastModifiedById": "0055i000004FDQ6AAO",
      "lastModifiedByName": "Edsel Lita",
      "lastModifiedDate": "2022-07-13T01:58:40.000Z",
      "manageableState": "unmanaged",
      "type": "CustomTab"
    },
    {
      "createdById": "0055i000004FDQ6AAO",
      "createdByName": "Edsel Lita",
      "createdDate": "2022-07-13T01:58:09.000Z",
      "fileName": "tabs/Buildings__c.tab",
      "fullName": "Buildings__c",
      "id": "01r5i00000016uSAAQ",
      "lastModifiedById": "0055i000004FDQ6AAO",
      "lastModifiedByName": "Edsel Lita",
      "lastModifiedDate": "2022-07-13T01:58:09.000Z",
      "manageableState": "unmanaged",
      "type": "CustomTab"
    },
    {
      "createdById": "0055i000004FDQ6AAO",
      "createdByName": "Edsel Lita",
      "createdDate": "2022-07-13T01:59:11.000Z",
      "fileName": "tabs/Units__c.tab",
      "fullName": "Units__c",
      "id": "01r5i00000016uhAAA",
      "lastModifiedById": "0055i000004FDQ6AAO",
      "lastModifiedByName": "Edsel Lita",
      "lastModifiedDate": "2022-07-13T01:59:11.000Z",
      "manageableState": "unmanaged",
      "type": "CustomTab"
    }
  ]
}