{
  "status": 0,
  "result": [
    {
      "createdById": "0055i000004FDQ6AAO",
      "createdByName": "Edsel Lita",
      "createdDate": "2022-07-12T01:12:26.000Z",
      "fileName": "duplicateRules/Contact.Standard_Contact_Duplicate_Rule.duplicateRule",
      "fullName": "Contact.Standard_Contact_Duplicate_Rule",
      "id": "0Bm5i000008bsqdCAA",
      "lastModifiedById": "0055i000004FDQ6AAO",
      "lastModifiedByName": "Edsel Lita",
      "lastModifiedDate": "2022-07-12T01:12:26.000Z",
      "manageableState": "unmanaged",
      "type": "DuplicateRule"
    },
    {
      "createdById": "0055i000004FDQ6AAO",
      "createdByName": "Edsel Lita",
      "createdDate": "2022-07-12T01:12:26.000Z",
      "fileName": "duplicateRules/Account.Standard_Account_Duplicate_Rule.duplicateRule",
      "fullName": "Account.Standard_Account_Duplicate_Rule",
      "id": "0Bm5i000008bsqcCAA",
      "lastModifiedById": "0055i000004FDQ6AAO",
      "lastModifiedByName": "Edsel Lita",
      "lastModifiedDate": "2022-07-12T01:12:26.000Z",
      "manageableState": "unmanaged",
      "type": "DuplicateRule"
    },
    {
      "createdById": "0055i000004FDQ6AAO",
      "createdByName": "Edsel Lita",
      "createdDate": "2022-07-12T01:12:26.000Z",
      "fileName": "duplicateRules/Lead.Standard_Lead_Duplicate_Rule.duplicateRule",
      "fullName": "Lead.Standard_Lead_Duplicate_Rule",
      "id": "0Bm5i000008bsqeCAA",
      "lastModifiedById": "0055i000004FDQ6AAO",
      "lastModifiedByName": "Edsel Lita",
      "lastModifiedDate": "2022-07-12T01:12:26.000Z",
      "manageableState": "unmanaged",
      "type": "DuplicateRule"
    },
    {
      "createdById": "0055i000004FDQ6AAO",
      "createdByName": "Edsel Lita",
      "createdDate": "2022-07-13T12:33:35.000Z",
      "fileName": "duplicateRules/Buildings__c.Avoid_Duplicate_Building_Records.duplicateRule",
      "fullName": "Buildings__c.Avoid_Duplicate_Building_Records",
      "id": "0Bm5i000008d2BwCAI",
      "lastModifiedById": "0055i000004FDQ6AAO",
      "lastModifiedByName": "Edsel Lita",
      "lastModifiedDate": "2022-07-13T12:42:35.000Z",
      "manageableState": "unmanaged",
      "type": "DuplicateRule"
    }
  ]
}