{
  "status": 0,
  "result": [
    {
      "createdById": "0055i000004FDQ6AAO",
      "createdByName": "Edsel Lita",
      "createdDate": "2022-07-12T01:12:26.000Z",
      "fileName": "email/unfiled$public/SUPPORTSelfServiceNewCommentNotificationSAMPLE.email",
      "fullName": "unfiled$public/SUPPORTSelfServiceNewCommentNotificationSAMPLE",
      "id": "00X5i000001qunEEAQ",
      "lastModifiedById": "0055i000004FDQ6AAO",
      "lastModifiedByName": "Edsel Lita",
      "lastModifiedDate": "2022-07-12T01:12:26.000Z",
      "manageableState": "unmanaged",
      "type": "EmailTemplate"
    },
    {
      "createdById": "0055i000004FDQ6AAO",
      "createdByName": "Edsel Lita",
      "createdDate": "2022-07-12T01:12:26.000Z",
      "fileName": "email/unfiled$public/SUPPORTSelfServiceResetPasswordSAMPLE.email",
      "fullName": "unfiled$public/SUPPORTSelfServiceResetPasswordSAMPLE",
      "id": "00X5i000001qunQEAQ",
      "lastModifiedById": "0055i000004FDQ6AAO",
      "lastModifiedByName": "Edsel Lita",
      "lastModifiedDate": "2022-07-12T01:12:26.000Z",
      "manageableState": "unmanaged",
      "type": "EmailTemplate"
    },
    {
      "createdById": "0055i000004FDQ6AAO",
      "createdByName": "Edsel Lita",
      "createdDate": "2022-07-12T01:12:26.000Z",
      "fileName": "email/unfiled$public/SupportSelfServiceResetPassword.email",
      "fullName": "unfiled$public/SupportSelfServiceResetPassword",
      "id": "00X5i000001qunFEAQ",
      "lastModifiedById": "0055i000004FDQ6AAO",
      "lastModifiedByName": "Edsel Lita",
      "lastModifiedDate": "2022-07-12T01:12:26.000Z",
      "manageableState": "unmanaged",
      "type": "EmailTemplate"
    },
    {
      "createdById": "0055i000004FDQ6AAO",
      "createdByName": "Edsel Lita",
      "createdDate": "2022-07-12T01:12:26.000Z",
      "fileName": "email/unfiled$public/SupportCaseCreatedPhoneInquiries.email",
      "fullName": "unfiled$public/SupportCaseCreatedPhoneInquiries",
      "id": "00X5i000001qunIEAQ",
      "lastModifiedById": "0055i000004FDQ6AAO",
      "lastModifiedByName": "Edsel Lita",
      "lastModifiedDate": "2022-07-12T01:12:26.000Z",
      "manageableState": "unmanaged",
      "type": "EmailTemplate"
    },
    {
      "createdById": "0055i000004FDQ6AAO",
      "createdByName": "Edsel Lita",
      "createdDate": "2022-07-12T01:12:26.000Z",
      "fileName": "email/unfiled$public/SupportSelfServiceNewLoginandPassword.email",
      "fullName": "unfiled$public/SupportSelfServiceNewLoginandPassword",
      "id": "00X5i000001qunGEAQ",
      "lastModifiedById": "0055i000004FDQ6AAO",
      "lastModifiedByName": "Edsel Lita",
      "lastModifiedDate": "2022-07-12T01:12:26.000Z",
      "manageableState": "unmanaged",
      "type": "EmailTemplate"
    },
    {
      "createdById": "0055i000004FDQ6AAO",
      "createdByName": "Edsel Lita",
      "createdDate": "2022-07-12T01:12:26.000Z",
      "fileName": "email/unfiled$public/SUPPORTSelfServiceNewUserLoginInformationSAMPLE.email",
      "fullName": "unfiled$public/SUPPORTSelfServiceNewUserLoginInformationSAMPLE",
      "id": "00X5i000001qunPEAQ",
      "lastModifiedById": "0055i000004FDQ6AAO",
      "lastModifiedByName": "Edsel Lita",
      "lastModifiedDate": "2022-07-12T01:12:26.000Z",
      "manageableState": "unmanaged",
      "type": "EmailTemplate"
    },
    {
      "createdById": "0055i000004FDQ6AAO",
      "createdByName": "Edsel Lita",
      "createdDate": "2022-07-12T01:12:26.000Z",
      "fileName": "email/unfiled$public/SupportEscalatedCaseReassignment.email",
      "fullName": "unfiled$public/SupportEscalatedCaseReassignment",
      "id": "00X5i000001qunMEAQ",
      "lastModifiedById": "0055i000004FDQ6AAO",
      "lastModifiedByName": "Edsel Lita",
      "lastModifiedDate": "2022-07-12T01:12:26.000Z",
      "manageableState": "unmanaged",
      "type": "EmailTemplate"
    },
    {
      "createdById": "0055i000004FDQ6AAO",
      "createdByName": "Edsel Lita",
      "createdDate": "2022-07-12T01:12:26.000Z",
      "fileName": "email/unfiled$public/SupportEscalatedCaseNotification.email",
      "fullName": "unfiled$public/SupportEscalatedCaseNotification",
      "id": "00X5i000001qunNEAQ",
      "lastModifiedById": "0055i000004FDQ6AAO",
      "lastModifiedByName": "Edsel Lita",
      "lastModifiedDate": "2022-07-12T01:12:26.000Z",
      "manageableState": "unmanaged",
      "type": "EmailTemplate"
    },
    {
      "createdById": "0055i000004FDQ6AAO",
      "createdByName": "Edsel Lita",
      "createdDate": "2022-07-12T01:12:26.000Z",
      "fileName": "email/unfiled$public/SupportCaseResponse.email",
      "fullName": "unfiled$public/SupportCaseResponse",
      "id": "00X5i000001qunKEAQ",
      "lastModifiedById": "0055i000004FDQ6AAO",
      "lastModifiedByName": "Edsel Lita",
      "lastModifiedDate": "2022-07-12T01:12:26.000Z",
      "manageableState": "unmanaged",
      "type": "EmailTemplate"
    },
    {
      "createdById": "0055i000004FDQ6AAO",
      "createdByName": "Edsel Lita",
      "createdDate": "2022-07-12T01:12:26.000Z",
      "fileName": "email/unfiled$public/MarketingProductInquiryResponse.email",
      "fullName": "unfiled$public/MarketingProductInquiryResponse",
      "id": "00X5i000001qunOEAQ",
      "lastModifiedById": "0055i000004FDQ6AAO",
      "lastModifiedByName": "Edsel Lita",
      "lastModifiedDate": "2022-07-12T01:12:26.000Z",
      "manageableState": "unmanaged",
      "type": "EmailTemplate"
    },
    {
      "createdById": "0055i000004FDQ6AAO",
      "createdByName": "Edsel Lita",
      "createdDate": "2022-07-12T01:12:26.000Z",
      "fileName": "email/unfiled$public/SupportCaseCreatedWebInquiries.email",
      "fullName": "unfiled$public/SupportCaseCreatedWebInquiries",
      "id": "00X5i000001qunJEAQ",
      "lastModifiedById": "0055i000004FDQ6AAO",
      "lastModifiedByName": "Edsel Lita",
      "lastModifiedDate": "2022-07-12T01:12:26.000Z",
      "manageableState": "unmanaged",
      "type": "EmailTemplate"
    },
    {
      "createdById": "0055i000004FDQ6AAO",
      "createdByName": "Edsel Lita",
      "createdDate": "2022-07-12T01:12:26.000Z",
      "fileName": "email/unfiled$public/SupportCaseAssignmentNotification.email",
      "fullName": "unfiled$public/SupportCaseAssignmentNotification",
      "id": "00X5i000001qunHEAQ",
      "lastModifiedById": "0055i000004FDQ6AAO",
      "lastModifiedByName": "Edsel Lita",
      "lastModifiedDate": "2022-07-12T01:12:26.000Z",
      "manageableState": "unmanaged",
      "type": "EmailTemplate"
    },
    {
      "createdById": "0055i000004FDQ6AAO",
      "createdByName": "Edsel Lita",
      "createdDate": "2022-07-12T01:12:26.000Z",
      "fileName": "email/unfiled$public/SalesNewCustomerEmail.email",
      "fullName": "unfiled$public/SalesNewCustomerEmail",
      "id": "00X5i000001qunLEAQ",
      "lastModifiedById": "0055i000004FDQ6AAO",
      "lastModifiedByName": "Edsel Lita",
      "lastModifiedDate": "2022-07-12T01:12:26.000Z",
      "manageableState": "unmanaged",
      "type": "EmailTemplate"
    }
  ]
}