{
  "status": 0,
  "result": [
    {
      "createdById": "0055i000004FDQ6AAO",
      "createdByName": "Edsel Lita",
      "createdDate": "2022-07-12T01:12:26.000Z",
      "fileName": "flexipages/LightningService_UtilityBar.flexipage",
      "fullName": "LightningService_UtilityBar",
      "id": "0M05i000004JXiJCAW",
      "lastModifiedById": "0055i000004FDQ6AAO",
      "lastModifiedByName": "Edsel Lita",
      "lastModifiedDate": "2022-07-12T01:12:26.000Z",
      "manageableState": "unmanaged",
      "type": "FlexiPage"
    },
    {
      "createdById": "0055i000004FDQ6AAO",
      "createdByName": "Edsel Lita",
      "createdDate": "2022-07-13T01:51:26.000Z",
      "fileName": "flexipages/Lease_Management_System_UtilityBar.flexipage",
      "fullName": "Lease_Management_System_UtilityBar",
      "id": "0M05i000004JwoMCAS",
      "lastModifiedById": "0055i000004FDQ6AAO",
      "lastModifiedByName": "Edsel Lita",
      "lastModifiedDate": "2022-07-13T01:51:26.000Z",
      "manageableState": "unmanaged",
      "type": "FlexiPage"
    },
    {
      "createdById": "0055i000004FDQ6AAO",
      "createdByName": "Edsel Lita",
      "createdDate": "2022-07-12T01:12:26.000Z",
      "fileName": "flexipages/LightningSalesConsole_UtilityBar.flexipage",
      "fullName": "LightningSalesConsole_UtilityBar",
      "id": "0M05i000004JXiKCAW",
      "lastModifiedById": "0055i000004FDQ6AAO",
      "lastModifiedByName": "Edsel Lita",
      "lastModifiedDate": "2022-07-12T01:12:26.000Z",
      "manageableState": "unmanaged",
      "type": "FlexiPage"
    }
  ]
}