{
  "status": 0,
  "result": [
    {
      "createdById": "0055i000004FDQ6AAO",
      "createdByName": "Edsel Lita",
      "createdDate": "2022-07-13T05:51:48.000Z",
      "fileName": "flowDefinitions/Avoid_Duplicate_Unit_Record.flowDefinition",
      "fullName": "Avoid_Duplicate_Unit_Record",
      "id": "3005i000000945LAAQ",
      "lastModifiedById": "0055i000004FDQ6AAO",
      "lastModifiedByName": "Edsel Lita",
      "lastModifiedDate": "2022-07-13T05:51:51.000Z",
      "manageableState": "unmanaged",
      "type": "FlowDefinition"
    },
    {
      "createdById": "0055i000004FDQ6AAO",
      "createdByName": "Edsel Lita",
      "createdDate": "2022-07-13T11:25:10.000Z",
      "fileName": "flowDefinitions/Create_Contract_Button_Mechanism.flowDefinition",
      "fullName": "Create_Contract_Button_Mechanism",
      "id": "3005i00000094DUAAY",
      "lastModifiedById": "0055i000004FDQ6AAO",
      "lastModifiedByName": "Edsel Lita",
      "lastModifiedDate": "2022-07-19T11:40:55.000Z",
      "manageableState": "unmanaged",
      "type": "FlowDefinition"
    },
    {
      "createdById": "0055i000004FDQ6AAO",
      "createdByName": "Edsel Lita",
      "createdDate": "2022-07-13T04:28:02.000Z",
      "fileName": "flowDefinitions/Discount_applies_on_Very_Long_Terms.flowDefinition",
      "fullName": "Discount_applies_on_Very_Long_Terms",
      "id": "3005i0000009405AAA",
      "lastModifiedById": "0055i000004FDQ6AAO",
      "lastModifiedByName": "Edsel Lita",
      "lastModifiedDate": "2022-07-13T05:08:13.000Z",
      "manageableState": "unmanaged",
      "type": "FlowDefinition"
    },
    {
      "createdById": "0055i000004FDQ6AAO",
      "createdByName": "Edsel Lita",
      "createdDate": "2022-07-13T08:36:53.000Z",
      "fileName": "flowDefinitions/Check_if_Approved_Records_Existing.flowDefinition",
      "fullName": "Check_if_Approved_Records_Existing",
      "id": "3005i00000094ALAAY",
      "lastModifiedById": "0055i000004FDQ6AAO",
      "lastModifiedByName": "Edsel Lita",
      "lastModifiedDate": "2022-07-13T08:40:51.000Z",
      "manageableState": "unmanaged",
      "type": "FlowDefinition"
    },
    {
      "createdById": "0055i000004FDQ6AAO",
      "createdByName": "Edsel Lita",
      "createdDate": "2022-07-13T05:21:24.000Z",
      "fileName": "flowDefinitions/Testing.flowDefinition",
      "fullName": "Testing",
      "id": "3005i0000009451AAA",
      "lastModifiedById": "0055i000004FDQ6AAO",
      "lastModifiedByName": "Edsel Lita",
      "lastModifiedDate": "2022-07-13T05:21:51.000Z",
      "manageableState": "unmanaged",
      "type": "FlowDefinition"
    },
    {
      "createdById": "0055i000004FDQ6AAO",
      "createdByName": "Edsel Lita",
      "createdDate": "2022-07-13T08:07:18.000Z",
      "fileName": "flowDefinitions/Automate_Update_on_Expired_Checkboxes.flowDefinition",
      "fullName": "Automate_Update_on_Expired_Checkboxes",
      "id": "3005i000000949wAAA",
      "lastModifiedById": "0055i000004FDQ6AAO",
      "lastModifiedByName": "Edsel Lita",
      "lastModifiedDate": "2022-07-13T08:12:51.000Z",
      "manageableState": "unmanaged",
      "type": "FlowDefinition"
    },
    {
      "createdById": "0055i000004FDQ6AAO",
      "createdByName": "Edsel Lita",
      "createdDate": "2022-07-13T07:56:53.000Z",
      "fileName": "flowDefinitions/Automate_Update_of_Expired_Checkbox.flowDefinition",
      "fullName": "Automate_Update_of_Expired_Checkbox",
      "id": "3005i000000949cAAA",
      "lastModifiedById": "0055i000004FDQ6AAO",
      "lastModifiedByName": "Edsel Lita",
      "lastModifiedDate": "2022-07-13T07:56:54.000Z",
      "manageableState": "unmanaged",
      "type": "FlowDefinition"
    },
    {
      "createdById": "0055i000004FDQ6AAO",
      "createdByName": "Edsel Lita",
      "createdDate": "2022-07-19T01:34:25.000Z",
      "fileName": "flowDefinitions/Pass_Contact_Info_on_Unit_Object.flowDefinition",
      "fullName": "Pass_Contact_Info_on_Unit_Object",
      "id": "3005i00000097E1AAI",
      "lastModifiedById": "0055i000004FDQ6AAO",
      "lastModifiedByName": "Edsel Lita",
      "lastModifiedDate": "2022-07-19T01:36:20.000Z",
      "manageableState": "unmanaged",
      "type": "FlowDefinition"
    },
    {
      "createdById": "0055i000004FDQ6AAO",
      "createdByName": "Edsel Lita",
      "createdDate": "2022-07-13T06:46:46.000Z",
      "fileName": "flowDefinitions/Automate_Update_Contract_Records.flowDefinition",
      "fullName": "Automate_Update_Contract_Records",
      "id": "3005i000000947MAAQ",
      "lastModifiedById": "0055i000004FDQ6AAO",
      "lastModifiedByName": "Edsel Lita",
      "lastModifiedDate": "2022-07-13T07:13:34.000Z",
      "manageableState": "unmanaged",
      "type": "FlowDefinition"
    }
  ]
}