{
  "status": 0,
  "result": [
    {
      "createdById": "0055i000004FDQ6AAO",
      "createdByName": "Edsel Lita",
      "createdDate": "2022-07-13T05:08:07.000Z",
      "fileName": "flows/Discount_applies_on_Very_Long_Terms.flow",
      "fullName": "Discount_applies_on_Very_Long_Terms",
      "id": "3015i0000009w2RAAQ",
      "lastModifiedById": "0055i000004FDQ6AAO",
      "lastModifiedByName": "Edsel Lita",
      "lastModifiedDate": "2022-07-13T05:08:13.000Z",
      "manageableState": "unmanaged",
      "type": "Flow"
    },
    {
      "createdById": "0055i000004FDQ6AAO",
      "createdByName": "Edsel Lita",
      "createdDate": "2022-07-19T11:40:53.000Z",
      "fileName": "flows/Create_Contract_Button_Mechanism.flow",
      "fullName": "Create_Contract_Button_Mechanism",
      "id": "3015i000000A4KrAAK",
      "lastModifiedById": "0055i000004FDQ6AAO",
      "lastModifiedByName": "Edsel Lita",
      "lastModifiedDate": "2022-07-19T11:40:55.000Z",
      "manageableState": "unmanaged",
      "type": "Flow"
    },
    {
      "createdById": "0055i000004FDQ6AAO",
      "createdByName": "Edsel Lita",
      "createdDate": "2022-07-13T08:40:49.000Z",
      "fileName": "flows/Check_if_Approved_Records_Existing.flow",
      "fullName": "Check_if_Approved_Records_Existing",
      "id": "3015i0000009wTcAAI",
      "lastModifiedById": "0055i000004FDQ6AAO",
      "lastModifiedByName": "Edsel Lita",
      "lastModifiedDate": "2022-07-13T08:40:51.000Z",
      "manageableState": "unmanaged",
      "type": "Flow"
    },
    {
      "createdById": "0055i000004FDQ6AAO",
      "createdByName": "Edsel Lita",
      "createdDate": "2022-07-13T07:56:53.000Z",
      "fileName": "flows/Automate_Update_of_Expired_Checkbox.flow",
      "fullName": "Automate_Update_of_Expired_Checkbox",
      "id": "3015i0000009wPVAAY",
      "lastModifiedById": "0055i000004FDQ6AAO",
      "lastModifiedByName": "Edsel Lita",
      "lastModifiedDate": "2022-07-13T07:56:54.000Z",
      "manageableState": "unmanaged",
      "type": "Flow"
    },
    {
      "createdById": "0055i000004FDQ6AAO",
      "createdByName": "Edsel Lita",
      "createdDate": "2022-07-19T01:36:12.000Z",
      "fileName": "flows/Pass_Contact_Info_on_Unit_Object.flow",
      "fullName": "Pass_Contact_Info_on_Unit_Object",
      "id": "3015i000000A3H7AAK",
      "lastModifiedById": "0055i000004FDQ6AAO",
      "lastModifiedByName": "Edsel Lita",
      "lastModifiedDate": "2022-07-19T01:36:20.000Z",
      "manageableState": "unmanaged",
      "type": "Flow"
    },
    {
      "createdById": "0055i000004FDQ6AAO",
      "createdByName": "Edsel Lita",
      "createdDate": "2022-07-13T05:21:51.000Z",
      "fileName": "flows/Testing.flow",
      "fullName": "Testing",
      "id": "3015i0000009w4IAAQ",
      "lastModifiedById": "0055i000004FDQ6AAO",
      "lastModifiedByName": "Edsel Lita",
      "lastModifiedDate": "2022-07-13T05:21:51.000Z",
      "manageableState": "unmanaged",
      "type": "Flow"
    },
    {
      "createdById": "0055i000004FDQ6AAO",
      "createdByName": "Edsel Lita",
      "createdDate": "2022-07-13T07:13:31.000Z",
      "fileName": "flows/Automate_Update_Contract_Records.flow",
      "fullName": "Automate_Update_Contract_Records",
      "id": "3015i0000009wL9AAI",
      "lastModifiedById": "0055i000004FDQ6AAO",
      "lastModifiedByName": "Edsel Lita",
      "lastModifiedDate": "2022-07-13T07:13:34.000Z",
      "manageableState": "unmanaged",
      "type": "Flow"
    },
    {
      "createdById": "0055i000004FDQ6AAO",
      "createdByName": "Edsel Lita",
      "createdDate": "2022-07-13T05:51:48.000Z",
      "fileName": "flows/Avoid_Duplicate_Unit_Record.flow",
      "fullName": "Avoid_Duplicate_Unit_Record",
      "id": "3015i0000009wAVAAY",
      "lastModifiedById": "0055i000004FDQ6AAO",
      "lastModifiedByName": "Edsel Lita",
      "lastModifiedDate": "2022-07-13T05:51:51.000Z",
      "manageableState": "unmanaged",
      "type": "Flow"
    },
    {
      "createdById": "0055i000004FDQ6AAO",
      "createdByName": "Edsel Lita",
      "createdDate": "2022-07-13T08:12:49.000Z",
      "fileName": "flows/Automate_Update_on_Expired_Checkboxes.flow",
      "fullName": "Automate_Update_on_Expired_Checkboxes",
      "id": "3015i0000009wRbAAI",
      "lastModifiedById": "0055i000004FDQ6AAO",
      "lastModifiedByName": "Edsel Lita",
      "lastModifiedDate": "2022-07-13T08:12:51.000Z",
      "manageableState": "unmanaged",
      "type": "Flow"
    }
  ]
}