{
  "status": 0,
  "result": [
    {
      "createdById": "0055i000004FDQ6AAO",
      "createdByName": "Edsel Lita",
      "createdDate": "2022-07-13T03:13:47.000Z",
      "fileName": "groups/Coordinator_only.group",
      "fullName": "Coordinator_only",
      "id": "00G5i000000FccBEAS",
      "lastModifiedById": "0055i000004FDQ6AAO",
      "lastModifiedByName": "Edsel Lita",
      "lastModifiedDate": "2022-07-13T03:13:47.000Z",
      "type": "Group"
    },
    {
      "createdById": "0055i000004FDQ6AAO",
      "createdByName": "Edsel Lita",
      "createdDate": "2022-07-13T03:11:55.000Z",
      "fileName": "groups/Director_and_Coordinator_Group.group",
      "fullName": "Director_and_Coordinator_Group",
      "id": "00G5i000000FcbhEAC",
      "lastModifiedById": "0055i000004FDQ6AAO",
      "lastModifiedByName": "Edsel Lita",
      "lastModifiedDate": "2022-07-13T03:14:17.000Z",
      "type": "Group"
    }
  ]
}