{
  "status": 0,
  "result": [
    {
      "createdById": "0055i000004stiVAAQ",
      "createdByName": "salesforce.com, inc.",
      "createdDate": "2022-07-12T01:14:56.000Z",
      "fileName": "layouts/AuthorizationFormText-Authorization Form Text Layout.layout",
      "fullName": "AuthorizationFormText-Authorization Form Text Layout",
      "id": "00h5i0000044sCAAAY",
      "lastModifiedById": "0055i000004FDQ6AAO",
      "lastModifiedByName": "Edsel Lita",
      "lastModifiedDate": "2022-07-12T01:14:56.000Z",
      "manageableState": "unmanaged",
      "type": "Layout"
    },
    {
      "createdById": "0055i000004stiVAAQ",
      "createdByName": "salesforce.com, inc.",
      "createdDate": "2022-07-12T01:12:26.000Z",
      "fileName": "layouts/Invoice-Invoice Layout.layout",
      "fullName": "Invoice-Invoice Layout",
      "id": "00h5i000007YHYaAAO",
      "lastModifiedById": "0055i000004stiVAAQ",
      "lastModifiedByName": "salesforce.com, inc.",
      "lastModifiedDate": "2022-07-12T01:12:26.000Z",
      "manageableState": "unmanaged",
      "type": "Layout"
    },
    {
      "createdById": "0055i000004FDQ6AAO",
      "createdByName": "Edsel Lita",
      "createdDate": "2022-07-12T01:12:26.000Z",
      "fileName": "layouts/Order-Order Layout.layout",
      "fullName": "Order-Order Layout",
      "id": "00h5i000007YHa6AAG",
      "lastModifiedById": "0055i000004FDQ6AAO",
      "lastModifiedByName": "Edsel Lita",
      "lastModifiedDate": "2022-07-12T01:12:26.000Z",
      "manageableState": "unmanaged",
      "type": "Layout"
    },
    {
      "createdById": "0055i000004FDQ6AAO",
      "createdByName": "Edsel Lita",
      "createdDate": "2022-07-12T01:12:26.000Z",
      "fileName": "layouts/Lead-Lead %28Support%29 Layout.layout",
      "fullName": "Lead-Lead %28Support%29 Layout",
      "id": "00h5i000007YHY2AAO",
      "lastModifiedById": "0055i000004FDQ6AAO",
      "lastModifiedByName": "Edsel Lita",
      "lastModifiedDate": "2022-07-12T01:12:26.000Z",
      "manageableState": "unmanaged",
      "type": "Layout"
    },
    {
      "createdById": "0055i000004stiVAAQ",
      "createdByName": "salesforce.com, inc.",
      "createdDate": "2022-07-12T01:15:07.000Z",
      "fileName": "layouts/CredentialStuffingEventStore-Credential Stuffing Event Store Layout.layout",
      "fullName": "CredentialStuffingEventStore-Credential Stuffing Event Store Layout",
      "id": "00h5i0000044sCRAAY",
      "lastModifiedById": "0055i000004stiVAAQ",
      "lastModifiedByName": "salesforce.com, inc.",
      "lastModifiedDate": "2022-07-12T01:15:07.000Z",
      "manageableState": "unmanaged",
      "type": "Layout"
    },
    {
      "createdById": "0055i000004FDQ6AAO",
      "createdByName": "Edsel Lita",
      "createdDate": "2022-07-12T01:12:26.000Z",
      "fileName": "layouts/Campaign-Campaign Layout.layout",
      "fullName": "Campaign-Campaign Layout",
      "id": "00h5i000007YHY6AAO",
      "lastModifiedById": "0055i000004FDQ6AAO",
      "lastModifiedByName": "Edsel Lita",
      "lastModifiedDate": "2022-07-12T01:15:25.000Z",
      "manageableState": "unmanaged",
      "type": "Layout"
    },
    {
      "createdById": "0055i000004stiUAAQ",
      "createdByName": "Automated Process",
      "createdDate": "2022-07-12T01:12:26.000Z",
      "fileName": "layouts/Shift-Shift Layout.layout",
      "fullName": "Shift-Shift Layout",
      "id": "00h5i000007YHZ9AAO",
      "lastModifiedById": "0055i000004stiUAAQ",
      "lastModifiedByName": "Automated Process",
      "lastModifiedDate": "2022-07-12T01:12:26.000Z",
      "manageableState": "unmanaged",
      "type": "Layout"
    },
    {
      "createdById": "0055i000004stiVAAQ",
      "createdByName": "salesforce.com, inc.",
      "createdDate": "2022-07-12T01:12:26.000Z",
      "fileName": "layouts/CardPaymentMethod-Card Payment Method Layout.layout",
      "fullName": "CardPaymentMethod-Card Payment Method Layout",
      "id": "00h5i000007YHYPAA4",
      "lastModifiedById": "0055i000004stiVAAQ",
      "lastModifiedByName": "salesforce.com, inc.",
      "lastModifiedDate": "2022-07-12T01:12:26.000Z",
      "manageableState": "unmanaged",
      "type": "Layout"
    },
    {
      "createdById": "0055i000004stiUAAQ",
      "createdByName": "Automated Process",
      "createdDate": "2022-07-12T01:12:26.000Z",
      "fileName": "layouts/QuickText-Quick Text Layout.layout",
      "fullName": "QuickText-Quick Text Layout",
      "id": "00h5i000007YHaRAAW",
      "lastModifiedById": "0055i000004stiUAAQ",
      "lastModifiedByName": "Automated Process",
      "lastModifiedDate": "2022-07-12T01:12:26.000Z",
      "manageableState": "unmanaged",
      "type": "Layout"
    },
    {
      "createdById": "0055i000004FDQ6AAO",
      "createdByName": "Edsel Lita",
      "createdDate": "2022-07-12T01:15:39.000Z",
      "fileName": "layouts/WorkOrder-Work Order Layout.layout",
      "fullName": "WorkOrder-Work Order Layout",
      "id": "00h5i0000044sDaAAI",
      "lastModifiedById": "0055i000004FDQ6AAO",
      "lastModifiedByName": "Edsel Lita",
      "lastModifiedDate": "2022-07-12T01:15:39.000Z",
      "manageableState": "unmanaged",
      "type": "Layout"
    },
    {
      "createdById": "0055i000004stiUAAQ",
      "createdByName": "Automated Process",
      "createdDate": "2022-07-12T01:12:26.000Z",
      "fileName": "layouts/OperatingHours-Operating Hours Layout.layout",
      "fullName": "OperatingHours-Operating Hours Layout",
      "id": "00h5i000007YHYkAAO",
      "lastModifiedById": "0055i000004stiUAAQ",
      "lastModifiedByName": "Automated Process",
      "lastModifiedDate": "2022-07-12T01:12:26.000Z",
      "manageableState": "unmanaged",
      "type": "Layout"
    },
    {
      "createdById": "0055i000004FDQ6AAO",
      "createdByName": "Edsel Lita",
      "createdDate": "2022-07-12T01:12:26.000Z",
      "fileName": "layouts/Account-Account %28Support%29 Layout.layout",
      "fullName": "Account-Account %28Support%29 Layout",
      "id": "00h5i000007YHXyAAO",
      "lastModifiedById": "0055i000004FDQ6AAO",
      "lastModifiedByName": "Edsel Lita",
      "lastModifiedDate": "2022-07-12T01:12:26.000Z",
      "manageableState": "unmanaged",
      "type": "Layout"
    },
    {
      "createdById": "0055i000004stiVAAQ",
      "createdByName": "salesforce.com, inc.",
      "createdDate": "2022-07-12T01:15:08.000Z",
      "fileName": "layouts/ThreatDetectionFeedback-Threat Detection Feedback Layout.layout",
      "fullName": "ThreatDetectionFeedback-Threat Detection Feedback Layout",
      "id": "00h5i0000044sCjAAI",
      "lastModifiedById": "0055i000004stiVAAQ",
      "lastModifiedByName": "salesforce.com, inc.",
      "lastModifiedDate": "2022-07-12T01:15:08.000Z",
      "manageableState": "unmanaged",
      "type": "Layout"
    },
    {
      "createdById": "0055i000004FDQ6AAO",
      "createdByName": "Edsel Lita",
      "createdDate": "2022-07-12T01:12:26.000Z",
      "fileName": "layouts/Global-Global Layout.layout",
      "fullName": "Global-Global Layout",
      "id": "00h5i000007YHY4AAO",
      "lastModifiedById": "0055i000004FDQ6AAO",
      "lastModifiedByName": "Edsel Lita",
      "lastModifiedDate": "2022-07-12T01:12:26.000Z",
      "manageableState": "unmanaged",
      "type": "Layout"
    },
    {
      "createdById": "0055i000004FDQ6AAO",
      "createdByName": "Edsel Lita",
      "createdDate": "2022-07-13T03:46:55.000Z",
      "fileName": "layouts/Contract__c-Short Term Layout.layout",
      "fullName": "Contract__c-Short Term Layout",
      "id": "00h5i0000044zntAAA",
      "lastModifiedById": "0055i000004FDQ6AAO",
      "lastModifiedByName": "Edsel Lita",
      "lastModifiedDate": "2022-07-19T01:26:15.000Z",
      "manageableState": "unmanaged",
      "type": "Layout"
    },
    {
      "createdById": "0055i000004stiVAAQ",
      "createdByName": "salesforce.com, inc.",
      "createdDate": "2022-07-12T01:14:56.000Z",
      "fileName": "layouts/AuthorizationForm-Authorization Form Layout.layout",
      "fullName": "AuthorizationForm-Authorization Form Layout",
      "id": "00h5i0000044sC9AAI",
      "lastModifiedById": "0055i000004FDQ6AAO",
      "lastModifiedByName": "Edsel Lita",
      "lastModifiedDate": "2022-07-12T01:14:56.000Z",
      "manageableState": "unmanaged",
      "type": "Layout"
    },
    {
      "createdById": "0055i000004FDQ6AAO",
      "createdByName": "Edsel Lita",
      "createdDate": "2022-07-12T01:12:26.000Z",
      "fileName": "layouts/PricebookEntry-Price Book Entry Layout.layout",
      "fullName": "PricebookEntry-Price Book Entry Layout",
      "id": "00h5i000007YHZTAA4",
      "lastModifiedById": "0055i000004FDQ6AAO",
      "lastModifiedByName": "Edsel Lita",
      "lastModifiedDate": "2022-07-12T01:12:26.000Z",
      "manageableState": "unmanaged",
      "type": "Layout"
    },
    {
      "createdById": "0055i000004FDQ6AAO",
      "createdByName": "Edsel Lita",
      "createdDate": "2022-07-12T01:16:28.000Z",
      "fileName": "layouts/EntityMilestone-Object Milestone Layout.layout",
      "fullName": "EntityMilestone-Object Milestone Layout",
      "id": "00h5i0000044sEmAAI",
      "lastModifiedById": "0055i000004FDQ6AAO",
      "lastModifiedByName": "Edsel Lita",
      "lastModifiedDate": "2022-07-12T01:16:28.000Z",
      "manageableState": "unmanaged",
      "type": "Layout"
    },
    {
      "createdById": "0055i000004FDQ6AAO",
      "createdByName": "Edsel Lita",
      "createdDate": "2022-07-12T01:12:26.000Z",
      "fileName": "layouts/ScorecardMetric-Scorecard Metric Layout.layout",
      "fullName": "ScorecardMetric-Scorecard Metric Layout",
      "id": "00h5i000007YHaQAAW",
      "lastModifiedById": "0055i000004FDQ6AAO",
      "lastModifiedByName": "Edsel Lita",
      "lastModifiedDate": "2022-07-12T01:12:26.000Z",
      "manageableState": "unmanaged",
      "type": "Layout"
    },
    {
      "createdById": "0055i000004stiVAAQ",
      "createdByName": "salesforce.com, inc.",
      "createdDate": "2022-07-12T01:12:26.000Z",
      "fileName": "layouts/DuplicateRecordSet-Duplicate Record Set Layout.layout",
      "fullName": "DuplicateRecordSet-Duplicate Record Set Layout",
      "id": "00h5i000007YHZcAAO",
      "lastModifiedById": "0055i000004stiVAAQ",
      "lastModifiedByName": "salesforce.com, inc.",
      "lastModifiedDate": "2022-07-12T01:12:26.000Z",
      "manageableState": "unmanaged",
      "type": "Layout"
    },
    {
      "createdById": "0055i000004FDQ6AAO",
      "createdByName": "Edsel Lita",
      "createdDate": "2022-07-12T01:12:26.000Z",
      "fileName": "layouts/Case-Case %28Support%29 Layout.layout",
      "fullName": "Case-Case %28Support%29 Layout",
      "id": "00h5i000007YHXmAAO",
      "lastModifiedById": "0055i000004FDQ6AAO",
      "lastModifiedByName": "Edsel Lita",
      "lastModifiedDate": "2022-07-12T01:12:26.000Z",
      "manageableState": "unmanaged",
      "type": "Layout"
    },
    {
      "createdById": "0055i000004stiUAAQ",
      "createdByName": "Automated Process",
      "createdDate": "2022-07-12T01:12:26.000Z",
      "fileName": "layouts/ServiceTerritoryMember-Service Territory Member Layout.layout",
      "fullName": "ServiceTerritoryMember-Service Territory Member Layout",
      "id": "00h5i000007YHYhAAO",
      "lastModifiedById": "0055i000004stiUAAQ",
      "lastModifiedByName": "Automated Process",
      "lastModifiedDate": "2022-07-12T01:12:26.000Z",
      "manageableState": "unmanaged",
      "type": "Layout"
    },
    {
      "createdById": "0055i000004stiVAAQ",
      "createdByName": "salesforce.com, inc.",
      "createdDate": "2022-07-12T01:15:45.000Z",
      "fileName": "layouts/WorkStepTemplate-Work Step Template Layout.layout",
      "fullName": "WorkStepTemplate-Work Step Template Layout",
      "id": "00h5i0000044sDvAAI",
      "lastModifiedById": "0055i000004stiVAAQ",
      "lastModifiedByName": "salesforce.com, inc.",
      "lastModifiedDate": "2022-07-12T01:15:45.000Z",
      "manageableState": "unmanaged",
      "type": "Layout"
    },
    {
      "createdById": "0055i000004FDQ6AAO",
      "createdByName": "Edsel Lita",
      "createdDate": "2022-07-12T01:12:26.000Z",
      "fileName": "layouts/Opportunity-Opportunity Layout.layout",
      "fullName": "Opportunity-Opportunity Layout",
      "id": "00h5i000007YHXrAAO",
      "lastModifiedById": "0055i000004FDQ6AAO",
      "lastModifiedByName": "Edsel Lita",
      "lastModifiedDate": "2022-07-12T01:12:26.000Z",
      "manageableState": "unmanaged",
      "type": "Layout"
    },
    {
      "createdById": "0055i000004FDQ6AAO",
      "createdByName": "Edsel Lita",
      "createdDate": "2022-07-12T01:12:26.000Z",
      "fileName": "layouts/Lead-Lead %28Marketing%29 Layout.layout",
      "fullName": "Lead-Lead %28Marketing%29 Layout",
      "id": "00h5i000007YHY0AAO",
      "lastModifiedById": "0055i000004FDQ6AAO",
      "lastModifiedByName": "Edsel Lita",
      "lastModifiedDate": "2022-07-12T01:12:26.000Z",
      "manageableState": "unmanaged",
      "type": "Layout"
    },
    {
      "createdById": "0055i000004FDQ6AAO",
      "createdByName": "Edsel Lita",
      "createdDate": "2022-07-12T01:12:26.000Z",
      "fileName": "layouts/Task-Task Layout.layout",
      "fullName": "Task-Task Layout",
      "id": "00h5i000007YHY5AAO",
      "lastModifiedById": "0055i000004FDQ6AAO",
      "lastModifiedByName": "Edsel Lita",
      "lastModifiedDate": "2022-07-12T01:15:25.000Z",
      "manageableState": "unmanaged",
      "type": "Layout"
    },
    {
      "createdById": "0055i000004FDQ6AAO",
      "createdByName": "Edsel Lita",
      "createdDate": "2022-07-12T01:12:26.000Z",
      "fileName": "layouts/Opportunity-Opportunity %28Marketing%29 Layout.layout",
      "fullName": "Opportunity-Opportunity %28Marketing%29 Layout",
      "id": "00h5i000007YHXoAAO",
      "lastModifiedById": "0055i000004FDQ6AAO",
      "lastModifiedByName": "Edsel Lita",
      "lastModifiedDate": "2022-07-12T01:12:26.000Z",
      "manageableState": "unmanaged",
      "type": "Layout"
    },
    {
      "createdById": "0055i000004stiVAAQ",
      "createdByName": "salesforce.com, inc.",
      "createdDate": "2022-07-12T01:15:08.000Z",
      "fileName": "layouts/SessionHijackingEventStore-Session Hijacking Event Store Layout.layout",
      "fullName": "SessionHijackingEventStore-Session Hijacking Event Store Layout",
      "id": "00h5i0000044sCiAAI",
      "lastModifiedById": "0055i000004stiVAAQ",
      "lastModifiedByName": "salesforce.com, inc.",
      "lastModifiedDate": "2022-07-12T01:15:08.000Z",
      "manageableState": "unmanaged",
      "type": "Layout"
    },
    {
      "createdById": "0055i000004FDQ6AAO",
      "createdByName": "Edsel Lita",
      "createdDate": "2022-07-12T01:12:26.000Z",
      "fileName": "layouts/Lead-Lead %28Sales%29 Layout.layout",
      "fullName": "Lead-Lead %28Sales%29 Layout",
      "id": "00h5i000007YHY1AAO",
      "lastModifiedById": "0055i000004FDQ6AAO",
      "lastModifiedByName": "Edsel Lita",
      "lastModifiedDate": "2022-07-12T01:12:26.000Z",
      "manageableState": "unmanaged",
      "type": "Layout"
    },
    {
      "createdById": "0055i000004stiUAAQ",
      "createdByName": "Automated Process",
      "createdDate": "2022-07-12T01:12:26.000Z",
      "fileName": "layouts/TimeSlot-Time Slot Layout.layout",
      "fullName": "TimeSlot-Time Slot Layout",
      "id": "00h5i000007YHYnAAO",
      "lastModifiedById": "0055i000004stiUAAQ",
      "lastModifiedByName": "Automated Process",
      "lastModifiedDate": "2022-07-12T01:12:26.000Z",
      "manageableState": "unmanaged",
      "type": "Layout"
    },
    {
      "createdById": "0055i000004stiVAAQ",
      "createdByName": "salesforce.com, inc.",
      "createdDate": "2022-07-12T01:12:26.000Z",
      "fileName": "layouts/DandBCompany-D%26B Company Layout.layout",
      "fullName": "DandBCompany-D%26B Company Layout",
      "id": "00h5i000007YHZdAAO",
      "lastModifiedById": "0055i000004stiVAAQ",
      "lastModifiedByName": "salesforce.com, inc.",
      "lastModifiedDate": "2022-07-12T01:12:26.000Z",
      "manageableState": "unmanaged",
      "type": "Layout"
    },
    {
      "createdById": "0055i000004FDQ6AAO",
      "createdByName": "Edsel Lita",
      "createdDate": "2022-07-12T01:12:26.000Z",
      "fileName": "layouts/Event-Event Layout.layout",
      "fullName": "Event-Event Layout",
      "id": "00h5i000007YHa3AAG",
      "lastModifiedById": "0055i000004FDQ6AAO",
      "lastModifiedByName": "Edsel Lita",
      "lastModifiedDate": "2022-07-12T01:15:48.000Z",
      "manageableState": "unmanaged",
      "type": "Layout"
    },
    {
      "createdById": "0055i000004FDQ6AAO",
      "createdByName": "Edsel Lita",
      "createdDate": "2022-07-12T01:12:26.000Z",
      "fileName": "layouts/Account-Account %28Sales%29 Layout.layout",
      "fullName": "Account-Account %28Sales%29 Layout",
      "id": "00h5i000007YHXxAAO",
      "lastModifiedById": "0055i000004FDQ6AAO",
      "lastModifiedByName": "Edsel Lita",
      "lastModifiedDate": "2022-07-12T01:12:26.000Z",
      "manageableState": "unmanaged",
      "type": "Layout"
    },
    {
      "createdById": "0055i000004FDQ6AAO",
      "createdByName": "Edsel Lita",
      "createdDate": "2022-07-12T01:12:26.000Z",
      "fileName": "layouts/OrderItem-Order Product Layout.layout",
      "fullName": "OrderItem-Order Product Layout",
      "id": "00h5i000007YHa7AAG",
      "lastModifiedById": "0055i000004FDQ6AAO",
      "lastModifiedByName": "Edsel Lita",
      "lastModifiedDate": "2022-07-12T01:12:26.000Z",
      "manageableState": "unmanaged",
      "type": "Layout"
    },
    {
      "createdById": "0055i000004FDQ6AAO",
      "createdByName": "Edsel Lita",
      "createdDate": "2022-07-12T01:12:26.000Z",
      "fileName": "layouts/Lead-Lead Layout.layout",
      "fullName": "Lead-Lead Layout",
      "id": "00h5i000007YHY3AAO",
      "lastModifiedById": "0055i000004FDQ6AAO",
      "lastModifiedByName": "Edsel Lita",
      "lastModifiedDate": "2022-07-12T01:12:26.000Z",
      "manageableState": "unmanaged",
      "type": "Layout"
    },
    {
      "createdById": "0055i000004FDQ6AAO",
      "createdByName": "Edsel Lita",
      "createdDate": "2022-07-12T01:12:26.000Z",
      "fileName": "layouts/Contact-Contact %28Support%29 Layout.layout",
      "fullName": "Contact-Contact %28Support%29 Layout",
      "id": "00h5i000007YHXuAAO",
      "lastModifiedById": "0055i000004FDQ6AAO",
      "lastModifiedByName": "Edsel Lita",
      "lastModifiedDate": "2022-07-13T02:38:04.000Z",
      "manageableState": "unmanaged",
      "type": "Layout"
    },
    {
      "createdById": "0055i000004FDQ6AAO",
      "createdByName": "Edsel Lita",
      "createdDate": "2022-07-13T03:47:42.000Z",
      "fileName": "layouts/Contract__c-Long Term Layout.layout",
      "fullName": "Contract__c-Long Term Layout",
      "id": "00h5i0000044zorAAA",
      "lastModifiedById": "0055i000004FDQ6AAO",
      "lastModifiedByName": "Edsel Lita",
      "lastModifiedDate": "2022-07-19T01:26:07.000Z",
      "manageableState": "unmanaged",
      "type": "Layout"
    },
    {
      "createdById": "0055i000004stiVAAQ",
      "createdByName": "salesforce.com, inc.",
      "createdDate": "2022-07-12T01:14:52.000Z",
      "fileName": "layouts/PaymentAuthAdjustment-Payment Authorization Adjustment Layout.layout",
      "fullName": "PaymentAuthAdjustment-Payment Authorization Adjustment Layout",
      "id": "00h5i0000044sBnAAI",
      "lastModifiedById": "0055i000004stiVAAQ",
      "lastModifiedByName": "salesforce.com, inc.",
      "lastModifiedDate": "2022-07-12T01:14:52.000Z",
      "manageableState": "unmanaged",
      "type": "Layout"
    },
    {
      "createdById": "0055i000004stiVAAQ",
      "createdByName": "salesforce.com, inc.",
      "createdDate": "2022-07-12T01:12:26.000Z",
      "fileName": "layouts/ConsumptionSchedule-Consumption Schedule Layout.layout",
      "fullName": "ConsumptionSchedule-Consumption Schedule Layout",
      "id": "00h5i000007YHZPAA4",
      "lastModifiedById": "0055i000004stiVAAQ",
      "lastModifiedByName": "salesforce.com, inc.",
      "lastModifiedDate": "2022-07-12T01:12:26.000Z",
      "manageableState": "unmanaged",
      "type": "Layout"
    },
    {
      "createdById": "0055i000004stiVAAQ",
      "createdByName": "salesforce.com, inc.",
      "createdDate": "2022-07-12T01:12:26.000Z",
      "fileName": "layouts/PaymentGroup-Payment Group Layout.layout",
      "fullName": "PaymentGroup-Payment Group Layout",
      "id": "00h5i000007YHYMAA4",
      "lastModifiedById": "0055i000004stiVAAQ",
      "lastModifiedByName": "salesforce.com, inc.",
      "lastModifiedDate": "2022-07-12T01:12:26.000Z",
      "manageableState": "unmanaged",
      "type": "Layout"
    },
    {
      "createdById": "0055i000004FDQ6AAO",
      "createdByName": "Edsel Lita",
      "createdDate": "2022-07-12T01:12:26.000Z",
      "fileName": "layouts/Contact-Contact %28Sales%29 Layout.layout",
      "fullName": "Contact-Contact %28Sales%29 Layout",
      "id": "00h5i000007YHXtAAO",
      "lastModifiedById": "0055i000004FDQ6AAO",
      "lastModifiedByName": "Edsel Lita",
      "lastModifiedDate": "2022-07-13T02:38:04.000Z",
      "manageableState": "unmanaged",
      "type": "Layout"
    },
    {
      "createdById": "0055i000004FDQ6AAO",
      "createdByName": "Edsel Lita",
      "createdDate": "2022-07-12T01:12:26.000Z",
      "fileName": "layouts/Case-Case %28Sales%29 Layout.layout",
      "fullName": "Case-Case %28Sales%29 Layout",
      "id": "00h5i000007YHXlAAO",
      "lastModifiedById": "0055i000004FDQ6AAO",
      "lastModifiedByName": "Edsel Lita",
      "lastModifiedDate": "2022-07-12T01:12:26.000Z",
      "manageableState": "unmanaged",
      "type": "Layout"
    },
    {
      "createdById": "0055i000004stiVAAQ",
      "createdByName": "salesforce.com, inc.",
      "createdDate": "2022-07-12T01:14:56.000Z",
      "fileName": "layouts/AuthorizationFormConsent-Authorization Form Consent Layout.layout",
      "fullName": "AuthorizationFormConsent-Authorization Form Consent Layout",
      "id": "00h5i0000044sCBAAY",
      "lastModifiedById": "0055i000004FDQ6AAO",
      "lastModifiedByName": "Edsel Lita",
      "lastModifiedDate": "2022-07-12T01:14:56.000Z",
      "manageableState": "unmanaged",
      "type": "Layout"
    },
    {
      "createdById": "0055i000004FDQ6AAO",
      "createdByName": "Edsel Lita",
      "createdDate": "2022-07-12T01:12:26.000Z",
      "fileName": "layouts/Contact-Contact %28Marketing%29 Layout.layout",
      "fullName": "Contact-Contact %28Marketing%29 Layout",
      "id": "00h5i000007YHXsAAO",
      "lastModifiedById": "0055i000004FDQ6AAO",
      "lastModifiedByName": "Edsel Lita",
      "lastModifiedDate": "2022-07-13T02:38:04.000Z",
      "manageableState": "unmanaged",
      "type": "Layout"
    },
    {
      "createdById": "0055i000004FDQ6AAO",
      "createdByName": "Edsel Lita",
      "createdDate": "2022-07-12T01:12:26.000Z",
      "fileName": "layouts/User-User Layout.layout",
      "fullName": "User-User Layout",
      "id": "00h5i000007YHaAAAW",
      "lastModifiedById": "0055i000004FDQ6AAO",
      "lastModifiedByName": "Edsel Lita",
      "lastModifiedDate": "2022-07-12T01:12:26.000Z",
      "manageableState": "unmanaged",
      "type": "Layout"
    },
    {
      "createdById": "0055i000004FDQ6AAO",
      "createdByName": "Edsel Lita",
      "createdDate": "2022-07-12T01:16:28.000Z",
      "fileName": "layouts/CaseMilestone-Case Milestone Layout.layout",
      "fullName": "CaseMilestone-Case Milestone Layout",
      "id": "00h5i0000044sElAAI",
      "lastModifiedById": "0055i000004FDQ6AAO",
      "lastModifiedByName": "Edsel Lita",
      "lastModifiedDate": "2022-07-12T01:16:28.000Z",
      "manageableState": "unmanaged",
      "type": "Layout"
    },
    {
      "createdById": "0055i000004FDQ6AAO",
      "createdByName": "Edsel Lita",
      "createdDate": "2022-07-12T01:12:26.000Z",
      "fileName": "layouts/ContactPointEmail-Contact Point Email Layout.layout",
      "fullName": "ContactPointEmail-Contact Point Email Layout",
      "id": "00h5i000007YHYWAA4",
      "lastModifiedById": "0055i000004FDQ6AAO",
      "lastModifiedByName": "Edsel Lita",
      "lastModifiedDate": "2022-07-12T01:12:26.000Z",
      "manageableState": "unmanaged",
      "type": "Layout"
    },
    {
      "createdById": "0055i000004FDQ6AAO",
      "createdByName": "Edsel Lita",
      "createdDate": "2022-07-12T01:12:26.000Z",
      "fileName": "layouts/Contract-Contract Layout.layout",
      "fullName": "Contract-Contract Layout",
      "id": "00h5i000007YHa2AAG",
      "lastModifiedById": "0055i000004FDQ6AAO",
      "lastModifiedByName": "Edsel Lita",
      "lastModifiedDate": "2022-07-12T01:12:26.000Z",
      "manageableState": "unmanaged",
      "type": "Layout"
    },
    {
      "createdById": "0055i000004FDQ6AAO",
      "createdByName": "Edsel Lita",
      "createdDate": "2022-07-12T01:12:26.000Z",
      "fileName": "layouts/Contact-Contact Layout.layout",
      "fullName": "Contact-Contact Layout",
      "id": "00h5i000007YHXvAAO",
      "lastModifiedById": "0055i000004FDQ6AAO",
      "lastModifiedByName": "Edsel Lita",
      "lastModifiedDate": "2022-07-13T02:38:04.000Z",
      "manageableState": "unmanaged",
      "type": "Layout"
    },
    {
      "createdById": "0055i000004stiVAAQ",
      "createdByName": "salesforce.com, inc.",
      "createdDate": "2022-07-12T01:12:26.000Z",
      "fileName": "layouts/SocialPersona-Social Persona Layout.layout",
      "fullName": "SocialPersona-Social Persona Layout",
      "id": "00h5i000007YHZsAAO",
      "lastModifiedById": "0055i000004stiVAAQ",
      "lastModifiedByName": "salesforce.com, inc.",
      "lastModifiedDate": "2022-07-12T01:12:26.000Z",
      "manageableState": "unmanaged",
      "type": "Layout"
    },
    {
      "createdById": "0055i000004stiVAAQ",
      "createdByName": "salesforce.com, inc.",
      "createdDate": "2022-07-12T01:12:26.000Z",
      "fileName": "layouts/RefundLinePayment-Refund Line Payment Layout.layout",
      "fullName": "RefundLinePayment-Refund Line Payment Layout",
      "id": "00h5i000007YHYKAA4",
      "lastModifiedById": "0055i000004stiVAAQ",
      "lastModifiedByName": "salesforce.com, inc.",
      "lastModifiedDate": "2022-07-12T01:12:26.000Z",
      "manageableState": "unmanaged",
      "type": "Layout"
    },
    {
      "createdById": "0055i000004FDQ6AAO",
      "createdByName": "Edsel Lita",
      "createdDate": "2022-07-13T01:55:54.000Z",
      "fileName": "layouts/Units__c-Units Layout.layout",
      "fullName": "Units__c-Units Layout",
      "id": "00h5i0000044zEKAAY",
      "lastModifiedById": "0055i000004FDQ6AAO",
      "lastModifiedByName": "Edsel Lita",
      "lastModifiedDate": "2022-07-19T01:33:43.000Z",
      "manageableState": "unmanaged",
      "type": "Layout"
    },
    {
      "createdById": "0055i000004FDQ6AAO",
      "createdByName": "Edsel Lita",
      "createdDate": "2022-07-12T01:12:26.000Z",
      "fileName": "layouts/Case-Case %28Marketing%29 Layout.layout",
      "fullName": "Case-Case %28Marketing%29 Layout",
      "id": "00h5i000007YHXkAAO",
      "lastModifiedById": "0055i000004FDQ6AAO",
      "lastModifiedByName": "Edsel Lita",
      "lastModifiedDate": "2022-07-12T01:12:26.000Z",
      "manageableState": "unmanaged",
      "type": "Layout"
    },
    {
      "createdById": "0055i000004stiVAAQ",
      "createdByName": "salesforce.com, inc.",
      "createdDate": "2022-07-12T01:12:26.000Z",
      "fileName": "layouts/CreditMemoLine-Credit Memo Line Layout.layout",
      "fullName": "CreditMemoLine-Credit Memo Line Layout",
      "id": "00h5i000007YHYdAAO",
      "lastModifiedById": "0055i000004stiVAAQ",
      "lastModifiedByName": "salesforce.com, inc.",
      "lastModifiedDate": "2022-07-12T01:12:26.000Z",
      "manageableState": "unmanaged",
      "type": "Layout"
    },
    {
      "createdById": "0055i000004FDQ6AAO",
      "createdByName": "Edsel Lita",
      "createdDate": "2022-07-12T01:12:26.000Z",
      "fileName": "layouts/Scorecard-Scorecard Layout.layout",
      "fullName": "Scorecard-Scorecard Layout",
      "id": "00h5i000007YHaPAAW",
      "lastModifiedById": "0055i000004FDQ6AAO",
      "lastModifiedByName": "Edsel Lita",
      "lastModifiedDate": "2022-07-12T01:12:26.000Z",
      "manageableState": "unmanaged",
      "type": "Layout"
    },
    {
      "createdById": "0055i000004stiVAAQ",
      "createdByName": "salesforce.com, inc.",
      "createdDate": "2022-07-12T01:12:26.000Z",
      "fileName": "layouts/FeedItem-Feed Item Layout.layout",
      "fullName": "FeedItem-Feed Item Layout",
      "id": "00h5i000007YHZIAA4",
      "lastModifiedById": "0055i000004stiVAAQ",
      "lastModifiedByName": "salesforce.com, inc.",
      "lastModifiedDate": "2022-07-12T01:12:26.000Z",
      "manageableState": "unmanaged",
      "type": "Layout"
    },
    {
      "createdById": "0055i000004FDQ6AAO",
      "createdByName": "Edsel Lita",
      "createdDate": "2022-07-12T01:12:26.000Z",
      "fileName": "layouts/Account-Account %28Marketing%29 Layout.layout",
      "fullName": "Account-Account %28Marketing%29 Layout",
      "id": "00h5i000007YHXwAAO",
      "lastModifiedById": "0055i000004FDQ6AAO",
      "lastModifiedByName": "Edsel Lita",
      "lastModifiedDate": "2022-07-12T01:12:26.000Z",
      "manageableState": "unmanaged",
      "type": "Layout"
    },
    {
      "createdById": "0055i000004FDQ6AAO",
      "createdByName": "Edsel Lita",
      "createdDate": "2022-07-12T01:12:26.000Z",
      "fileName": "layouts/ContentVersion-Content Version Layout.layout",
      "fullName": "ContentVersion-Content Version Layout",
      "id": "00h5i000007YHaBAAW",
      "lastModifiedById": "0055i000004FDQ6AAO",
      "lastModifiedByName": "Edsel Lita",
      "lastModifiedDate": "2022-07-12T01:12:26.000Z",
      "manageableState": "unmanaged",
      "type": "Layout"
    },
    {
      "createdById": "0055i000004FDQ6AAO",
      "createdByName": "Edsel Lita",
      "createdDate": "2022-07-13T01:57:09.000Z",
      "fileName": "layouts/Contract__c-Contract Layout.layout",
      "fullName": "Contract__c-Contract Layout",
      "id": "00h5i0000044zEPAAY",
      "lastModifiedById": "0055i000004FDQ6AAO",
      "lastModifiedByName": "Edsel Lita",
      "lastModifiedDate": "2022-07-19T01:25:58.000Z",
      "manageableState": "unmanaged",
      "type": "Layout"
    },
    {
      "createdById": "0055i000004FDQ6AAO",
      "createdByName": "Edsel Lita",
      "createdDate": "2022-07-12T01:12:26.000Z",
      "fileName": "layouts/OpportunityLineItem-Opportunity Product Layout.layout",
      "fullName": "OpportunityLineItem-Opportunity Product Layout",
      "id": "00h5i000007YHa5AAG",
      "lastModifiedById": "0055i000004FDQ6AAO",
      "lastModifiedByName": "Edsel Lita",
      "lastModifiedDate": "2022-07-12T01:12:26.000Z",
      "manageableState": "unmanaged",
      "type": "Layout"
    },
    {
      "createdById": "0055i000004FDQ6AAO",
      "createdByName": "Edsel Lita",
      "createdDate": "2022-07-12T01:12:26.000Z",
      "fileName": "layouts/Product2-Product Layout.layout",
      "fullName": "Product2-Product Layout",
      "id": "00h5i000007YHa8AAG",
      "lastModifiedById": "0055i000004FDQ6AAO",
      "lastModifiedByName": "Edsel Lita",
      "lastModifiedDate": "2022-07-12T01:12:26.000Z",
      "manageableState": "unmanaged",
      "type": "Layout"
    },
    {
      "createdById": "0055i000004FDQ6AAO",
      "createdByName": "Edsel Lita",
      "createdDate": "2022-07-12T01:12:26.000Z",
      "fileName": "layouts/Case-Case Layout.layout",
      "fullName": "Case-Case Layout",
      "id": "00h5i000007YHXnAAO",
      "lastModifiedById": "0055i000004FDQ6AAO",
      "lastModifiedByName": "Edsel Lita",
      "lastModifiedDate": "2022-07-12T01:12:26.000Z",
      "manageableState": "unmanaged",
      "type": "Layout"
    },
    {
      "createdById": "0055i000004stiVAAQ",
      "createdByName": "salesforce.com, inc.",
      "createdDate": "2022-07-12T01:12:26.000Z",
      "fileName": "layouts/ProductConsumptionSchedule-Product Consumption Schedule Layout.layout",
      "fullName": "ProductConsumptionSchedule-Product Consumption Schedule Layout",
      "id": "00h5i000007YHZRAA4",
      "lastModifiedById": "0055i000004stiVAAQ",
      "lastModifiedByName": "salesforce.com, inc.",
      "lastModifiedDate": "2022-07-12T01:12:26.000Z",
      "manageableState": "unmanaged",
      "type": "Layout"
    },
    {
      "createdById": "0055i000004stiUAAQ",
      "createdByName": "Automated Process",
      "createdDate": "2022-07-12T01:12:26.000Z",
      "fileName": "layouts/ServiceResourceSkill-Service Resource Skill Layout.layout",
      "fullName": "ServiceResourceSkill-Service Resource Skill Layout",
      "id": "00h5i000007YHYiAAO",
      "lastModifiedById": "0055i000004stiUAAQ",
      "lastModifiedByName": "Automated Process",
      "lastModifiedDate": "2022-07-12T01:12:26.000Z",
      "manageableState": "unmanaged",
      "type": "Layout"
    },
    {
      "createdById": "0055i000004stiVAAQ",
      "createdByName": "salesforce.com, inc.",
      "createdDate": "2022-07-12T01:12:26.000Z",
      "fileName": "layouts/CreditMemo-Credit Memo Layout.layout",
      "fullName": "CreditMemo-Credit Memo Layout",
      "id": "00h5i000007YHYcAAO",
      "lastModifiedById": "0055i000004stiVAAQ",
      "lastModifiedByName": "salesforce.com, inc.",
      "lastModifiedDate": "2022-07-12T01:12:26.000Z",
      "manageableState": "unmanaged",
      "type": "Layout"
    },
    {
      "createdById": "0055i000004stiVAAQ",
      "createdByName": "salesforce.com, inc.",
      "createdDate": "2022-07-12T01:12:26.000Z",
      "fileName": "layouts/AssetAction-Asset Action Layout.layout",
      "fullName": "AssetAction-Asset Action Layout",
      "id": "00h5i000007YHZBAA4",
      "lastModifiedById": "0055i000004stiVAAQ",
      "lastModifiedByName": "salesforce.com, inc.",
      "lastModifiedDate": "2022-07-12T01:12:26.000Z",
      "manageableState": "unmanaged",
      "type": "Layout"
    },
    {
      "createdById": "0055i000004stiVAAQ",
      "createdByName": "salesforce.com, inc.",
      "createdDate": "2022-07-12T01:15:45.000Z",
      "fileName": "layouts/WorkStep-Work Step Layout.layout",
      "fullName": "WorkStep-Work Step Layout",
      "id": "00h5i0000044sDdAAI",
      "lastModifiedById": "0055i000004stiVAAQ",
      "lastModifiedByName": "salesforce.com, inc.",
      "lastModifiedDate": "2022-07-12T01:15:45.000Z",
      "manageableState": "unmanaged",
      "type": "Layout"
    },
    {
      "createdById": "0055i000004stiUAAQ",
      "createdByName": "Automated Process",
      "createdDate": "2022-07-12T01:12:26.000Z",
      "fileName": "layouts/ResourcePreference-Resource Preference Layout.layout",
      "fullName": "ResourcePreference-Resource Preference Layout",
      "id": "00h5i000007YHYmAAO",
      "lastModifiedById": "0055i000004stiUAAQ",
      "lastModifiedByName": "Automated Process",
      "lastModifiedDate": "2022-07-12T01:12:26.000Z",
      "manageableState": "unmanaged",
      "type": "Layout"
    },
    {
      "createdById": "0055i000004stiVAAQ",
      "createdByName": "salesforce.com, inc.",
      "createdDate": "2022-07-12T01:12:26.000Z",
      "fileName": "layouts/Payment-Payment Layout.layout",
      "fullName": "Payment-Payment Layout",
      "id": "00h5i000007YHYOAA4",
      "lastModifiedById": "0055i000004stiVAAQ",
      "lastModifiedByName": "salesforce.com, inc.",
      "lastModifiedDate": "2022-07-12T01:12:26.000Z",
      "manageableState": "unmanaged",
      "type": "Layout"
    },
    {
      "createdById": "0055i000004stiVAAQ",
      "createdByName": "salesforce.com, inc.",
      "createdDate": "2022-07-12T01:15:18.000Z",
      "fileName": "layouts/UserProvisioningLog-User Provisioning Log Layout.layout",
      "fullName": "UserProvisioningLog-User Provisioning Log Layout",
      "id": "00h5i0000044sD7AAI",
      "lastModifiedById": "0055i000004stiVAAQ",
      "lastModifiedByName": "salesforce.com, inc.",
      "lastModifiedDate": "2022-07-12T01:15:18.000Z",
      "manageableState": "unmanaged",
      "type": "Layout"
    },
    {
      "createdById": "0055i000004stiUAAQ",
      "createdByName": "Automated Process",
      "createdDate": "2022-07-12T01:16:46.000Z",
      "fileName": "layouts/AppointmentInvitation-Appointment Invitation Layout.layout",
      "fullName": "AppointmentInvitation-Appointment Invitation Layout",
      "id": "00h5i0000044sDwAAI",
      "lastModifiedById": "0055i000004stiUAAQ",
      "lastModifiedByName": "Automated Process",
      "lastModifiedDate": "2022-07-12T01:16:46.000Z",
      "manageableState": "unmanaged",
      "type": "Layout"
    },
    {
      "createdById": "0055i000004stiVAAQ",
      "createdByName": "salesforce.com, inc.",
      "createdDate": "2022-07-12T01:12:26.000Z",
      "fileName": "layouts/LegalEntity-Legal Entity Layout.layout",
      "fullName": "LegalEntity-Legal Entity Layout",
      "id": "00h5i000007YHZLAA4",
      "lastModifiedById": "0055i000004stiVAAQ",
      "lastModifiedByName": "salesforce.com, inc.",
      "lastModifiedDate": "2022-07-12T01:12:26.000Z",
      "manageableState": "unmanaged",
      "type": "Layout"
    },
    {
      "createdById": "0055i000004FDQ6AAO",
      "createdByName": "Edsel Lita",
      "createdDate": "2022-07-12T01:12:26.000Z",
      "fileName": "layouts/ContactPointPhone-Contact Point Phone Layout.layout",
      "fullName": "ContactPointPhone-Contact Point Phone Layout",
      "id": "00h5i000007YHYVAA4",
      "lastModifiedById": "0055i000004FDQ6AAO",
      "lastModifiedByName": "Edsel Lita",
      "lastModifiedDate": "2022-07-12T01:12:26.000Z",
      "manageableState": "unmanaged",
      "type": "Layout"
    },
    {
      "createdById": "0055i000004stiVAAQ",
      "createdByName": "salesforce.com, inc.",
      "createdDate": "2022-07-12T01:15:17.000Z",
      "fileName": "layouts/EmailMessage-Email Message Layout.layout",
      "fullName": "EmailMessage-Email Message Layout",
      "id": "00h5i0000044sClAAI",
      "lastModifiedById": "0055i000004stiVAAQ",
      "lastModifiedByName": "salesforce.com, inc.",
      "lastModifiedDate": "2022-07-12T01:15:17.000Z",
      "manageableState": "unmanaged",
      "type": "Layout"
    },
    {
      "createdById": "0055i000004stiVAAQ",
      "createdByName": "salesforce.com, inc.",
      "createdDate": "2022-07-12T01:12:26.000Z",
      "fileName": "layouts/BusinessBrand-Business Brand Layout.layout",
      "fullName": "BusinessBrand-Business Brand Layout",
      "id": "00h5i000007YHYxAAO",
      "lastModifiedById": "0055i000004stiVAAQ",
      "lastModifiedByName": "salesforce.com, inc.",
      "lastModifiedDate": "2022-07-12T01:12:26.000Z",
      "manageableState": "unmanaged",
      "type": "Layout"
    },
    {
      "createdById": "0055i000004stiUAAQ",
      "createdByName": "Automated Process",
      "createdDate": "2022-07-12T01:12:26.000Z",
      "fileName": "layouts/ScorecardAssociation-Scorecard Association Layout.layout",
      "fullName": "ScorecardAssociation-Scorecard Association Layout",
      "id": "00h5i000007YHaSAAW",
      "lastModifiedById": "0055i000004stiUAAQ",
      "lastModifiedByName": "Automated Process",
      "lastModifiedDate": "2022-07-12T01:12:26.000Z",
      "manageableState": "unmanaged",
      "type": "Layout"
    },
    {
      "createdById": "0055i000004stiUAAQ",
      "createdByName": "Automated Process",
      "createdDate": "2022-07-12T01:12:26.000Z",
      "fileName": "layouts/WorkType-Work Type Layout.layout",
      "fullName": "WorkType-Work Type Layout",
      "id": "00h5i000007YHYeAAO",
      "lastModifiedById": "0055i000004stiUAAQ",
      "lastModifiedByName": "Automated Process",
      "lastModifiedDate": "2022-07-12T01:12:26.000Z",
      "manageableState": "unmanaged",
      "type": "Layout"
    },
    {
      "createdById": "0055i000004stiVAAQ",
      "createdByName": "salesforce.com, inc.",
      "createdDate": "2022-07-12T01:15:45.000Z",
      "fileName": "layouts/WorkPlan-Work Plan Layout.layout",
      "fullName": "WorkPlan-Work Plan Layout",
      "id": "00h5i0000044sDcAAI",
      "lastModifiedById": "0055i000004stiVAAQ",
      "lastModifiedByName": "salesforce.com, inc.",
      "lastModifiedDate": "2022-07-12T01:15:45.000Z",
      "manageableState": "unmanaged",
      "type": "Layout"
    },
    {
      "createdById": "0055i000004FDQ6AAO",
      "createdByName": "Edsel Lita",
      "createdDate": "2022-07-12T01:12:26.000Z",
      "fileName": "layouts/Idea-Idea Layout.layout",
      "fullName": "Idea-Idea Layout",
      "id": "00h5i000007YHa4AAG",
      "lastModifiedById": "0055i000004FDQ6AAO",
      "lastModifiedByName": "Edsel Lita",
      "lastModifiedDate": "2022-07-12T01:12:26.000Z",
      "manageableState": "unmanaged",
      "type": "Layout"
    },
    {
      "createdById": "0055i000004stiVAAQ",
      "createdByName": "salesforce.com, inc.",
      "createdDate": "2022-07-12T01:15:07.000Z",
      "fileName": "layouts/ReportAnomalyEventStore-Report Anomaly Event Store Layout.layout",
      "fullName": "ReportAnomalyEventStore-Report Anomaly Event Store Layout",
      "id": "00h5i0000044sChAAI",
      "lastModifiedById": "0055i000004stiVAAQ",
      "lastModifiedByName": "salesforce.com, inc.",
      "lastModifiedDate": "2022-07-12T01:15:07.000Z",
      "manageableState": "unmanaged",
      "type": "Layout"
    },
    {
      "createdById": "0055i000004stiVAAQ",
      "createdByName": "salesforce.com, inc.",
      "createdDate": "2022-07-12T01:15:08.000Z",
      "fileName": "layouts/ApiAnomalyEventStore-API Anomaly Event Store Layout.layout",
      "fullName": "ApiAnomalyEventStore-API Anomaly Event Store Layout",
      "id": "00h5i0000044sCkAAI",
      "lastModifiedById": "0055i000004stiVAAQ",
      "lastModifiedByName": "salesforce.com, inc.",
      "lastModifiedDate": "2022-07-12T01:15:08.000Z",
      "manageableState": "unmanaged",
      "type": "Layout"
    },
    {
      "createdById": "0055i000004stiVAAQ",
      "createdByName": "salesforce.com, inc.",
      "createdDate": "2022-07-12T01:12:26.000Z",
      "fileName": "layouts/PaymentGatewayLog-Payment Gateway Log Layout.layout",
      "fullName": "PaymentGatewayLog-Payment Gateway Log Layout",
      "id": "00h5i000007YHYIAA4",
      "lastModifiedById": "0055i000004stiVAAQ",
      "lastModifiedByName": "salesforce.com, inc.",
      "lastModifiedDate": "2022-07-12T01:12:26.000Z",
      "manageableState": "unmanaged",
      "type": "Layout"
    },
    {
      "createdById": "0055i000004stiUAAQ",
      "createdByName": "Automated Process",
      "createdDate": "2022-07-12T01:12:26.000Z",
      "fileName": "layouts/WorkTypeGroupMember-Work Type Group Member Layout.layout",
      "fullName": "WorkTypeGroupMember-Work Type Group Member Layout",
      "id": "00h5i000007YHYrAAO",
      "lastModifiedById": "0055i000004stiUAAQ",
      "lastModifiedByName": "Automated Process",
      "lastModifiedDate": "2022-07-12T01:12:26.000Z",
      "manageableState": "unmanaged",
      "type": "Layout"
    },
    {
      "createdById": "0055i000004FDQ6AAO",
      "createdByName": "Edsel Lita",
      "createdDate": "2022-07-12T01:12:26.000Z",
      "fileName": "layouts/CampaignMember-Campaign Member Page Layout.layout",
      "fullName": "CampaignMember-Campaign Member Page Layout",
      "id": "00h5i000007YHZVAA4",
      "lastModifiedById": "0055i000004FDQ6AAO",
      "lastModifiedByName": "Edsel Lita",
      "lastModifiedDate": "2022-07-12T01:12:26.000Z",
      "manageableState": "unmanaged",
      "type": "Layout"
    },
    {
      "createdById": "0055i000004stiUAAQ",
      "createdByName": "Automated Process",
      "createdDate": "2022-07-12T01:12:26.000Z",
      "fileName": "layouts/ContactPointAddress-Contact Point Address Layout.layout",
      "fullName": "ContactPointAddress-Contact Point Address Layout",
      "id": "00h5i000007YHYtAAO",
      "lastModifiedById": "0055i000004stiUAAQ",
      "lastModifiedByName": "Automated Process",
      "lastModifiedDate": "2022-07-12T01:12:26.000Z",
      "manageableState": "unmanaged",
      "type": "Layout"
    },
    {
      "createdById": "0055i000004stiUAAQ",
      "createdByName": "Automated Process",
      "createdDate": "2022-07-12T01:12:26.000Z",
      "fileName": "layouts/AssignedResource-Assigned Resource Layout.layout",
      "fullName": "AssignedResource-Assigned Resource Layout",
      "id": "00h5i000007YHYpAAO",
      "lastModifiedById": "0055i000004stiUAAQ",
      "lastModifiedByName": "Automated Process",
      "lastModifiedDate": "2022-07-12T01:12:26.000Z",
      "manageableState": "unmanaged",
      "type": "Layout"
    },
    {
      "createdById": "0055i000004stiVAAQ",
      "createdByName": "salesforce.com, inc.",
      "createdDate": "2022-07-12T01:15:18.000Z",
      "fileName": "layouts/UserProvisioningRequest-User Provisioning Request Layout.layout",
      "fullName": "UserProvisioningRequest-User Provisioning Request Layout",
      "id": "00h5i0000044sD6AAI",
      "lastModifiedById": "0055i000004stiVAAQ",
      "lastModifiedByName": "salesforce.com, inc.",
      "lastModifiedDate": "2022-07-12T01:15:18.000Z",
      "manageableState": "unmanaged",
      "type": "Layout"
    },
    {
      "createdById": "0055i000004FDQ6AAO",
      "createdByName": "Edsel Lita",
      "createdDate": "2022-07-12T01:12:26.000Z",
      "fileName": "layouts/Solution-Solution Layout.layout",
      "fullName": "Solution-Solution Layout",
      "id": "00h5i000007YHa9AAG",
      "lastModifiedById": "0055i000004FDQ6AAO",
      "lastModifiedByName": "Edsel Lita",
      "lastModifiedDate": "2022-07-12T01:12:26.000Z",
      "manageableState": "unmanaged",
      "type": "Layout"
    },
    {
      "createdById": "0055i000004stiUAAQ",
      "createdByName": "Automated Process",
      "createdDate": "2022-07-12T01:12:26.000Z",
      "fileName": "layouts/SkillRequirement-Skill Requirement Layout.layout",
      "fullName": "SkillRequirement-Skill Requirement Layout",
      "id": "00h5i000007YHYjAAO",
      "lastModifiedById": "0055i000004stiUAAQ",
      "lastModifiedByName": "Automated Process",
      "lastModifiedDate": "2022-07-12T01:12:26.000Z",
      "manageableState": "unmanaged",
      "type": "Layout"
    },
    {
      "createdById": "0055i000004stiVAAQ",
      "createdByName": "salesforce.com, inc.",
      "createdDate": "2022-07-12T01:12:26.000Z",
      "fileName": "layouts/ReturnOrderLineItem-Return Order Line Item Layout.layout",
      "fullName": "ReturnOrderLineItem-Return Order Line Item Layout",
      "id": "00h5i000007YHZFAA4",
      "lastModifiedById": "0055i000004stiVAAQ",
      "lastModifiedByName": "salesforce.com, inc.",
      "lastModifiedDate": "2022-07-12T01:12:26.000Z",
      "manageableState": "unmanaged",
      "type": "Layout"
    },
    {
      "createdById": "0055i000004stiUAAQ",
      "createdByName": "Automated Process",
      "createdDate": "2022-07-12T01:12:26.000Z",
      "fileName": "layouts/ServiceResource-Service Resource Layout.layout",
      "fullName": "ServiceResource-Service Resource Layout",
      "id": "00h5i000007YHYfAAO",
      "lastModifiedById": "0055i000004stiUAAQ",
      "lastModifiedByName": "Automated Process",
      "lastModifiedDate": "2022-07-12T01:12:26.000Z",
      "manageableState": "unmanaged",
      "type": "Layout"
    },
    {
      "createdById": "0055i000004FDQ6AAO",
      "createdByName": "Edsel Lita",
      "createdDate": "2022-07-12T01:12:26.000Z",
      "fileName": "layouts/Pricebook2-Price Book Layout.layout",
      "fullName": "Pricebook2-Price Book Layout",
      "id": "00h5i000007YHZUAA4",
      "lastModifiedById": "0055i000004FDQ6AAO",
      "lastModifiedByName": "Edsel Lita",
      "lastModifiedDate": "2022-07-12T01:12:26.000Z",
      "manageableState": "unmanaged",
      "type": "Layout"
    },
    {
      "createdById": "0055i000004stiVAAQ",
      "createdByName": "salesforce.com, inc.",
      "createdDate": "2022-07-12T01:12:26.000Z",
      "fileName": "layouts/Seller-Seller Layout.layout",
      "fullName": "Seller-Seller Layout",
      "id": "00h5i000007YHYwAAO",
      "lastModifiedById": "0055i000004stiVAAQ",
      "lastModifiedByName": "salesforce.com, inc.",
      "lastModifiedDate": "2022-07-12T01:12:26.000Z",
      "manageableState": "unmanaged",
      "type": "Layout"
    },
    {
      "createdById": "0055i000004stiVAAQ",
      "createdByName": "salesforce.com, inc.",
      "createdDate": "2022-07-12T01:12:26.000Z",
      "fileName": "layouts/DigitalWallet-Digital Wallet Layout.layout",
      "fullName": "DigitalWallet-Digital Wallet Layout",
      "id": "00h5i000007YHYNAA4",
      "lastModifiedById": "0055i000004stiVAAQ",
      "lastModifiedByName": "salesforce.com, inc.",
      "lastModifiedDate": "2022-07-12T01:12:26.000Z",
      "manageableState": "unmanaged",
      "type": "Layout"
    },
    {
      "createdById": "0055i000004stiVAAQ",
      "createdByName": "salesforce.com, inc.",
      "createdDate": "2022-07-12T01:15:45.000Z",
      "fileName": "layouts/WorkPlanTemplate-Work Plan Template Layout.layout",
      "fullName": "WorkPlanTemplate-Work Plan Template Layout",
      "id": "00h5i0000044sDeAAI",
      "lastModifiedById": "0055i000004stiVAAQ",
      "lastModifiedByName": "salesforce.com, inc.",
      "lastModifiedDate": "2022-07-12T01:15:45.000Z",
      "manageableState": "unmanaged",
      "type": "Layout"
    },
    {
      "createdById": "0055i000004FDQ6AAO",
      "createdByName": "Edsel Lita",
      "createdDate": "2022-07-12T01:12:26.000Z",
      "fileName": "layouts/Opportunity-Opportunity %28Support%29 Layout.layout",
      "fullName": "Opportunity-Opportunity %28Support%29 Layout",
      "id": "00h5i000007YHXqAAO",
      "lastModifiedById": "0055i000004FDQ6AAO",
      "lastModifiedByName": "Edsel Lita",
      "lastModifiedDate": "2022-07-12T01:12:26.000Z",
      "manageableState": "unmanaged",
      "type": "Layout"
    },
    {
      "createdById": "0055i000004stiVAAQ",
      "createdByName": "salesforce.com, inc.",
      "createdDate": "2022-07-12T01:12:26.000Z",
      "fileName": "layouts/FinanceBalanceSnapshot-Finance Balance Snapshot Layout.layout",
      "fullName": "FinanceBalanceSnapshot-Finance Balance Snapshot Layout",
      "id": "00h5i000007YHZJAA4",
      "lastModifiedById": "0055i000004stiVAAQ",
      "lastModifiedByName": "salesforce.com, inc.",
      "lastModifiedDate": "2022-07-12T01:12:26.000Z",
      "manageableState": "unmanaged",
      "type": "Layout"
    },
    {
      "createdById": "0055i000004stiVAAQ",
      "createdByName": "salesforce.com, inc.",
      "createdDate": "2022-07-12T01:12:26.000Z",
      "fileName": "layouts/WebStore-Store Layout.layout",
      "fullName": "WebStore-Store Layout",
      "id": "00h5i000007YHYyAAO",
      "lastModifiedById": "0055i000004stiVAAQ",
      "lastModifiedByName": "salesforce.com, inc.",
      "lastModifiedDate": "2022-07-12T01:12:26.000Z",
      "manageableState": "unmanaged",
      "type": "Layout"
    },
    {
      "createdById": "0055i000004stiVAAQ",
      "createdByName": "salesforce.com, inc.",
      "createdDate": "2022-07-12T01:12:26.000Z",
      "fileName": "layouts/Macro-Macro Layout.layout",
      "fullName": "Macro-Macro Layout",
      "id": "00h5i000007YHZSAA4",
      "lastModifiedById": "0055i000004stiVAAQ",
      "lastModifiedByName": "salesforce.com, inc.",
      "lastModifiedDate": "2022-07-12T01:12:26.000Z",
      "manageableState": "unmanaged",
      "type": "Layout"
    },
    {
      "createdById": "0055i000004stiVAAQ",
      "createdByName": "salesforce.com, inc.",
      "createdDate": "2022-07-12T01:14:56.000Z",
      "fileName": "layouts/AuthorizationFormDataUse-Authorization Form Data Use Layout.layout",
      "fullName": "AuthorizationFormDataUse-Authorization Form Data Use Layout",
      "id": "00h5i0000044sCCAAY",
      "lastModifiedById": "0055i000004FDQ6AAO",
      "lastModifiedByName": "Edsel Lita",
      "lastModifiedDate": "2022-07-12T01:14:56.000Z",
      "manageableState": "unmanaged",
      "type": "Layout"
    },
    {
      "createdById": "0055i000004stiVAAQ",
      "createdByName": "salesforce.com, inc.",
      "createdDate": "2022-07-12T01:14:56.000Z",
      "fileName": "layouts/DataUseLegalBasis-Data Use Legal Basis Layout.layout",
      "fullName": "DataUseLegalBasis-Data Use Legal Basis Layout",
      "id": "00h5i0000044sCPAAY",
      "lastModifiedById": "0055i000004FDQ6AAO",
      "lastModifiedByName": "Edsel Lita",
      "lastModifiedDate": "2022-07-12T01:14:56.000Z",
      "manageableState": "unmanaged",
      "type": "Layout"
    },
    {
      "createdById": "0055i000004stiVAAQ",
      "createdByName": "salesforce.com, inc.",
      "createdDate": "2022-07-12T01:12:26.000Z",
      "fileName": "layouts/InvoiceLine-Invoice Line Layout.layout",
      "fullName": "InvoiceLine-Invoice Line Layout",
      "id": "00h5i000007YHYbAAO",
      "lastModifiedById": "0055i000004stiVAAQ",
      "lastModifiedByName": "salesforce.com, inc.",
      "lastModifiedDate": "2022-07-12T01:12:26.000Z",
      "manageableState": "unmanaged",
      "type": "Layout"
    },
    {
      "createdById": "0055i000004stiUAAQ",
      "createdByName": "Automated Process",
      "createdDate": "2022-07-12T01:12:26.000Z",
      "fileName": "layouts/CommunityMemberLayout-Community Member Layout.layout",
      "fullName": "CommunityMemberLayout-Community Member Layout",
      "id": "00h5i000007YHaOAAW",
      "lastModifiedById": "0055i000004stiUAAQ",
      "lastModifiedByName": "Automated Process",
      "lastModifiedDate": "2022-07-12T01:12:26.000Z",
      "manageableState": "unmanaged",
      "type": "Layout"
    },
    {
      "createdById": "0055i000004stiVAAQ",
      "createdByName": "salesforce.com, inc.",
      "createdDate": "2022-07-12T01:12:26.000Z",
      "fileName": "layouts/AssetStatePeriod-Asset State Period Layout.layout",
      "fullName": "AssetStatePeriod-Asset State Period Layout",
      "id": "00h5i000007YHZDAA4",
      "lastModifiedById": "0055i000004stiVAAQ",
      "lastModifiedByName": "salesforce.com, inc.",
      "lastModifiedDate": "2022-07-12T01:12:26.000Z",
      "manageableState": "unmanaged",
      "type": "Layout"
    },
    {
      "createdById": "0055i000004stiVAAQ",
      "createdByName": "salesforce.com, inc.",
      "createdDate": "2022-07-12T01:15:18.000Z",
      "fileName": "layouts/UserProvAccount-User Provisioning Account Layout.layout",
      "fullName": "UserProvAccount-User Provisioning Account Layout",
      "id": "00h5i0000044sD8AAI",
      "lastModifiedById": "0055i000004stiVAAQ",
      "lastModifiedByName": "salesforce.com, inc.",
      "lastModifiedDate": "2022-07-12T01:15:18.000Z",
      "manageableState": "unmanaged",
      "type": "Layout"
    },
    {
      "createdById": "0055i000004stiVAAQ",
      "createdByName": "salesforce.com, inc.",
      "createdDate": "2022-07-12T01:12:26.000Z",
      "fileName": "layouts/ProcessException-Process Exception Layout.layout",
      "fullName": "ProcessException-Process Exception Layout",
      "id": "00h5i000007YHZMAA4",
      "lastModifiedById": "0055i000004stiVAAQ",
      "lastModifiedByName": "salesforce.com, inc.",
      "lastModifiedDate": "2022-07-12T01:12:26.000Z",
      "manageableState": "unmanaged",
      "type": "Layout"
    },
    {
      "createdById": "0055i000004stiVAAQ",
      "createdByName": "salesforce.com, inc.",
      "createdDate": "2022-07-12T01:12:26.000Z",
      "fileName": "layouts/ReturnOrderItemTax-Return Order Item Tax Layout.layout",
      "fullName": "ReturnOrderItemTax-Return Order Item Tax Layout",
      "id": "00h5i000007YHZHAA4",
      "lastModifiedById": "0055i000004stiVAAQ",
      "lastModifiedByName": "salesforce.com, inc.",
      "lastModifiedDate": "2022-07-12T01:12:26.000Z",
      "manageableState": "unmanaged",
      "type": "Layout"
    },
    {
      "createdById": "0055i000004stiVAAQ",
      "createdByName": "salesforce.com, inc.",
      "createdDate": "2022-07-12T01:12:26.000Z",
      "fileName": "layouts/ReturnOrderItemAdjustment-Return Order Item Adjustment Layout.layout",
      "fullName": "ReturnOrderItemAdjustment-Return Order Item Adjustment Layout",
      "id": "00h5i000007YHZGAA4",
      "lastModifiedById": "0055i000004stiVAAQ",
      "lastModifiedByName": "salesforce.com, inc.",
      "lastModifiedDate": "2022-07-12T01:12:26.000Z",
      "manageableState": "unmanaged",
      "type": "Layout"
    },
    {
      "createdById": "0055i000004stiVAAQ",
      "createdByName": "salesforce.com, inc.",
      "createdDate": "2022-07-12T01:12:26.000Z",
      "fileName": "layouts/PaymentGateway-Payment Gateway Layout.layout",
      "fullName": "PaymentGateway-Payment Gateway Layout",
      "id": "00h5i000007YHYLAA4",
      "lastModifiedById": "0055i000004stiVAAQ",
      "lastModifiedByName": "salesforce.com, inc.",
      "lastModifiedDate": "2022-07-12T01:12:26.000Z",
      "manageableState": "unmanaged",
      "type": "Layout"
    },
    {
      "createdById": "0055i000004stiUAAQ",
      "createdByName": "Automated Process",
      "createdDate": "2022-07-12T01:12:26.000Z",
      "fileName": "layouts/ServiceTerritory-Service Territory Layout.layout",
      "fullName": "ServiceTerritory-Service Territory Layout",
      "id": "00h5i000007YHYgAAO",
      "lastModifiedById": "0055i000004stiUAAQ",
      "lastModifiedByName": "Automated Process",
      "lastModifiedDate": "2022-07-12T01:12:26.000Z",
      "manageableState": "unmanaged",
      "type": "Layout"
    },
    {
      "createdById": "0055i000004FDQ6AAO",
      "createdByName": "Edsel Lita",
      "createdDate": "2022-07-12T01:15:39.000Z",
      "fileName": "layouts/WorkOrderLineItem-Work Order Line Item Layout.layout",
      "fullName": "WorkOrderLineItem-Work Order Line Item Layout",
      "id": "00h5i0000044sDbAAI",
      "lastModifiedById": "0055i000004FDQ6AAO",
      "lastModifiedByName": "Edsel Lita",
      "lastModifiedDate": "2022-07-12T01:15:39.000Z",
      "manageableState": "unmanaged",
      "type": "Layout"
    },
    {
      "createdById": "0055i000004FDQ6AAO",
      "createdByName": "Edsel Lita",
      "createdDate": "2022-07-12T01:12:26.000Z",
      "fileName": "layouts/Individual-Individual Layout.layout",
      "fullName": "Individual-Individual Layout",
      "id": "00h5i000007YHZOAA4",
      "lastModifiedById": "0055i000004FDQ6AAO",
      "lastModifiedByName": "Edsel Lita",
      "lastModifiedDate": "2022-07-12T01:12:26.000Z",
      "manageableState": "unmanaged",
      "type": "Layout"
    },
    {
      "createdById": "0055i000004stiVAAQ",
      "createdByName": "salesforce.com, inc.",
      "createdDate": "2022-07-12T01:12:26.000Z",
      "fileName": "layouts/FinanceTransaction-Finance Transaction Layout.layout",
      "fullName": "FinanceTransaction-Finance Transaction Layout",
      "id": "00h5i000007YHZKAA4",
      "lastModifiedById": "0055i000004stiVAAQ",
      "lastModifiedByName": "salesforce.com, inc.",
      "lastModifiedDate": "2022-07-12T01:12:26.000Z",
      "manageableState": "unmanaged",
      "type": "Layout"
    },
    {
      "createdById": "0055i000004stiUAAQ",
      "createdByName": "Automated Process",
      "createdDate": "2022-07-12T01:12:26.000Z",
      "fileName": "layouts/ServiceAppointment-Service Appointment Layout.layout",
      "fullName": "ServiceAppointment-Service Appointment Layout",
      "id": "00h5i000007YHYqAAO",
      "lastModifiedById": "0055i000004stiUAAQ",
      "lastModifiedByName": "Automated Process",
      "lastModifiedDate": "2022-07-12T01:12:26.000Z",
      "manageableState": "unmanaged",
      "type": "Layout"
    },
    {
      "createdById": "0055i000004stiVAAQ",
      "createdByName": "salesforce.com, inc.",
      "createdDate": "2022-07-12T01:12:26.000Z",
      "fileName": "layouts/Refund-Refund Layout.layout",
      "fullName": "Refund-Refund Layout",
      "id": "00h5i000007YHYJAA4",
      "lastModifiedById": "0055i000004stiVAAQ",
      "lastModifiedByName": "salesforce.com, inc.",
      "lastModifiedDate": "2022-07-12T01:12:26.000Z",
      "manageableState": "unmanaged",
      "type": "Layout"
    },
    {
      "createdById": "0055i000004stiVAAQ",
      "createdByName": "salesforce.com, inc.",
      "createdDate": "2022-07-12T01:12:26.000Z",
      "fileName": "layouts/AssetActionSource-Asset Action Source Layout.layout",
      "fullName": "AssetActionSource-Asset Action Source Layout",
      "id": "00h5i000007YHZCAA4",
      "lastModifiedById": "0055i000004stiVAAQ",
      "lastModifiedByName": "salesforce.com, inc.",
      "lastModifiedDate": "2022-07-12T01:12:26.000Z",
      "manageableState": "unmanaged",
      "type": "Layout"
    },
    {
      "createdById": "0055i000004stiVAAQ",
      "createdByName": "salesforce.com, inc.",
      "createdDate": "2022-07-12T01:14:56.000Z",
      "fileName": "layouts/ContactPointTypeConsent-Contact Point Type Consent Layout.layout",
      "fullName": "ContactPointTypeConsent-Contact Point Type Consent Layout",
      "id": "00h5i0000044sCNAAY",
      "lastModifiedById": "0055i000004FDQ6AAO",
      "lastModifiedByName": "Edsel Lita",
      "lastModifiedDate": "2022-07-12T01:14:56.000Z",
      "manageableState": "unmanaged",
      "type": "Layout"
    },
    {
      "createdById": "0055i000004stiUAAQ",
      "createdByName": "Automated Process",
      "createdDate": "2022-07-12T01:12:26.000Z",
      "fileName": "layouts/ResourceAbsence-Resource Absence Layout.layout",
      "fullName": "ResourceAbsence-Resource Absence Layout",
      "id": "00h5i000007YHYlAAO",
      "lastModifiedById": "0055i000004stiUAAQ",
      "lastModifiedByName": "Automated Process",
      "lastModifiedDate": "2022-07-12T01:12:26.000Z",
      "manageableState": "unmanaged",
      "type": "Layout"
    },
    {
      "createdById": "0055i000004FDQ6AAO",
      "createdByName": "Edsel Lita",
      "createdDate": "2022-07-12T01:16:28.000Z",
      "fileName": "layouts/Entitlement-Entitlement Layout.layout",
      "fullName": "Entitlement-Entitlement Layout",
      "id": "00h5i0000044sEiAAI",
      "lastModifiedById": "0055i000004FDQ6AAO",
      "lastModifiedByName": "Edsel Lita",
      "lastModifiedDate": "2022-07-12T01:16:28.000Z",
      "manageableState": "unmanaged",
      "type": "Layout"
    },
    {
      "createdById": "0055i000004FDQ6AAO",
      "createdByName": "Edsel Lita",
      "createdDate": "2022-07-12T01:16:28.000Z",
      "fileName": "layouts/ServiceContract-Service Contract Layout.layout",
      "fullName": "ServiceContract-Service Contract Layout",
      "id": "00h5i0000044sEjAAI",
      "lastModifiedById": "0055i000004FDQ6AAO",
      "lastModifiedByName": "Edsel Lita",
      "lastModifiedDate": "2022-07-12T01:16:28.000Z",
      "manageableState": "unmanaged",
      "type": "Layout"
    },
    {
      "createdById": "0055i000004stiUAAQ",
      "createdByName": "Automated Process",
      "createdDate": "2022-07-12T01:12:26.000Z",
      "fileName": "layouts/WorkTypeGroup-Work Type Group Layout.layout",
      "fullName": "WorkTypeGroup-Work Type Group Layout",
      "id": "00h5i000007YHYsAAO",
      "lastModifiedById": "0055i000004stiUAAQ",
      "lastModifiedByName": "Automated Process",
      "lastModifiedDate": "2022-07-12T01:12:26.000Z",
      "manageableState": "unmanaged",
      "type": "Layout"
    },
    {
      "createdById": "0055i000004FDQ6AAO",
      "createdByName": "Edsel Lita",
      "createdDate": "2022-07-12T01:12:26.000Z",
      "fileName": "layouts/Account-Account Layout.layout",
      "fullName": "Account-Account Layout",
      "id": "00h5i000007YHXzAAO",
      "lastModifiedById": "0055i000004FDQ6AAO",
      "lastModifiedByName": "Edsel Lita",
      "lastModifiedDate": "2022-07-12T01:12:26.000Z",
      "manageableState": "unmanaged",
      "type": "Layout"
    },
    {
      "createdById": "0055i000004stiVAAQ",
      "createdByName": "salesforce.com, inc.",
      "createdDate": "2022-07-12T01:12:26.000Z",
      "fileName": "layouts/Customer-Customer Layout.layout",
      "fullName": "Customer-Customer Layout",
      "id": "00h5i000007YHYvAAO",
      "lastModifiedById": "0055i000004stiVAAQ",
      "lastModifiedByName": "salesforce.com, inc.",
      "lastModifiedDate": "2022-07-12T01:12:26.000Z",
      "manageableState": "unmanaged",
      "type": "Layout"
    },
    {
      "createdById": "0055i000004stiVAAQ",
      "createdByName": "salesforce.com, inc.",
      "createdDate": "2022-07-12T01:14:50.000Z",
      "fileName": "layouts/AlternativePaymentMethod-Alternative Payment Method Layout.layout",
      "fullName": "AlternativePaymentMethod-Alternative Payment Method Layout",
      "id": "00h5i0000044sBmAAI",
      "lastModifiedById": "0055i000004stiVAAQ",
      "lastModifiedByName": "salesforce.com, inc.",
      "lastModifiedDate": "2022-07-12T01:14:50.000Z",
      "manageableState": "unmanaged",
      "type": "Layout"
    },
    {
      "createdById": "0055i000004stiVAAQ",
      "createdByName": "salesforce.com, inc.",
      "createdDate": "2022-07-12T01:12:26.000Z",
      "fileName": "layouts/ConsumptionRate-Consumption Rate Layout.layout",
      "fullName": "ConsumptionRate-Consumption Rate Layout",
      "id": "00h5i000007YHZQAA4",
      "lastModifiedById": "0055i000004stiVAAQ",
      "lastModifiedByName": "salesforce.com, inc.",
      "lastModifiedDate": "2022-07-12T01:12:26.000Z",
      "manageableState": "unmanaged",
      "type": "Layout"
    },
    {
      "createdById": "0055i000004FDQ6AAO",
      "createdByName": "Edsel Lita",
      "createdDate": "2022-07-12T01:16:28.000Z",
      "fileName": "layouts/ContractLineItem-Contract Line Item Layout.layout",
      "fullName": "ContractLineItem-Contract Line Item Layout",
      "id": "00h5i0000044sEkAAI",
      "lastModifiedById": "0055i000004FDQ6AAO",
      "lastModifiedByName": "Edsel Lita",
      "lastModifiedDate": "2022-07-12T01:16:28.000Z",
      "manageableState": "unmanaged",
      "type": "Layout"
    },
    {
      "createdById": "0055i000004stiVAAQ",
      "createdByName": "salesforce.com, inc.",
      "createdDate": "2022-07-12T01:14:56.000Z",
      "fileName": "layouts/DataUsePurpose-Data Use Purpose Layout.layout",
      "fullName": "DataUsePurpose-Data Use Purpose Layout",
      "id": "00h5i0000044sCOAAY",
      "lastModifiedById": "0055i000004FDQ6AAO",
      "lastModifiedByName": "Edsel Lita",
      "lastModifiedDate": "2022-07-12T01:14:56.000Z",
      "manageableState": "unmanaged",
      "type": "Layout"
    },
    {
      "createdById": "0055i000004stiVAAQ",
      "createdByName": "salesforce.com, inc.",
      "createdDate": "2022-07-12T01:15:23.000Z",
      "fileName": "layouts/AssetRelationship-Asset Relationship Layout.layout",
      "fullName": "AssetRelationship-Asset Relationship Layout",
      "id": "00h5i0000044sD9AAI",
      "lastModifiedById": "0055i000004stiVAAQ",
      "lastModifiedByName": "salesforce.com, inc.",
      "lastModifiedDate": "2022-07-12T01:15:23.000Z",
      "manageableState": "unmanaged",
      "type": "Layout"
    },
    {
      "createdById": "0055i000004stiVAAQ",
      "createdByName": "salesforce.com, inc.",
      "createdDate": "2022-07-19T11:02:53.000Z",
      "fileName": "layouts/UserAlt-User Profile Layout.layout",
      "fullName": "UserAlt-User Profile Layout",
      "id": "00h5i0000080vtMAAQ",
      "lastModifiedById": "0055i000004stiVAAQ",
      "lastModifiedByName": "salesforce.com, inc.",
      "lastModifiedDate": "2022-07-19T11:02:53.000Z",
      "manageableState": "unmanaged",
      "type": "Layout"
    },
    {
      "createdById": "0055i000004stiVAAQ",
      "createdByName": "salesforce.com, inc.",
      "createdDate": "2022-07-12T01:12:26.000Z",
      "fileName": "layouts/PaymentLineInvoice-Payment Line Invoice Layout.layout",
      "fullName": "PaymentLineInvoice-Payment Line Invoice Layout",
      "id": "00h5i000007YHYRAA4",
      "lastModifiedById": "0055i000004stiVAAQ",
      "lastModifiedByName": "salesforce.com, inc.",
      "lastModifiedDate": "2022-07-12T01:12:26.000Z",
      "manageableState": "unmanaged",
      "type": "Layout"
    },
    {
      "createdById": "0055i000004stiVAAQ",
      "createdByName": "salesforce.com, inc.",
      "createdDate": "2022-07-12T01:12:26.000Z",
      "fileName": "layouts/PaymentAuthorization-Payment Authorization Layout.layout",
      "fullName": "PaymentAuthorization-Payment Authorization Layout",
      "id": "00h5i000007YHYQAA4",
      "lastModifiedById": "0055i000004stiVAAQ",
      "lastModifiedByName": "salesforce.com, inc.",
      "lastModifiedDate": "2022-07-12T01:12:26.000Z",
      "manageableState": "unmanaged",
      "type": "Layout"
    },
    {
      "createdById": "0055i000004FDQ6AAO",
      "createdByName": "Edsel Lita",
      "createdDate": "2022-07-12T01:12:26.000Z",
      "fileName": "layouts/Asset-Asset Layout.layout",
      "fullName": "Asset-Asset Layout",
      "id": "00h5i000007YHa0AAG",
      "lastModifiedById": "0055i000004FDQ6AAO",
      "lastModifiedByName": "Edsel Lita",
      "lastModifiedDate": "2022-07-12T01:12:26.000Z",
      "manageableState": "unmanaged",
      "type": "Layout"
    },
    {
      "createdById": "0055i000004stiVAAQ",
      "createdByName": "salesforce.com, inc.",
      "createdDate": "2022-07-12T01:12:26.000Z",
      "fileName": "layouts/ReturnOrder-Return Order Layout.layout",
      "fullName": "ReturnOrder-Return Order Layout",
      "id": "00h5i000007YHZEAA4",
      "lastModifiedById": "0055i000004stiVAAQ",
      "lastModifiedByName": "salesforce.com, inc.",
      "lastModifiedDate": "2022-07-12T01:12:26.000Z",
      "manageableState": "unmanaged",
      "type": "Layout"
    },
    {
      "createdById": "0055i000004FDQ6AAO",
      "createdByName": "Edsel Lita",
      "createdDate": "2022-07-13T01:53:50.000Z",
      "fileName": "layouts/Buildings__c-Buildings Layout.layout",
      "fullName": "Buildings__c-Buildings Layout",
      "id": "00h5i0000044zE5AAI",
      "lastModifiedById": "0055i000004FDQ6AAO",
      "lastModifiedByName": "Edsel Lita",
      "lastModifiedDate": "2022-07-13T02:54:09.000Z",
      "manageableState": "unmanaged",
      "type": "Layout"
    },
    {
      "createdById": "0055i000004stiVAAQ",
      "createdByName": "salesforce.com, inc.",
      "createdDate": "2022-07-12T01:15:45.000Z",
      "fileName": "layouts/WorkPlanTemplateEntry-Work Plan Template Entry Layout.layout",
      "fullName": "WorkPlanTemplateEntry-Work Plan Template Entry Layout",
      "id": "00h5i0000044sDuAAI",
      "lastModifiedById": "0055i000004stiVAAQ",
      "lastModifiedByName": "salesforce.com, inc.",
      "lastModifiedDate": "2022-07-12T01:15:45.000Z",
      "manageableState": "unmanaged",
      "type": "Layout"
    },
    {
      "createdById": "0055i000004FDQ6AAO",
      "createdByName": "Edsel Lita",
      "createdDate": "2022-07-12T01:12:26.000Z",
      "fileName": "layouts/CaseClose-Close Case Layout.layout",
      "fullName": "CaseClose-Close Case Layout",
      "id": "00h5i000007YHa1AAG",
      "lastModifiedById": "0055i000004FDQ6AAO",
      "lastModifiedByName": "Edsel Lita",
      "lastModifiedDate": "2022-07-12T01:12:26.000Z",
      "manageableState": "unmanaged",
      "type": "Layout"
    },
    {
      "createdById": "0055i000004FDQ6AAO",
      "createdByName": "Edsel Lita",
      "createdDate": "2022-07-12T01:12:26.000Z",
      "fileName": "layouts/Opportunity-Opportunity %28Sales%29 Layout.layout",
      "fullName": "Opportunity-Opportunity %28Sales%29 Layout",
      "id": "00h5i000007YHXpAAO",
      "lastModifiedById": "0055i000004FDQ6AAO",
      "lastModifiedByName": "Edsel Lita",
      "lastModifiedDate": "2022-07-12T01:12:26.000Z",
      "manageableState": "unmanaged",
      "type": "Layout"
    }
  ]
}