{
  "status": 0,
  "result": [
    {
      "createdById": "0055i000004stiUAAQ",
      "createdByName": "Automated Process",
      "createdDate": "2022-07-12T01:12:26.000Z",
      "fileName": "managedContentTypeBundles/news",
      "fullName": "news",
      "id": "0T15i000000pV0JCAU",
      "lastModifiedById": "0055i000004stiUAAQ",
      "lastModifiedByName": "Automated Process",
      "lastModifiedDate": "2022-07-12T01:12:26.000Z",
      "type": "ManagedContentTypeBundle"
    },
    {
      "createdById": "0055i000004stiUAAQ",
      "createdByName": "Automated Process",
      "createdDate": "2022-07-12T01:12:26.000Z",
      "fileName": "managedContentTypeBundles/cms_image",
      "fullName": "cms_image",
      "id": "0T15i000000pV0LCAU",
      "lastModifiedById": "0055i000004stiUAAQ",
      "lastModifiedByName": "Automated Process",
      "lastModifiedDate": "2022-07-12T01:12:26.000Z",
      "type": "ManagedContentTypeBundle"
    },
    {
      "createdById": "0055i000004stiUAAQ",
      "createdByName": "Automated Process",
      "createdDate": "2022-07-12T01:12:26.000Z",
      "fileName": "managedContentTypeBundles/cms_document",
      "fullName": "cms_document",
      "id": "0T15i000000pV0KCAU",
      "lastModifiedById": "0055i000004stiUAAQ",
      "lastModifiedByName": "Automated Process",
      "lastModifiedDate": "2022-07-12T01:12:26.000Z",
      "type": "ManagedContentTypeBundle"
    }
  ]
}