{
  "status": 0,
  "result": [
    {
      "createdById": "0055i000004FDQ6AAO",
      "createdByName": "Edsel Lita",
      "createdDate": "2022-07-13T01:53:50.000Z",
      "fileName": "MatchingRules/Buildings__c.matchingRule",
      "fullName": "Buildings__c",
      "id": "01I5i0000003OIdEAM",
      "lastModifiedById": "0055i000004FDQ6AAO",
      "lastModifiedByName": "Edsel Lita",
      "lastModifiedDate": "2022-07-13T02:50:56.000Z",
      "manageableState": "unmanaged",
      "type": "MatchingRules"
    },
    {
      "createdById": "0055i000004FDQ6AAO",
      "createdByName": "Edsel Lita",
      "createdDate": "1970-01-01T00:00:00.000Z",
      "fileName": "matchingRules/Lead.matchingRule",
      "fullName": "Lead",
      "id": "",
      "lastModifiedById": "0055i000004FDQ6AAO",
      "lastModifiedByName": "Edsel Lita",
      "lastModifiedDate": "1970-01-01T00:00:00.000Z",
      "namespacePrefix": "",
      "type": "MatchingRules"
    },
    {
      "createdById": "0055i000004FDQ6AAO",
      "createdByName": "Edsel Lita",
      "createdDate": "1970-01-01T00:00:00.000Z",
      "fileName": "matchingRules/Individual.matchingRule",
      "fullName": "Individual",
      "id": "",
      "lastModifiedById": "0055i000004FDQ6AAO",
      "lastModifiedByName": "Edsel Lita",
      "lastModifiedDate": "1970-01-01T00:00:00.000Z",
      "namespacePrefix": "",
      "type": "MatchingRules"
    },
    {
      "createdById": "0055i000004FDQ6AAO",
      "createdByName": "Edsel Lita",
      "createdDate": "1970-01-01T00:00:00.000Z",
      "fileName": "matchingRules/Contact.matchingRule",
      "fullName": "Contact",
      "id": "",
      "lastModifiedById": "0055i000004FDQ6AAO",
      "lastModifiedByName": "Edsel Lita",
      "lastModifiedDate": "1970-01-01T00:00:00.000Z",
      "namespacePrefix": "",
      "type": "MatchingRules"
    },
    {
      "createdById": "0055i000004FDQ6AAO",
      "createdByName": "Edsel Lita",
      "createdDate": "1970-01-01T00:00:00.000Z",
      "fileName": "matchingRules/Account.matchingRule",
      "fullName": "Account",
      "id": "",
      "lastModifiedById": "0055i000004FDQ6AAO",
      "lastModifiedByName": "Edsel Lita",
      "lastModifiedDate": "1970-01-01T00:00:00.000Z",
      "namespacePrefix": "",
      "type": "MatchingRules"
    }
  ]
}