{
  "status": 0,
  "result": [
    {
      "createdById": "0055i000004stiUAAQ",
      "createdByName": "Automated Process",
      "createdDate": "2022-07-12T01:16:30.000Z",
      "fileName": "milestoneTypes/Close Case.milestoneType",
      "fullName": "Close Case",
      "id": "5575i000000sydDAAQ",
      "lastModifiedById": "0055i000004stiUAAQ",
      "lastModifiedByName": "Automated Process",
      "lastModifiedDate": "2022-07-12T01:16:30.000Z",
      "type": "MilestoneType"
    },
    {
      "createdById": "0055i000004stiUAAQ",
      "createdByName": "Automated Process",
      "createdDate": "2022-07-12T01:16:30.000Z",
      "fileName": "milestoneTypes/First Response to Customer.milestoneType",
      "fullName": "First Response to Customer",
      "id": "5575i000000sydBAAQ",
      "lastModifiedById": "0055i000004stiUAAQ",
      "lastModifiedByName": "Automated Process",
      "lastModifiedDate": "2022-07-12T01:16:30.000Z",
      "type": "MilestoneType"
    },
    {
      "createdById": "0055i000004stiUAAQ",
      "createdByName": "Automated Process",
      "createdDate": "2022-07-12T01:16:30.000Z",
      "fileName": "milestoneTypes/Escalate Case.milestoneType",
      "fullName": "Escalate Case",
      "id": "5575i000000sydCAAQ",
      "lastModifiedById": "0055i000004stiUAAQ",
      "lastModifiedByName": "Automated Process",
      "lastModifiedDate": "2022-07-12T01:16:30.000Z",
      "type": "MilestoneType"
    }
  ]
}