{
  "status": 0,
  "result": {
    "createdById": "0055i000004FDQ6AAO",
    "createdByName": "Edsel Lita",
    "createdDate": "2022-07-12T01:12:26.000Z",
    "fileName": "permissionsets/Experience_Profile_Manager.permissionset",
    "fullName": "Experience_Profile_Manager",
    "id": "0PS5i000003UwTtGAK",
    "lastModifiedById": "0055i000004FDQ6AAO",
    "lastModifiedByName": "Edsel Lita",
    "lastModifiedDate": "2022-07-12T01:12:26.000Z",
    "manageableState": "unmanaged",
    "type": "PermissionSet"
  }
}