{
  "status": 0,
  "result": {
    "createdById": "0055i000004stiUAAQ",
    "createdByName": "Automated Process",
    "createdDate": "2022-07-12T01:12:26.000Z",
    "fileName": "reportTypes/screen_flows_prebuilt_crt.reportType",
    "fullName": "screen_flows_prebuilt_crt",
    "id": "0705i000001EBsaAAG",
    "lastModifiedById": "0055i000004stiUAAQ",
    "lastModifiedByName": "Automated Process",
    "lastModifiedDate": "2022-07-12T01:12:26.000Z",
    "manageableState": "unmanaged",
    "type": "ReportType"
  }
}