{
  "status": 0,
  "result": [
    {
      "createdById": "0055i000004stiUAAQ",
      "createdByName": "Automated Process",
      "createdDate": "2022-07-12T01:12:26.000Z",
      "fileName": "reports/EinsteinBotReports_v2",
      "fullName": "EinsteinBotReports_v2",
      "id": "00l5i000001pz40AAA",
      "lastModifiedById": "0055i000004stiUAAQ",
      "lastModifiedByName": "Automated Process",
      "lastModifiedDate": "2022-07-12T01:12:26.000Z",
      "manageableState": "unmanaged",
      "type": "ReportFolder"
    },
    {
      "createdById": "0055i000004FDQ6AAO",
      "createdByName": "Edsel Lita",
      "createdDate": "1970-01-01T00:00:00.000Z",
      "fileName": "unfiled$public",
      "fullName": "unfiled$public",
      "id": "",
      "lastModifiedById": "0055i000004FDQ6AAO",
      "lastModifiedByName": "Edsel Lita",
      "lastModifiedDate": "1970-01-01T00:00:00.000Z",
      "manageableState": "unmanaged",
      "namespacePrefix": "",
      "type": "ReportFolder"
    },
    {
      "createdById": "0055i000004stiUAAQ",
      "createdByName": "Automated Process",
      "createdDate": "2022-07-12T01:12:26.000Z",
      "fileName": "reports/EinsteinBotReports",
      "fullName": "EinsteinBotReports",
      "id": "00l5i000001pz3zAAA",
      "lastModifiedById": "0055i000004stiUAAQ",
      "lastModifiedByName": "Automated Process",
      "lastModifiedDate": "2022-07-12T01:12:26.000Z",
      "manageableState": "unmanaged",
      "type": "ReportFolder"
    }
  ]
}