{
  "status": 0,
  "result": [
    {
      "createdById": "0055i000004FDQ6AAO",
      "createdByName": "Edsel Lita",
      "createdDate": "1970-01-01T00:00:00.000Z",
      "fileName": "roles/EasternSalesTeam.role",
      "fullName": "EasternSalesTeam",
      "id": "00E5i000001lIgMEAU",
      "lastModifiedById": "0055i000004FDQ6AAO",
      "lastModifiedByName": "Edsel Lita",
      "lastModifiedDate": "2022-07-12T01:12:26.000Z",
      "type": "Role"
    },
    {
      "createdById": "0055i000004FDQ6AAO",
      "createdByName": "Edsel Lita",
      "createdDate": "1970-01-01T00:00:00.000Z",
      "fileName": "roles/VPNorthAmericanSales.role",
      "fullName": "VPNorthAmericanSales",
      "id": "00E5i000001lIgBEAU",
      "lastModifiedById": "0055i000004FDQ6AAO",
      "lastModifiedByName": "Edsel Lita",
      "lastModifiedDate": "2022-07-12T01:12:26.000Z",
      "type": "Role"
    },
    {
      "createdById": "0055i000004FDQ6AAO",
      "createdByName": "Edsel Lita",
      "createdDate": "1970-01-01T00:00:00.000Z",
      "fileName": "roles/SVPHumanResources.role",
      "fullName": "SVPHumanResources",
      "id": "00E5i000001lIgPEAU",
      "lastModifiedById": "0055i000004FDQ6AAO",
      "lastModifiedByName": "Edsel Lita",
      "lastModifiedDate": "2022-07-12T01:12:26.000Z",
      "type": "Role"
    },
    {
      "createdById": "0055i000004FDQ6AAO",
      "createdByName": "Edsel Lita",
      "createdDate": "1970-01-01T00:00:00.000Z",
      "fileName": "roles/COO.role",
      "fullName": "COO",
      "id": "00E5i000001lIgQEAU",
      "lastModifiedById": "0055i000004FDQ6AAO",
      "lastModifiedByName": "Edsel Lita",
      "lastModifiedDate": "2022-07-12T01:12:26.000Z",
      "type": "Role"
    },
    {
      "createdById": "0055i000004FDQ6AAO",
      "createdByName": "Edsel Lita",
      "createdDate": "1970-01-01T00:00:00.000Z",
      "fileName": "roles/CustomerSupportInternational.role",
      "fullName": "CustomerSupportInternational",
      "id": "00E5i000001lIgNEAU",
      "lastModifiedById": "0055i000004FDQ6AAO",
      "lastModifiedByName": "Edsel Lita",
      "lastModifiedDate": "2022-07-12T01:12:26.000Z",
      "type": "Role"
    },
    {
      "createdById": "0055i000004FDQ6AAO",
      "createdByName": "Edsel Lita",
      "createdDate": "1970-01-01T00:00:00.000Z",
      "fileName": "roles/DirectorDirectSales.role",
      "fullName": "DirectorDirectSales",
      "id": "00E5i000001lIgCEAU",
      "lastModifiedById": "0055i000004FDQ6AAO",
      "lastModifiedByName": "Edsel Lita",
      "lastModifiedDate": "2022-07-12T01:12:26.000Z",
      "type": "Role"
    },
    {
      "createdById": "0055i000004FDQ6AAO",
      "createdByName": "Edsel Lita",
      "createdDate": "1970-01-01T00:00:00.000Z",
      "fileName": "roles/VPMarketing.role",
      "fullName": "VPMarketing",
      "id": "00E5i000001lIgDEAU",
      "lastModifiedById": "0055i000004FDQ6AAO",
      "lastModifiedByName": "Edsel Lita",
      "lastModifiedDate": "2022-07-12T01:12:26.000Z",
      "type": "Role"
    },
    {
      "createdById": "0055i000004FDQ6AAO",
      "createdByName": "Edsel Lita",
      "createdDate": "1970-01-01T00:00:00.000Z",
      "fileName": "roles/CFO.role",
      "fullName": "CFO",
      "id": "00E5i000001lIgGEAU",
      "lastModifiedById": "0055i000004FDQ6AAO",
      "lastModifiedByName": "Edsel Lita",
      "lastModifiedDate": "2022-07-12T01:12:26.000Z",
      "type": "Role"
    },
    {
      "createdById": "0055i000004FDQ6AAO",
      "createdByName": "Edsel Lita",
      "createdDate": "1970-01-01T00:00:00.000Z",
      "fileName": "roles/VPInternationalSales.role",
      "fullName": "VPInternationalSales",
      "id": "00E5i000001lIgOEAU",
      "lastModifiedById": "0055i000004FDQ6AAO",
      "lastModifiedByName": "Edsel Lita",
      "lastModifiedDate": "2022-07-12T01:12:26.000Z",
      "type": "Role"
    },
    {
      "createdById": "0055i000004FDQ6AAO",
      "createdByName": "Edsel Lita",
      "createdDate": "1970-01-01T00:00:00.000Z",
      "fileName": "roles/SVPCustomerServiceSupport.role",
      "fullName": "SVPCustomerServiceSupport",
      "id": "00E5i000001lIgEEAU",
      "lastModifiedById": "0055i000004FDQ6AAO",
      "lastModifiedByName": "Edsel Lita",
      "lastModifiedDate": "2022-07-12T01:12:26.000Z",
      "type": "Role"
    },
    {
      "createdById": "0055i000004FDQ6AAO",
      "createdByName": "Edsel Lita",
      "createdDate": "1970-01-01T00:00:00.000Z",
      "fileName": "roles/SVPSalesMarketing.role",
      "fullName": "SVPSalesMarketing",
      "id": "00E5i000001lIgAEAU",
      "lastModifiedById": "0055i000004FDQ6AAO",
      "lastModifiedByName": "Edsel Lita",
      "lastModifiedDate": "2022-07-12T01:12:26.000Z",
      "type": "Role"
    },
    {
      "createdById": "0055i000004FDQ6AAO",
      "createdByName": "Edsel Lita",
      "createdDate": "1970-01-01T00:00:00.000Z",
      "fileName": "roles/WesternSalesTeam.role",
      "fullName": "WesternSalesTeam",
      "id": "00E5i000001lIgHEAU",
      "lastModifiedById": "0055i000004FDQ6AAO",
      "lastModifiedByName": "Edsel Lita",
      "lastModifiedDate": "2022-07-12T01:12:26.000Z",
      "type": "Role"
    },
    {
      "createdById": "0055i000004FDQ6AAO",
      "createdByName": "Edsel Lita",
      "createdDate": "1970-01-01T00:00:00.000Z",
      "fileName": "roles/ChannelSalesTeam.role",
      "fullName": "ChannelSalesTeam",
      "id": "00E5i000001lIgJEAU",
      "lastModifiedById": "0055i000004FDQ6AAO",
      "lastModifiedByName": "Edsel Lita",
      "lastModifiedDate": "2022-07-12T01:12:26.000Z",
      "type": "Role"
    },
    {
      "createdById": "0055i000004FDQ6AAO",
      "createdByName": "Edsel Lita",
      "createdDate": "1970-01-01T00:00:00.000Z",
      "fileName": "roles/CustomerSupportNorthAmerica.role",
      "fullName": "CustomerSupportNorthAmerica",
      "id": "00E5i000001lIgIEAU",
      "lastModifiedById": "0055i000004FDQ6AAO",
      "lastModifiedByName": "Edsel Lita",
      "lastModifiedDate": "2022-07-12T01:12:26.000Z",
      "type": "Role"
    },
    {
      "createdById": "0055i000004FDQ6AAO",
      "createdByName": "Edsel Lita",
      "createdDate": "1970-01-01T00:00:00.000Z",
      "fileName": "roles/InstallationRepairServices.role",
      "fullName": "InstallationRepairServices",
      "id": "00E5i000001lIgLEAU",
      "lastModifiedById": "0055i000004FDQ6AAO",
      "lastModifiedByName": "Edsel Lita",
      "lastModifiedDate": "2022-07-12T01:12:26.000Z",
      "type": "Role"
    },
    {
      "createdById": "0055i000004FDQ6AAO",
      "createdByName": "Edsel Lita",
      "createdDate": "1970-01-01T00:00:00.000Z",
      "fileName": "roles/MarketingTeam.role",
      "fullName": "MarketingTeam",
      "id": "00E5i000001lIgKEAU",
      "lastModifiedById": "0055i000004FDQ6AAO",
      "lastModifiedByName": "Edsel Lita",
      "lastModifiedDate": "2022-07-12T01:12:26.000Z",
      "type": "Role"
    },
    {
      "createdById": "0055i000004FDQ6AAO",
      "createdByName": "Edsel Lita",
      "createdDate": "1970-01-01T00:00:00.000Z",
      "fileName": "roles/DirectorChannelSales.role",
      "fullName": "DirectorChannelSales",
      "id": "00E5i000001lIgFEAU",
      "lastModifiedById": "0055i000004FDQ6AAO",
      "lastModifiedByName": "Edsel Lita",
      "lastModifiedDate": "2022-07-12T01:12:26.000Z",
      "type": "Role"
    },
    {
      "createdById": "0055i000004FDQ6AAO",
      "createdByName": "Edsel Lita",
      "createdDate": "1970-01-01T00:00:00.000Z",
      "fileName": "roles/CEO.role",
      "fullName": "CEO",
      "id": "00E5i000001lIg9EAE",
      "lastModifiedById": "0055i000004FDQ6AAO",
      "lastModifiedByName": "Edsel Lita",
      "lastModifiedDate": "2022-07-12T01:12:26.000Z",
      "type": "Role"
    }
  ]
}