<?xml version="1.0" encoding="UTF-8"?>
<AccountForecastSettings xmlns="http://soap.sforce.com/2006/04/metadata">
    <accountFilterId>00B5i00000F9zYz</accountFilterId>
    <accountForecastFormulas>
        <endingPeriod>24</endingPeriod>
        <formula>( OpportunityRevenue * 0.2+ SalesAgreementPlannedRevenue * 0.8+ CurrentOrdersRevenue * 0.5 ) * ( 1+ AccForecastPeriodMetric.AccountGrowthPercentage + AccForecastPeriodMetric.MarketGrowthPercentage ) - Expected_Return_Revenue__c</formula>
        <formulaType>REVENUE</formulaType>
        <startingPeriod>1</startingPeriod>
    </accountForecastFormulas>
    <accountForecastFormulas>
        <endingPeriod>24</endingPeriod>
        <formula>( OpportunityQuantity * 0.2+ SalesAgreementPlannedQuantity * 0.8+ CurrentOrdersQuantity * 0.5) * ( 1+ AccForecastPeriodMetric.AccountGrowthPercentage + AccForecastPeriodMetric.MarketGrowthPercentage ) - Expected_Return_Quantity__c</formula>
        <formulaType>QUANTITY</formulaType>
        <startingPeriod>1</startingPeriod>
    </accountForecastFormulas>
    <acctPrdctPrdFrcstVolCnt>1584</acctPrdctPrdFrcstVolCnt>
    <calculationFrequency>Monthly</calculationFrequency>
    <displayDuration>24</displayDuration>
    <displayedForecastMetrics>OpportunityQuantity,CurrentOrdersQuantity,SalesAgreementPlannedQuantity,PastOrdersQuantity,Expected_Return_Quantity__c</displayedForecastMetrics>
    <displayedRevenueMetrics>OpportunityRevenue,CurrentOrdersRevenue,SalesAgreementPlannedRevenue,Expected_Return_Revenue__c,Additional_Seasonal_Sales__c</displayedRevenueMetrics>
    <editableAtStartOfPeriod>true</editableAtStartOfPeriod>
    <editsAllowedFor>31</editsAllowedFor>
    <forecastFrequency>Monthly</forecastFrequency>
    <objectMapping>
        <inputObject>AccountProductPeriodForecast</inputObject>
        <mappingFields>
            <inputField>nitroMySpace__Expected_Return_Revenue__c</inputField>
            <outputField>nitroMySpace__Total_Expected_Return_Revenue__c</outputField>
        </mappingFields>
        <mappingFields>
            <inputField>nitroMySpace__Additional_Seasonal_Sales__c</inputField>
            <outputField>nitroMySpace__Total_Additional_Seasonal_Sales__c</outputField>
        </mappingFields>
        <mappingFields>
            <inputField>nitroMySpace__Expected_Return_Quantity__c</inputField>
            <outputField>nitroMySpace__Total_Expected_Return_Quantity__c</outputField>
        </mappingFields>
        <outputObject>AccountProductForecast</outputObject>
    </objectMapping>
    <opportunityItemScheduleEnabled>false</opportunityItemScheduleEnabled>
    <opportunityProbabilityEnabled>true</opportunityProbabilityEnabled>
    <productFilterId>00B5i00000F9zZ0</productFilterId>
    <recalculateAllFrcstCnt>0</recalculateAllFrcstCnt>
    <regenerateForecastCnt>0</regenerateForecastCnt>
    <salesAgreementFilterId>00B5i00000F9zZ1</salesAgreementFilterId>
    <startingPeriod>6</startingPeriod>
</AccountForecastSettings>
