{
  "status": 0,
  "result": [
    {
      "createdById": "0055i000004q5W8AAI",
      "createdByName": "Edsel Lita",
      "createdDate": "2022-07-22T10:01:23.000Z",
      "fileName": "triggers/TwoSalesEachBusinessTrigger.trigger",
      "fullName": "TwoSalesEachBusinessTrigger",
      "id": "01q5i000000p7qHAAQ",
      "lastModifiedById": "0055i000004q5W8AAI",
      "lastModifiedByName": "Edsel Lita",
      "lastModifiedDate": "2022-07-24T10:52:33.000Z",
      "manageableState": "unmanaged",
      "type": "ApexTrigger"
    },
    {
      "createdById": "0055i000004q5W8AAI",
      "createdByName": "Edsel Lita",
      "createdDate": "2022-07-22T08:53:02.000Z",
      "fileName": "triggers/FiveAcccountEachSalesTrigger.trigger",
      "fullName": "FiveAcccountEachSalesTrigger",
      "id": "01q5i000000p7pOAAQ",
      "lastModifiedById": "0055i000004q5W8AAI",
      "lastModifiedByName": "Edsel Lita",
      "lastModifiedDate": "2022-07-24T11:16:03.000Z",
      "manageableState": "unmanaged",
      "type": "ApexTrigger"
    },
    {
      "createdById": "0055i000004q5W8AAI",
      "createdByName": "Edsel Lita",
      "createdDate": "2022-07-24T12:32:49.000Z",
      "fileName": "triggers/TenAccountEachBusinessTrigger.trigger",
      "fullName": "TenAccountEachBusinessTrigger",
      "id": "01q5i000000p8GYAAY",
      "lastModifiedById": "0055i000004q5W8AAI",
      "lastModifiedByName": "Edsel Lita",
      "lastModifiedDate": "2022-07-24T13:22:51.000Z",
      "manageableState": "unmanaged",
      "type": "ApexTrigger"
    },
    {
      "createdById": "0055i000004q5W8AAI",
      "createdByName": "Edsel Lita",
      "createdDate": "2022-07-24T23:38:29.000Z",
      "fileName": "triggers/AddOneItemTrigger.trigger",
      "fullName": "AddOneItemTrigger",
      "id": "01q5i000000p8IZAAY",
      "lastModifiedById": "0055i000004q5W8AAI",
      "lastModifiedByName": "Edsel Lita",
      "lastModifiedDate": "2022-07-24T23:49:28.000Z",
      "manageableState": "unmanaged",
      "type": "ApexTrigger"
    }
  ]
}