{
  "status": 0,
  "result": [
    {
      "createdById": "0055i000004q5W8AAI",
      "createdByName": "Edsel Lita",
      "createdDate": "2022-07-24T22:41:29.000Z",
      "fileName": "classes/SetSalesforceLicenseToSalesUser.cls",
      "fullName": "SetSalesforceLicenseToSalesUser",
      "id": "01p5i00000E20nnAAB",
      "lastModifiedById": "0055i000004q5W8AAI",
      "lastModifiedByName": "Edsel Lita",
      "lastModifiedDate": "2022-07-24T23:07:32.000Z",
      "manageableState": "unmanaged",
      "type": "ApexClass"
    },
    {
      "createdById": "0055i000004q5W8AAI",
      "createdByName": "Edsel Lita",
      "createdDate": "2022-07-24T14:08:34.000Z",
      "fileName": "classes/makeOrderAppear.cls",
      "fullName": "makeOrderAppear",
      "id": "01p5i00000E1xlLAAR",
      "lastModifiedById": "0055i000004q5W8AAI",
      "lastModifiedByName": "Edsel Lita",
      "lastModifiedDate": "2022-07-24T22:40:35.000Z",
      "manageableState": "unmanaged",
      "type": "ApexClass"
    }
  ]
}