{
  "status": 0,
  "result": [
    {
      "createdById": "0055i000004q5W8AAI",
      "createdByName": "Edsel Lita",
      "createdDate": "2022-07-21T23:59:56.000Z",
      "fileName": "applications/standard__LightningBolt.app",
      "fullName": "standard__LightningBolt",
      "id": "02u5i000000ZLcdAAG",
      "lastModifiedById": "0055i000004q5W8AAI",
      "lastModifiedByName": "Edsel Lita",
      "lastModifiedDate": "2022-07-21T23:59:56.000Z",
      "manageableState": "unmanaged",
      "namespacePrefix": "standard",
      "type": "CustomApplication"
    },
    {
      "createdById": "0055i000004q5W8AAI",
      "createdByName": "Edsel Lita",
      "createdDate": "2022-07-21T23:57:20.000Z",
      "fileName": "applications/standard__Platform.app",
      "fullName": "standard__Platform",
      "id": "02u5i0000028LkTAAU",
      "lastModifiedById": "0055i000004q5W8AAI",
      "lastModifiedByName": "Edsel Lita",
      "lastModifiedDate": "2022-07-21T23:57:20.000Z",
      "manageableState": "unmanaged",
      "namespacePrefix": "standard",
      "type": "CustomApplication"
    },
    {
      "createdById": "0055i000004q5W8AAI",
      "createdByName": "Edsel Lita",
      "createdDate": "2022-07-21T23:57:20.000Z",
      "fileName": "applications/standard__LightningInstrumentation.app",
      "fullName": "standard__LightningInstrumentation",
      "id": "02u5i0000028LkmAAE",
      "lastModifiedById": "0055i000004q5W8AAI",
      "lastModifiedByName": "Edsel Lita",
      "lastModifiedDate": "2022-07-21T23:57:20.000Z",
      "manageableState": "unmanaged",
      "namespacePrefix": "standard",
      "type": "CustomApplication"
    },
    {
      "createdById": "0055i000004q5W8AAI",
      "createdByName": "Edsel Lita",
      "createdDate": "2022-07-21T23:57:20.000Z",
      "fileName": "applications/standard__Community.app",
      "fullName": "standard__Community",
      "id": "02u5i0000028LkbAAE",
      "lastModifiedById": "0055i000004q5W8AAI",
      "lastModifiedByName": "Edsel Lita",
      "lastModifiedDate": "2022-07-21T23:57:20.000Z",
      "manageableState": "unmanaged",
      "namespacePrefix": "standard",
      "type": "CustomApplication"
    },
    {
      "createdById": "0055i000004q5W8AAI",
      "createdByName": "Edsel Lita",
      "createdDate": "2022-07-21T23:57:20.000Z",
      "fileName": "applications/standard__LightningSalesConsole.app",
      "fullName": "standard__LightningSalesConsole",
      "id": "02u5i0000028LkjAAE",
      "lastModifiedById": "0055i000004q5W8AAI",
      "lastModifiedByName": "Edsel Lita",
      "lastModifiedDate": "2022-07-21T23:57:20.000Z",
      "manageableState": "unmanaged",
      "namespacePrefix": "standard",
      "type": "CustomApplication"
    },
    {
      "createdById": "0055i000004q5W8AAI",
      "createdByName": "Edsel Lita",
      "createdDate": "2022-07-21T23:57:20.000Z",
      "fileName": "applications/standard__AppLauncher.app",
      "fullName": "standard__AppLauncher",
      "id": "02u5i0000028LkaAAE",
      "lastModifiedById": "0055i000004q5W8AAI",
      "lastModifiedByName": "Edsel Lita",
      "lastModifiedDate": "2022-07-21T23:57:20.000Z",
      "manageableState": "unmanaged",
      "namespacePrefix": "standard",
      "type": "CustomApplication"
    },
    {
      "createdById": "0055i000004q5W8AAI",
      "createdByName": "Edsel Lita",
      "createdDate": "2022-07-21T23:57:20.000Z",
      "fileName": "applications/standard__DataManager.app",
      "fullName": "standard__DataManager",
      "id": "02u5i0000028LkRAAU",
      "lastModifiedById": "0055i000004q5W8AAI",
      "lastModifiedByName": "Edsel Lita",
      "lastModifiedDate": "2022-07-21T23:57:20.000Z",
      "manageableState": "unmanaged",
      "namespacePrefix": "standard",
      "type": "CustomApplication"
    },
    {
      "createdById": "0055i000004q5W8AAI",
      "createdByName": "Edsel Lita",
      "createdDate": "2022-07-21T23:57:20.000Z",
      "fileName": "applications/standard__Sites.app",
      "fullName": "standard__Sites",
      "id": "02u5i0000028LkcAAE",
      "lastModifiedById": "0055i000004q5W8AAI",
      "lastModifiedByName": "Edsel Lita",
      "lastModifiedDate": "2022-07-21T23:57:20.000Z",
      "manageableState": "unmanaged",
      "namespacePrefix": "standard",
      "type": "CustomApplication"
    },
    {
      "createdById": "0055i000004q5W8AAI",
      "createdByName": "Edsel Lita",
      "createdDate": "2022-07-21T23:57:20.000Z",
      "fileName": "applications/standard__SalesforceCMS.app",
      "fullName": "standard__SalesforceCMS",
      "id": "02u5i0000028LkSAAU",
      "lastModifiedById": "0055i000004q5W8AAI",
      "lastModifiedByName": "Edsel Lita",
      "lastModifiedDate": "2022-07-21T23:57:20.000Z",
      "manageableState": "unmanaged",
      "namespacePrefix": "standard",
      "type": "CustomApplication"
    },
    {
      "createdById": "0055i000004q5W8AAI",
      "createdByName": "Edsel Lita",
      "createdDate": "2022-07-22T03:51:01.000Z",
      "fileName": "applications/Order_Management_App.app",
      "fullName": "Order_Management_App",
      "id": "02u5i000000ZLluAAG",
      "lastModifiedById": "0055i000004q5W8AAI",
      "lastModifiedByName": "Edsel Lita",
      "lastModifiedDate": "2022-07-24T11:28:44.000Z",
      "manageableState": "unmanaged",
      "type": "CustomApplication"
    },
    {
      "createdById": "0055i000004q5W8AAI",
      "createdByName": "Edsel Lita",
      "createdDate": "2022-07-21T23:57:20.000Z",
      "fileName": "applications/standard__Chatter.app",
      "fullName": "standard__Chatter",
      "id": "02u5i0000028LkdAAE",
      "lastModifiedById": "0055i000004q5W8AAI",
      "lastModifiedByName": "Edsel Lita",
      "lastModifiedDate": "2022-07-21T23:57:20.000Z",
      "manageableState": "unmanaged",
      "namespacePrefix": "standard",
      "type": "CustomApplication"
    },
    {
      "createdById": "0055i000004q5W8AAI",
      "createdByName": "Edsel Lita",
      "createdDate": "2022-07-21T23:57:20.000Z",
      "fileName": "applications/standard__QueueManagement.app",
      "fullName": "standard__QueueManagement",
      "id": "02u5i0000028LkMAAU",
      "lastModifiedById": "0055i000004q5W8AAI",
      "lastModifiedByName": "Edsel Lita",
      "lastModifiedDate": "2022-07-21T23:57:20.000Z",
      "manageableState": "unmanaged",
      "namespacePrefix": "standard",
      "type": "CustomApplication"
    },
    {
      "createdById": "0055i000004q5W8AAI",
      "createdByName": "Edsel Lita",
      "createdDate": "2022-07-21T23:59:37.000Z",
      "fileName": "applications/standard__LightningScheduler.app",
      "fullName": "standard__LightningScheduler",
      "id": "02u5i000000ZLccAAG",
      "lastModifiedById": "0055i000004q5W8AAI",
      "lastModifiedByName": "Edsel Lita",
      "lastModifiedDate": "2022-07-21T23:59:37.000Z",
      "manageableState": "unmanaged",
      "namespacePrefix": "standard",
      "type": "CustomApplication"
    },
    {
      "createdById": "0055i000004q5W8AAI",
      "createdByName": "Edsel Lita",
      "createdDate": "2022-07-21T23:57:20.000Z",
      "fileName": "applications/standard__LightningSales.app",
      "fullName": "standard__LightningSales",
      "id": "02u5i0000028LkkAAE",
      "lastModifiedById": "0055i000004q5W8AAI",
      "lastModifiedByName": "Edsel Lita",
      "lastModifiedDate": "2022-07-21T23:57:20.000Z",
      "manageableState": "unmanaged",
      "namespacePrefix": "standard",
      "type": "CustomApplication"
    },
    {
      "createdById": "0055i000004q5W8AAI",
      "createdByName": "Edsel Lita",
      "createdDate": "2022-07-21T23:57:20.000Z",
      "fileName": "applications/standard__Content.app",
      "fullName": "standard__Content",
      "id": "02u5i0000028LkIAAU",
      "lastModifiedById": "0055i000004q5W8AAI",
      "lastModifiedByName": "Edsel Lita",
      "lastModifiedDate": "2022-07-21T23:57:20.000Z",
      "manageableState": "unmanaged",
      "namespacePrefix": "standard",
      "type": "CustomApplication"
    },
    {
      "createdById": "0055i000004q5W8AAI",
      "createdByName": "Edsel Lita",
      "createdDate": "2022-07-21T23:57:20.000Z",
      "fileName": "applications/standard__Service.app",
      "fullName": "standard__Service",
      "id": "02u5i0000028LkUAAU",
      "lastModifiedById": "0055i000004q5W8AAI",
      "lastModifiedByName": "Edsel Lita",
      "lastModifiedDate": "2022-07-21T23:57:20.000Z",
      "manageableState": "unmanaged",
      "namespacePrefix": "standard",
      "type": "CustomApplication"
    },
    {
      "createdById": "0055i000004q5W8AAI",
      "createdByName": "Edsel Lita",
      "createdDate": "2022-07-21T23:57:20.000Z",
      "fileName": "applications/standard__LightningService.app",
      "fullName": "standard__LightningService",
      "id": "02u5i0000028LkiAAE",
      "lastModifiedById": "0055i000004q5W8AAI",
      "lastModifiedByName": "Edsel Lita",
      "lastModifiedDate": "2022-07-21T23:57:20.000Z",
      "manageableState": "unmanaged",
      "namespacePrefix": "standard",
      "type": "CustomApplication"
    },
    {
      "createdById": "0055i000004q5W8AAI",
      "createdByName": "Edsel Lita",
      "createdDate": "2022-07-21T23:57:20.000Z",
      "fileName": "applications/standard__Marketing.app",
      "fullName": "standard__Marketing",
      "id": "02u5i0000028LkVAAU",
      "lastModifiedById": "0055i000004q5W8AAI",
      "lastModifiedByName": "Edsel Lita",
      "lastModifiedDate": "2022-07-21T23:57:20.000Z",
      "manageableState": "unmanaged",
      "namespacePrefix": "standard",
      "type": "CustomApplication"
    },
    {
      "createdById": "0055i000004q5W8AAI",
      "createdByName": "Edsel Lita",
      "createdDate": "2022-07-21T23:57:20.000Z",
      "fileName": "applications/standard__AllTabSet.app",
      "fullName": "standard__AllTabSet",
      "id": "02u5i0000028LkOAAU",
      "lastModifiedById": "0055i000004q5W8AAI",
      "lastModifiedByName": "Edsel Lita",
      "lastModifiedDate": "2022-07-21T23:57:20.000Z",
      "manageableState": "unmanaged",
      "namespacePrefix": "standard",
      "type": "CustomApplication"
    },
    {
      "createdById": "0055i000004q5W8AAI",
      "createdByName": "Edsel Lita",
      "createdDate": "2022-07-21T23:57:20.000Z",
      "fileName": "applications/standard__ServiceConsole.app",
      "fullName": "standard__ServiceConsole",
      "id": "02u5i0000028LkWAAU",
      "lastModifiedById": "0055i000004q5W8AAI",
      "lastModifiedByName": "Edsel Lita",
      "lastModifiedDate": "2022-07-21T23:57:20.000Z",
      "manageableState": "unmanaged",
      "namespacePrefix": "standard",
      "type": "CustomApplication"
    },
    {
      "createdById": "0055i000004q5W8AAI",
      "createdByName": "Edsel Lita",
      "createdDate": "2022-07-21T23:57:20.000Z",
      "fileName": "applications/standard__Insights.app",
      "fullName": "standard__Insights",
      "id": "02u5i0000028LklAAE",
      "lastModifiedById": "0055i000004q5W8AAI",
      "lastModifiedByName": "Edsel Lita",
      "lastModifiedDate": "2022-07-21T23:57:20.000Z",
      "manageableState": "unmanaged",
      "namespacePrefix": "standard",
      "type": "CustomApplication"
    },
    {
      "createdById": "0055i000004q5W8AAI",
      "createdByName": "Edsel Lita",
      "createdDate": "2022-07-21T23:57:20.000Z",
      "fileName": "applications/standard__Sales.app",
      "fullName": "standard__Sales",
      "id": "02u5i0000028LkJAAU",
      "lastModifiedById": "0055i000004q5W8AAI",
      "lastModifiedByName": "Edsel Lita",
      "lastModifiedDate": "2022-07-21T23:57:20.000Z",
      "manageableState": "unmanaged",
      "namespacePrefix": "standard",
      "type": "CustomApplication"
    }
  ]
}