{
  "status": 0,
  "result": [
    {
      "createdById": "0055i000004q5W8AAI",
      "createdByName": "Edsel Lita",
      "createdDate": "2022-07-22T04:10:11.000Z",
      "fileName": "tabs/Product_Invoice__c.tab",
      "fullName": "Product_Invoice__c",
      "id": "01r5i000000xYxLAAU",
      "lastModifiedById": "0055i000004q5W8AAI",
      "lastModifiedByName": "Edsel Lita",
      "lastModifiedDate": "2022-07-22T04:10:11.000Z",
      "manageableState": "unmanaged",
      "type": "CustomTab"
    },
    {
      "createdById": "0055i000004q5W8AAI",
      "createdByName": "Edsel Lita",
      "createdDate": "2022-07-22T04:05:55.000Z",
      "fileName": "tabs/Invoice__c.tab",
      "fullName": "Invoice__c",
      "id": "01r5i000000xYxBAAU",
      "lastModifiedById": "0055i000004q5W8AAI",
      "lastModifiedByName": "Edsel Lita",
      "lastModifiedDate": "2022-07-22T04:05:55.000Z",
      "manageableState": "unmanaged",
      "type": "CustomTab"
    }
  ]
}