{
  "status": 0,
  "result": [
    {
      "aggregatable": true,
      "aiPredictionField": false,
      "autoNumber": false,
      "byteLength": 18,
      "calculated": false,
      "calculatedFormula": null,
      "cascadeDelete": false,
      "caseSensitive": false,
      "compoundFieldName": null,
      "controllerName": null,
      "createable": false,
      "custom": false,
      "defaultValue": null,
      "defaultValueFormula": null,
      "defaultedOnCreate": true,
      "dependentPicklist": false,
      "deprecatedAndHidden": false,
      "digits": 0,
      "displayLocationInDecimal": false,
      "encrypted": false,
      "externalId": false,
      "extraTypeInfo": null,
      "filterable": true,
      "filteredLookupInfo": null,
      "formulaTreatNullNumberAsZero": false,
      "groupable": true,
      "highScaleNumber": false,
      "htmlFormatted": false,
      "idLookup": true,
      "inlineHelpText": null,
      "label": "Order ID",
      "length": 18,
      "mask": null,
      "maskType": null,
      "name": "Id",
      "nameField": false,
      "namePointing": false,
      "nillable": false,
      "permissionable": false,
      "picklistValues": [],
      "polymorphicForeignKey": false,
      "precision": 0,
      "queryByDistance": false,
      "referenceTargetField": null,
      "referenceTo": [],
      "relationshipName": null,
      "relationshipOrder": null,
      "restrictedDelete": false,
      "restrictedPicklist": false,
      "scale": 0,
      "searchPrefilterable": false,
      "soapType": "tns:ID",
      "sortable": true,
      "type": "id",
      "unique": false,
      "updateable": false,
      "writeRequiresMasterRead": false
    },
    {
      "aggregatable": true,
      "aiPredictionField": false,
      "autoNumber": false,
      "byteLength": 18,
      "calculated": false,
      "calculatedFormula": null,
      "cascadeDelete": false,
      "caseSensitive": false,
      "compoundFieldName": null,
      "controllerName": null,
      "createable": true,
      "custom": false,
      "defaultValue": null,
      "defaultValueFormula": null,
      "defaultedOnCreate": true,
      "dependentPicklist": false,
      "deprecatedAndHidden": false,
      "digits": 0,
      "displayLocationInDecimal": false,
      "encrypted": false,
      "externalId": false,
      "extraTypeInfo": null,
      "filterable": true,
      "filteredLookupInfo": null,
      "formulaTreatNullNumberAsZero": false,
      "groupable": true,
      "highScaleNumber": false,
      "htmlFormatted": false,
      "idLookup": false,
      "inlineHelpText": null,
      "label": "Owner ID",
      "length": 18,
      "mask": null,
      "maskType": null,
      "name": "OwnerId",
      "nameField": false,
      "namePointing": true,
      "nillable": false,
      "permissionable": false,
      "picklistValues": [],
      "polymorphicForeignKey": true,
      "precision": 0,
      "queryByDistance": false,
      "referenceTargetField": null,
      "referenceTo": [
        "Group",
        "User"
      ],
      "relationshipName": "Owner",
      "relationshipOrder": null,
      "restrictedDelete": false,
      "restrictedPicklist": false,
      "scale": 0,
      "searchPrefilterable": false,
      "soapType": "tns:ID",
      "sortable": true,
      "type": "reference",
      "unique": false,
      "updateable": true,
      "writeRequiresMasterRead": false
    },
    {
      "aggregatable": true,
      "aiPredictionField": false,
      "autoNumber": false,
      "byteLength": 18,
      "calculated": false,
      "calculatedFormula": null,
      "cascadeDelete": false,
      "caseSensitive": false,
      "compoundFieldName": null,
      "controllerName": null,
      "createable": true,
      "custom": false,
      "defaultValue": null,
      "defaultValueFormula": null,
      "defaultedOnCreate": false,
      "dependentPicklist": false,
      "deprecatedAndHidden": false,
      "digits": 0,
      "displayLocationInDecimal": false,
      "encrypted": false,
      "externalId": false,
      "extraTypeInfo": null,
      "filterable": true,
      "filteredLookupInfo": null,
      "formulaTreatNullNumberAsZero": false,
      "groupable": true,
      "highScaleNumber": false,
      "htmlFormatted": false,
      "idLookup": false,
      "inlineHelpText": null,
      "label": "Contract ID",
      "length": 18,
      "mask": null,
      "maskType": null,
      "name": "ContractId",
      "nameField": false,
      "namePointing": false,
      "nillable": true,
      "permissionable": false,
      "picklistValues": [],
      "polymorphicForeignKey": false,
      "precision": 0,
      "queryByDistance": false,
      "referenceTargetField": null,
      "referenceTo": [
        "Contract"
      ],
      "relationshipName": "Contract",
      "relationshipOrder": null,
      "restrictedDelete": false,
      "restrictedPicklist": false,
      "scale": 0,
      "searchPrefilterable": true,
      "soapType": "tns:ID",
      "sortable": true,
      "type": "reference",
      "unique": false,
      "updateable": true,
      "writeRequiresMasterRead": false
    },
    {
      "aggregatable": true,
      "aiPredictionField": false,
      "autoNumber": false,
      "byteLength": 18,
      "calculated": false,
      "calculatedFormula": null,
      "cascadeDelete": false,
      "caseSensitive": false,
      "compoundFieldName": null,
      "controllerName": null,
      "createable": true,
      "custom": false,
      "defaultValue": null,
      "defaultValueFormula": null,
      "defaultedOnCreate": false,
      "dependentPicklist": false,
      "deprecatedAndHidden": false,
      "digits": 0,
      "displayLocationInDecimal": false,
      "encrypted": false,
      "externalId": false,
      "extraTypeInfo": null,
      "filterable": true,
      "filteredLookupInfo": null,
      "formulaTreatNullNumberAsZero": false,
      "groupable": true,
      "highScaleNumber": false,
      "htmlFormatted": false,
      "idLookup": false,
      "inlineHelpText": null,
      "label": "Account ID",
      "length": 18,
      "mask": null,
      "maskType": null,
      "name": "AccountId",
      "nameField": false,
      "namePointing": false,
      "nillable": true,
      "permissionable": false,
      "picklistValues": [],
      "polymorphicForeignKey": false,
      "precision": 0,
      "queryByDistance": false,
      "referenceTargetField": null,
      "referenceTo": [
        "Account"
      ],
      "relationshipName": "Account",
      "relationshipOrder": null,
      "restrictedDelete": false,
      "restrictedPicklist": false,
      "scale": 0,
      "searchPrefilterable": true,
      "soapType": "tns:ID",
      "sortable": true,
      "type": "reference",
      "unique": false,
      "updateable": true,
      "writeRequiresMasterRead": false
    },
    {
      "aggregatable": true,
      "aiPredictionField": false,
      "autoNumber": false,
      "byteLength": 18,
      "calculated": false,
      "calculatedFormula": null,
      "cascadeDelete": false,
      "caseSensitive": false,
      "compoundFieldName": null,
      "controllerName": null,
      "createable": true,
      "custom": false,
      "defaultValue": null,
      "defaultValueFormula": null,
      "defaultedOnCreate": true,
      "dependentPicklist": false,
      "deprecatedAndHidden": false,
      "digits": 0,
      "displayLocationInDecimal": false,
      "encrypted": false,
      "externalId": false,
      "extraTypeInfo": null,
      "filterable": true,
      "filteredLookupInfo": null,
      "formulaTreatNullNumberAsZero": false,
      "groupable": true,
      "highScaleNumber": false,
      "htmlFormatted": false,
      "idLookup": false,
      "inlineHelpText": null,
      "label": "Price Book ID",
      "length": 18,
      "mask": null,
      "maskType": null,
      "name": "Pricebook2Id",
      "nameField": false,
      "namePointing": false,
      "nillable": true,
      "permissionable": false,
      "picklistValues": [],
      "polymorphicForeignKey": false,
      "precision": 0,
      "queryByDistance": false,
      "referenceTargetField": null,
      "referenceTo": [
        "Pricebook2"
      ],
      "relationshipName": "Pricebook2",
      "relationshipOrder": null,
      "restrictedDelete": false,
      "restrictedPicklist": false,
      "scale": 0,
      "searchPrefilterable": true,
      "soapType": "tns:ID",
      "sortable": true,
      "type": "reference",
      "unique": false,
      "updateable": true,
      "writeRequiresMasterRead": false
    },
    {
      "aggregatable": true,
      "aiPredictionField": false,
      "autoNumber": false,
      "byteLength": 18,
      "calculated": false,
      "calculatedFormula": null,
      "cascadeDelete": false,
      "caseSensitive": false,
      "compoundFieldName": null,
      "controllerName": null,
      "createable": true,
      "custom": false,
      "defaultValue": null,
      "defaultValueFormula": null,
      "defaultedOnCreate": true,
      "dependentPicklist": false,
      "deprecatedAndHidden": false,
      "digits": 0,
      "displayLocationInDecimal": false,
      "encrypted": false,
      "externalId": false,
      "extraTypeInfo": null,
      "filterable": true,
      "filteredLookupInfo": null,
      "formulaTreatNullNumberAsZero": false,
      "groupable": true,
      "highScaleNumber": false,
      "htmlFormatted": false,
      "idLookup": false,
      "inlineHelpText": null,
      "label": "Order ID",
      "length": 18,
      "mask": null,
      "maskType": null,
      "name": "OriginalOrderId",
      "nameField": false,
      "namePointing": false,
      "nillable": true,
      "permissionable": false,
      "picklistValues": [],
      "polymorphicForeignKey": false,
      "precision": 0,
      "queryByDistance": false,
      "referenceTargetField": null,
      "referenceTo": [
        "Order"
      ],
      "relationshipName": "OriginalOrder",
      "relationshipOrder": null,
      "restrictedDelete": false,
      "restrictedPicklist": false,
      "scale": 0,
      "searchPrefilterable": true,
      "soapType": "tns:ID",
      "sortable": true,
      "type": "reference",
      "unique": false,
      "updateable": false,
      "writeRequiresMasterRead": false
    },
    {
      "aggregatable": true,
      "aiPredictionField": false,
      "autoNumber": false,
      "byteLength": 0,
      "calculated": false,
      "calculatedFormula": null,
      "cascadeDelete": false,
      "caseSensitive": false,
      "compoundFieldName": null,
      "controllerName": null,
      "createable": true,
      "custom": false,
      "defaultValue": null,
      "defaultValueFormula": null,
      "defaultedOnCreate": false,
      "dependentPicklist": false,
      "deprecatedAndHidden": false,
      "digits": 0,
      "displayLocationInDecimal": false,
      "encrypted": false,
      "externalId": false,
      "extraTypeInfo": null,
      "filterable": true,
      "filteredLookupInfo": null,
      "formulaTreatNullNumberAsZero": false,
      "groupable": true,
      "highScaleNumber": false,
      "htmlFormatted": false,
      "idLookup": false,
      "inlineHelpText": null,
      "label": "Order Start Date",
      "length": 0,
      "mask": null,
      "maskType": null,
      "name": "EffectiveDate",
      "nameField": false,
      "namePointing": false,
      "nillable": false,
      "permissionable": false,
      "picklistValues": [],
      "polymorphicForeignKey": false,
      "precision": 0,
      "queryByDistance": false,
      "referenceTargetField": null,
      "referenceTo": [],
      "relationshipName": null,
      "relationshipOrder": null,
      "restrictedDelete": false,
      "restrictedPicklist": false,
      "scale": 0,
      "searchPrefilterable": false,
      "soapType": "xsd:date",
      "sortable": true,
      "type": "date",
      "unique": false,
      "updateable": true,
      "writeRequiresMasterRead": false
    },
    {
      "aggregatable": true,
      "aiPredictionField": false,
      "autoNumber": false,
      "byteLength": 0,
      "calculated": false,
      "calculatedFormula": null,
      "cascadeDelete": false,
      "caseSensitive": false,
      "compoundFieldName": null,
      "controllerName": null,
      "createable": true,
      "custom": false,
      "defaultValue": null,
      "defaultValueFormula": null,
      "defaultedOnCreate": false,
      "dependentPicklist": false,
      "deprecatedAndHidden": false,
      "digits": 0,
      "displayLocationInDecimal": false,
      "encrypted": false,
      "externalId": false,
      "extraTypeInfo": null,
      "filterable": true,
      "filteredLookupInfo": null,
      "formulaTreatNullNumberAsZero": false,
      "groupable": true,
      "highScaleNumber": false,
      "htmlFormatted": false,
      "idLookup": false,
      "inlineHelpText": null,
      "label": "Order End Date",
      "length": 0,
      "mask": null,
      "maskType": null,
      "name": "EndDate",
      "nameField": false,
      "namePointing": false,
      "nillable": true,
      "permissionable": false,
      "picklistValues": [],
      "polymorphicForeignKey": false,
      "precision": 0,
      "queryByDistance": false,
      "referenceTargetField": null,
      "referenceTo": [],
      "relationshipName": null,
      "relationshipOrder": null,
      "restrictedDelete": false,
      "restrictedPicklist": false,
      "scale": 0,
      "searchPrefilterable": false,
      "soapType": "xsd:date",
      "sortable": true,
      "type": "date",
      "unique": false,
      "updateable": true,
      "writeRequiresMasterRead": false
    },
    {
      "aggregatable": false,
      "aiPredictionField": false,
      "autoNumber": false,
      "byteLength": 0,
      "calculated": false,
      "calculatedFormula": null,
      "cascadeDelete": false,
      "caseSensitive": false,
      "compoundFieldName": null,
      "controllerName": null,
      "createable": true,
      "custom": false,
      "defaultValue": false,
      "defaultValueFormula": null,
      "defaultedOnCreate": true,
      "dependentPicklist": false,
      "deprecatedAndHidden": false,
      "digits": 0,
      "displayLocationInDecimal": false,
      "encrypted": false,
      "externalId": false,
      "extraTypeInfo": null,
      "filterable": true,
      "filteredLookupInfo": null,
      "formulaTreatNullNumberAsZero": false,
      "groupable": true,
      "highScaleNumber": false,
      "htmlFormatted": false,
      "idLookup": false,
      "inlineHelpText": null,
      "label": "Reduction Order",
      "length": 0,
      "mask": null,
      "maskType": null,
      "name": "IsReductionOrder",
      "nameField": false,
      "namePointing": false,
      "nillable": false,
      "permissionable": false,
      "picklistValues": [],
      "polymorphicForeignKey": false,
      "precision": 0,
      "queryByDistance": false,
      "referenceTargetField": null,
      "referenceTo": [],
      "relationshipName": null,
      "relationshipOrder": null,
      "restrictedDelete": false,
      "restrictedPicklist": false,
      "scale": 0,
      "searchPrefilterable": false,
      "soapType": "xsd:boolean",
      "sortable": true,
      "type": "boolean",
      "unique": false,
      "updateable": false,
      "writeRequiresMasterRead": false
    },
    {
      "aggregatable": true,
      "aiPredictionField": false,
      "autoNumber": false,
      "byteLength": 300,
      "calculated": false,
      "calculatedFormula": null,
      "cascadeDelete": false,
      "caseSensitive": false,
      "compoundFieldName": null,
      "controllerName": null,
      "createable": true,
      "custom": false,
      "defaultValue": null,
      "defaultValueFormula": null,
      "defaultedOnCreate": false,
      "dependentPicklist": false,
      "deprecatedAndHidden": false,
      "digits": 0,
      "displayLocationInDecimal": false,
      "encrypted": false,
      "externalId": false,
      "extraTypeInfo": null,
      "filterable": true,
      "filteredLookupInfo": null,
      "formulaTreatNullNumberAsZero": false,
      "groupable": true,
      "highScaleNumber": false,
      "htmlFormatted": false,
      "idLookup": false,
      "inlineHelpText": null,
      "label": "Status",
      "length": 100,
      "mask": null,
      "maskType": null,
      "name": "Status",
      "nameField": false,
      "namePointing": false,
      "nillable": false,
      "permissionable": false,
      "picklistValues": [
        {
          "active": true,
          "defaultValue": false,
          "label": "Draft",
          "validFor": null,
          "value": "Draft"
        },
        {
          "active": true,
          "defaultValue": false,
          "label": "Activated",
          "validFor": null,
          "value": "Activated"
        }
      ],
      "polymorphicForeignKey": false,
      "precision": 0,
      "queryByDistance": false,
      "referenceTargetField": null,
      "referenceTo": [],
      "relationshipName": null,
      "relationshipOrder": null,
      "restrictedDelete": false,
      "restrictedPicklist": true,
      "scale": 0,
      "searchPrefilterable": false,
      "soapType": "xsd:string",
      "sortable": true,
      "type": "picklist",
      "unique": false,
      "updateable": true,
      "writeRequiresMasterRead": false
    },
    {
      "aggregatable": false,
      "aiPredictionField": false,
      "autoNumber": false,
      "byteLength": 96000,
      "calculated": false,
      "calculatedFormula": null,
      "cascadeDelete": false,
      "caseSensitive": false,
      "compoundFieldName": null,
      "controllerName": null,
      "createable": true,
      "custom": false,
      "defaultValue": null,
      "defaultValueFormula": null,
      "defaultedOnCreate": false,
      "dependentPicklist": false,
      "deprecatedAndHidden": false,
      "digits": 0,
      "displayLocationInDecimal": false,
      "encrypted": false,
      "externalId": false,
      "extraTypeInfo": "plaintextarea",
      "filterable": false,
      "filteredLookupInfo": null,
      "formulaTreatNullNumberAsZero": false,
      "groupable": false,
      "highScaleNumber": false,
      "htmlFormatted": false,
      "idLookup": false,
      "inlineHelpText": null,
      "label": "Description",
      "length": 32000,
      "mask": null,
      "maskType": null,
      "name": "Description",
      "nameField": false,
      "namePointing": false,
      "nillable": true,
      "permissionable": true,
      "picklistValues": [],
      "polymorphicForeignKey": false,
      "precision": 0,
      "queryByDistance": false,
      "referenceTargetField": null,
      "referenceTo": [],
      "relationshipName": null,
      "relationshipOrder": null,
      "restrictedDelete": false,
      "restrictedPicklist": false,
      "scale": 0,
      "searchPrefilterable": false,
      "soapType": "xsd:string",
      "sortable": false,
      "type": "textarea",
      "unique": false,
      "updateable": true,
      "writeRequiresMasterRead": false
    },
    {
      "aggregatable": true,
      "aiPredictionField": false,
      "autoNumber": false,
      "byteLength": 18,
      "calculated": false,
      "calculatedFormula": null,
      "cascadeDelete": false,
      "caseSensitive": false,
      "compoundFieldName": null,
      "controllerName": null,
      "createable": true,
      "custom": false,
      "defaultValue": null,
      "defaultValueFormula": null,
      "defaultedOnCreate": false,
      "dependentPicklist": false,
      "deprecatedAndHidden": false,
      "digits": 0,
      "displayLocationInDecimal": false,
      "encrypted": false,
      "externalId": false,
      "extraTypeInfo": null,
      "filterable": true,
      "filteredLookupInfo": null,
      "formulaTreatNullNumberAsZero": false,
      "groupable": true,
      "highScaleNumber": false,
      "htmlFormatted": false,
      "idLookup": false,
      "inlineHelpText": null,
      "label": "Customer Authorized By ID",
      "length": 18,
      "mask": null,
      "maskType": null,
      "name": "CustomerAuthorizedById",
      "nameField": false,
      "namePointing": false,
      "nillable": true,
      "permissionable": true,
      "picklistValues": [],
      "polymorphicForeignKey": false,
      "precision": 0,
      "queryByDistance": false,
      "referenceTargetField": null,
      "referenceTo": [
        "Contact"
      ],
      "relationshipName": "CustomerAuthorizedBy",
      "relationshipOrder": null,
      "restrictedDelete": false,
      "restrictedPicklist": false,
      "scale": 0,
      "searchPrefilterable": true,
      "soapType": "tns:ID",
      "sortable": true,
      "type": "reference",
      "unique": false,
      "updateable": true,
      "writeRequiresMasterRead": false
    },
    {
      "aggregatable": true,
      "aiPredictionField": false,
      "autoNumber": false,
      "byteLength": 0,
      "calculated": false,
      "calculatedFormula": null,
      "cascadeDelete": false,
      "caseSensitive": false,
      "compoundFieldName": null,
      "controllerName": null,
      "createable": true,
      "custom": false,
      "defaultValue": null,
      "defaultValueFormula": null,
      "defaultedOnCreate": false,
      "dependentPicklist": false,
      "deprecatedAndHidden": false,
      "digits": 0,
      "displayLocationInDecimal": false,
      "encrypted": false,
      "externalId": false,
      "extraTypeInfo": null,
      "filterable": true,
      "filteredLookupInfo": null,
      "formulaTreatNullNumberAsZero": false,
      "groupable": true,
      "highScaleNumber": false,
      "htmlFormatted": false,
      "idLookup": false,
      "inlineHelpText": null,
      "label": "Customer Authorized Date",
      "length": 0,
      "mask": null,
      "maskType": null,
      "name": "CustomerAuthorizedDate",
      "nameField": false,
      "namePointing": false,
      "nillable": true,
      "permissionable": true,
      "picklistValues": [],
      "polymorphicForeignKey": false,
      "precision": 0,
      "queryByDistance": false,
      "referenceTargetField": null,
      "referenceTo": [],
      "relationshipName": null,
      "relationshipOrder": null,
      "restrictedDelete": false,
      "restrictedPicklist": false,
      "scale": 0,
      "searchPrefilterable": false,
      "soapType": "xsd:date",
      "sortable": true,
      "type": "date",
      "unique": false,
      "updateable": true,
      "writeRequiresMasterRead": false
    },
    {
      "aggregatable": true,
      "aiPredictionField": false,
      "autoNumber": false,
      "byteLength": 18,
      "calculated": false,
      "calculatedFormula": null,
      "cascadeDelete": false,
      "caseSensitive": false,
      "compoundFieldName": null,
      "controllerName": null,
      "createable": true,
      "custom": false,
      "defaultValue": null,
      "defaultValueFormula": null,
      "defaultedOnCreate": false,
      "dependentPicklist": false,
      "deprecatedAndHidden": false,
      "digits": 0,
      "displayLocationInDecimal": false,
      "encrypted": false,
      "externalId": false,
      "extraTypeInfo": null,
      "filterable": true,
      "filteredLookupInfo": null,
      "formulaTreatNullNumberAsZero": false,
      "groupable": true,
      "highScaleNumber": false,
      "htmlFormatted": false,
      "idLookup": false,
      "inlineHelpText": null,
      "label": "Company Authorized By ID",
      "length": 18,
      "mask": null,
      "maskType": null,
      "name": "CompanyAuthorizedById",
      "nameField": false,
      "namePointing": false,
      "nillable": true,
      "permissionable": true,
      "picklistValues": [],
      "polymorphicForeignKey": false,
      "precision": 0,
      "queryByDistance": false,
      "referenceTargetField": null,
      "referenceTo": [
        "User"
      ],
      "relationshipName": "CompanyAuthorizedBy",
      "relationshipOrder": null,
      "restrictedDelete": false,
      "restrictedPicklist": false,
      "scale": 0,
      "searchPrefilterable": true,
      "soapType": "tns:ID",
      "sortable": true,
      "type": "reference",
      "unique": false,
      "updateable": true,
      "writeRequiresMasterRead": false
    },
    {
      "aggregatable": true,
      "aiPredictionField": false,
      "autoNumber": false,
      "byteLength": 0,
      "calculated": false,
      "calculatedFormula": null,
      "cascadeDelete": false,
      "caseSensitive": false,
      "compoundFieldName": null,
      "controllerName": null,
      "createable": true,
      "custom": false,
      "defaultValue": null,
      "defaultValueFormula": null,
      "defaultedOnCreate": false,
      "dependentPicklist": false,
      "deprecatedAndHidden": false,
      "digits": 0,
      "displayLocationInDecimal": false,
      "encrypted": false,
      "externalId": false,
      "extraTypeInfo": null,
      "filterable": true,
      "filteredLookupInfo": null,
      "formulaTreatNullNumberAsZero": false,
      "groupable": true,
      "highScaleNumber": false,
      "htmlFormatted": false,
      "idLookup": false,
      "inlineHelpText": null,
      "label": "Company Authorized Date",
      "length": 0,
      "mask": null,
      "maskType": null,
      "name": "CompanyAuthorizedDate",
      "nameField": false,
      "namePointing": false,
      "nillable": true,
      "permissionable": true,
      "picklistValues": [],
      "polymorphicForeignKey": false,
      "precision": 0,
      "queryByDistance": false,
      "referenceTargetField": null,
      "referenceTo": [],
      "relationshipName": null,
      "relationshipOrder": null,
      "restrictedDelete": false,
      "restrictedPicklist": false,
      "scale": 0,
      "searchPrefilterable": false,
      "soapType": "xsd:date",
      "sortable": true,
      "type": "date",
      "unique": false,
      "updateable": true,
      "writeRequiresMasterRead": false
    },
    {
      "aggregatable": true,
      "aiPredictionField": false,
      "autoNumber": false,
      "byteLength": 765,
      "calculated": false,
      "calculatedFormula": null,
      "cascadeDelete": false,
      "caseSensitive": false,
      "compoundFieldName": null,
      "controllerName": null,
      "createable": true,
      "custom": false,
      "defaultValue": null,
      "defaultValueFormula": null,
      "defaultedOnCreate": false,
      "dependentPicklist": false,
      "deprecatedAndHidden": false,
      "digits": 0,
      "displayLocationInDecimal": false,
      "encrypted": false,
      "externalId": false,
      "extraTypeInfo": null,
      "filterable": true,
      "filteredLookupInfo": null,
      "formulaTreatNullNumberAsZero": false,
      "groupable": true,
      "highScaleNumber": false,
      "htmlFormatted": false,
      "idLookup": false,
      "inlineHelpText": null,
      "label": "Order Type",
      "length": 255,
      "mask": null,
      "maskType": null,
      "name": "Type",
      "nameField": false,
      "namePointing": false,
      "nillable": true,
      "permissionable": true,
      "picklistValues": [],
      "polymorphicForeignKey": false,
      "precision": 0,
      "queryByDistance": false,
      "referenceTargetField": null,
      "referenceTo": [],
      "relationshipName": null,
      "relationshipOrder": null,
      "restrictedDelete": false,
      "restrictedPicklist": false,
      "scale": 0,
      "searchPrefilterable": false,
      "soapType": "xsd:string",
      "sortable": true,
      "type": "picklist",
      "unique": false,
      "updateable": true,
      "writeRequiresMasterRead": false
    },
    {
      "aggregatable": true,
      "aiPredictionField": false,
      "autoNumber": false,
      "byteLength": 765,
      "calculated": false,
      "calculatedFormula": null,
      "cascadeDelete": false,
      "caseSensitive": false,
      "compoundFieldName": "BillingAddress",
      "controllerName": null,
      "createable": true,
      "custom": false,
      "defaultValue": null,
      "defaultValueFormula": null,
      "defaultedOnCreate": false,
      "dependentPicklist": false,
      "deprecatedAndHidden": false,
      "digits": 0,
      "displayLocationInDecimal": false,
      "encrypted": false,
      "externalId": false,
      "extraTypeInfo": "plaintextarea",
      "filterable": true,
      "filteredLookupInfo": null,
      "formulaTreatNullNumberAsZero": false,
      "groupable": true,
      "highScaleNumber": false,
      "htmlFormatted": false,
      "idLookup": false,
      "inlineHelpText": null,
      "label": "Billing Street",
      "length": 255,
      "mask": null,
      "maskType": null,
      "name": "BillingStreet",
      "nameField": false,
      "namePointing": false,
      "nillable": true,
      "permissionable": true,
      "picklistValues": [],
      "polymorphicForeignKey": false,
      "precision": 0,
      "queryByDistance": false,
      "referenceTargetField": null,
      "referenceTo": [],
      "relationshipName": null,
      "relationshipOrder": null,
      "restrictedDelete": false,
      "restrictedPicklist": false,
      "scale": 0,
      "searchPrefilterable": false,
      "soapType": "xsd:string",
      "sortable": true,
      "type": "textarea",
      "unique": false,
      "updateable": true,
      "writeRequiresMasterRead": false
    },
    {
      "aggregatable": true,
      "aiPredictionField": false,
      "autoNumber": false,
      "byteLength": 120,
      "calculated": false,
      "calculatedFormula": null,
      "cascadeDelete": false,
      "caseSensitive": false,
      "compoundFieldName": "BillingAddress",
      "controllerName": null,
      "createable": true,
      "custom": false,
      "defaultValue": null,
      "defaultValueFormula": null,
      "defaultedOnCreate": false,
      "dependentPicklist": false,
      "deprecatedAndHidden": false,
      "digits": 0,
      "displayLocationInDecimal": false,
      "encrypted": false,
      "externalId": false,
      "extraTypeInfo": null,
      "filterable": true,
      "filteredLookupInfo": null,
      "formulaTreatNullNumberAsZero": false,
      "groupable": true,
      "highScaleNumber": false,
      "htmlFormatted": false,
      "idLookup": false,
      "inlineHelpText": null,
      "label": "Billing City",
      "length": 40,
      "mask": null,
      "maskType": null,
      "name": "BillingCity",
      "nameField": false,
      "namePointing": false,
      "nillable": true,
      "permissionable": true,
      "picklistValues": [],
      "polymorphicForeignKey": false,
      "precision": 0,
      "queryByDistance": false,
      "referenceTargetField": null,
      "referenceTo": [],
      "relationshipName": null,
      "relationshipOrder": null,
      "restrictedDelete": false,
      "restrictedPicklist": false,
      "scale": 0,
      "searchPrefilterable": false,
      "soapType": "xsd:string",
      "sortable": true,
      "type": "string",
      "unique": false,
      "updateable": true,
      "writeRequiresMasterRead": false
    },
    {
      "aggregatable": true,
      "aiPredictionField": false,
      "autoNumber": false,
      "byteLength": 240,
      "calculated": false,
      "calculatedFormula": null,
      "cascadeDelete": false,
      "caseSensitive": false,
      "compoundFieldName": "BillingAddress",
      "controllerName": null,
      "createable": true,
      "custom": false,
      "defaultValue": null,
      "defaultValueFormula": null,
      "defaultedOnCreate": false,
      "dependentPicklist": false,
      "deprecatedAndHidden": false,
      "digits": 0,
      "displayLocationInDecimal": false,
      "encrypted": false,
      "externalId": false,
      "extraTypeInfo": null,
      "filterable": true,
      "filteredLookupInfo": null,
      "formulaTreatNullNumberAsZero": false,
      "groupable": true,
      "highScaleNumber": false,
      "htmlFormatted": false,
      "idLookup": false,
      "inlineHelpText": null,
      "label": "Billing State/Province",
      "length": 80,
      "mask": null,
      "maskType": null,
      "name": "BillingState",
      "nameField": false,
      "namePointing": false,
      "nillable": true,
      "permissionable": true,
      "picklistValues": [],
      "polymorphicForeignKey": false,
      "precision": 0,
      "queryByDistance": false,
      "referenceTargetField": null,
      "referenceTo": [],
      "relationshipName": null,
      "relationshipOrder": null,
      "restrictedDelete": false,
      "restrictedPicklist": false,
      "scale": 0,
      "searchPrefilterable": false,
      "soapType": "xsd:string",
      "sortable": true,
      "type": "string",
      "unique": false,
      "updateable": true,
      "writeRequiresMasterRead": false
    },
    {
      "aggregatable": true,
      "aiPredictionField": false,
      "autoNumber": false,
      "byteLength": 60,
      "calculated": false,
      "calculatedFormula": null,
      "cascadeDelete": false,
      "caseSensitive": false,
      "compoundFieldName": "BillingAddress",
      "controllerName": null,
      "createable": true,
      "custom": false,
      "defaultValue": null,
      "defaultValueFormula": null,
      "defaultedOnCreate": false,
      "dependentPicklist": false,
      "deprecatedAndHidden": false,
      "digits": 0,
      "displayLocationInDecimal": false,
      "encrypted": false,
      "externalId": false,
      "extraTypeInfo": null,
      "filterable": true,
      "filteredLookupInfo": null,
      "formulaTreatNullNumberAsZero": false,
      "groupable": true,
      "highScaleNumber": false,
      "htmlFormatted": false,
      "idLookup": false,
      "inlineHelpText": null,
      "label": "Billing Zip/Postal Code",
      "length": 20,
      "mask": null,
      "maskType": null,
      "name": "BillingPostalCode",
      "nameField": false,
      "namePointing": false,
      "nillable": true,
      "permissionable": true,
      "picklistValues": [],
      "polymorphicForeignKey": false,
      "precision": 0,
      "queryByDistance": false,
      "referenceTargetField": null,
      "referenceTo": [],
      "relationshipName": null,
      "relationshipOrder": null,
      "restrictedDelete": false,
      "restrictedPicklist": false,
      "scale": 0,
      "searchPrefilterable": false,
      "soapType": "xsd:string",
      "sortable": true,
      "type": "string",
      "unique": false,
      "updateable": true,
      "writeRequiresMasterRead": false
    },
    {
      "aggregatable": true,
      "aiPredictionField": false,
      "autoNumber": false,
      "byteLength": 240,
      "calculated": false,
      "calculatedFormula": null,
      "cascadeDelete": false,
      "caseSensitive": false,
      "compoundFieldName": "BillingAddress",
      "controllerName": null,
      "createable": true,
      "custom": false,
      "defaultValue": null,
      "defaultValueFormula": null,
      "defaultedOnCreate": false,
      "dependentPicklist": false,
      "deprecatedAndHidden": false,
      "digits": 0,
      "displayLocationInDecimal": false,
      "encrypted": false,
      "externalId": false,
      "extraTypeInfo": null,
      "filterable": true,
      "filteredLookupInfo": null,
      "formulaTreatNullNumberAsZero": false,
      "groupable": true,
      "highScaleNumber": false,
      "htmlFormatted": false,
      "idLookup": false,
      "inlineHelpText": null,
      "label": "Billing Country",
      "length": 80,
      "mask": null,
      "maskType": null,
      "name": "BillingCountry",
      "nameField": false,
      "namePointing": false,
      "nillable": true,
      "permissionable": true,
      "picklistValues": [],
      "polymorphicForeignKey": false,
      "precision": 0,
      "queryByDistance": false,
      "referenceTargetField": null,
      "referenceTo": [],
      "relationshipName": null,
      "relationshipOrder": null,
      "restrictedDelete": false,
      "restrictedPicklist": false,
      "scale": 0,
      "searchPrefilterable": false,
      "soapType": "xsd:string",
      "sortable": true,
      "type": "string",
      "unique": false,
      "updateable": true,
      "writeRequiresMasterRead": false
    },
    {
      "aggregatable": true,
      "aiPredictionField": false,
      "autoNumber": false,
      "byteLength": 0,
      "calculated": false,
      "calculatedFormula": null,
      "cascadeDelete": false,
      "caseSensitive": false,
      "compoundFieldName": "BillingAddress",
      "controllerName": null,
      "createable": true,
      "custom": false,
      "defaultValue": null,
      "defaultValueFormula": null,
      "defaultedOnCreate": false,
      "dependentPicklist": false,
      "deprecatedAndHidden": false,
      "digits": 0,
      "displayLocationInDecimal": false,
      "encrypted": false,
      "externalId": false,
      "extraTypeInfo": null,
      "filterable": true,
      "filteredLookupInfo": null,
      "formulaTreatNullNumberAsZero": false,
      "groupable": false,
      "highScaleNumber": false,
      "htmlFormatted": false,
      "idLookup": false,
      "inlineHelpText": null,
      "label": "Billing Latitude",
      "length": 0,
      "mask": null,
      "maskType": null,
      "name": "BillingLatitude",
      "nameField": false,
      "namePointing": false,
      "nillable": true,
      "permissionable": true,
      "picklistValues": [],
      "polymorphicForeignKey": false,
      "precision": 18,
      "queryByDistance": false,
      "referenceTargetField": null,
      "referenceTo": [],
      "relationshipName": null,
      "relationshipOrder": null,
      "restrictedDelete": false,
      "restrictedPicklist": false,
      "scale": 15,
      "searchPrefilterable": false,
      "soapType": "xsd:double",
      "sortable": true,
      "type": "double",
      "unique": false,
      "updateable": true,
      "writeRequiresMasterRead": false
    },
    {
      "aggregatable": true,
      "aiPredictionField": false,
      "autoNumber": false,
      "byteLength": 0,
      "calculated": false,
      "calculatedFormula": null,
      "cascadeDelete": false,
      "caseSensitive": false,
      "compoundFieldName": "BillingAddress",
      "controllerName": null,
      "createable": true,
      "custom": false,
      "defaultValue": null,
      "defaultValueFormula": null,
      "defaultedOnCreate": false,
      "dependentPicklist": false,
      "deprecatedAndHidden": false,
      "digits": 0,
      "displayLocationInDecimal": false,
      "encrypted": false,
      "externalId": false,
      "extraTypeInfo": null,
      "filterable": true,
      "filteredLookupInfo": null,
      "formulaTreatNullNumberAsZero": false,
      "groupable": false,
      "highScaleNumber": false,
      "htmlFormatted": false,
      "idLookup": false,
      "inlineHelpText": null,
      "label": "Billing Longitude",
      "length": 0,
      "mask": null,
      "maskType": null,
      "name": "BillingLongitude",
      "nameField": false,
      "namePointing": false,
      "nillable": true,
      "permissionable": true,
      "picklistValues": [],
      "polymorphicForeignKey": false,
      "precision": 18,
      "queryByDistance": false,
      "referenceTargetField": null,
      "referenceTo": [],
      "relationshipName": null,
      "relationshipOrder": null,
      "restrictedDelete": false,
      "restrictedPicklist": false,
      "scale": 15,
      "searchPrefilterable": false,
      "soapType": "xsd:double",
      "sortable": true,
      "type": "double",
      "unique": false,
      "updateable": true,
      "writeRequiresMasterRead": false
    },
    {
      "aggregatable": true,
      "aiPredictionField": false,
      "autoNumber": false,
      "byteLength": 120,
      "calculated": false,
      "calculatedFormula": null,
      "cascadeDelete": false,
      "caseSensitive": false,
      "compoundFieldName": "BillingAddress",
      "controllerName": null,
      "createable": true,
      "custom": false,
      "defaultValue": null,
      "defaultValueFormula": null,
      "defaultedOnCreate": false,
      "dependentPicklist": false,
      "deprecatedAndHidden": false,
      "digits": 0,
      "displayLocationInDecimal": false,
      "encrypted": false,
      "externalId": false,
      "extraTypeInfo": null,
      "filterable": true,
      "filteredLookupInfo": null,
      "formulaTreatNullNumberAsZero": false,
      "groupable": true,
      "highScaleNumber": false,
      "htmlFormatted": false,
      "idLookup": false,
      "inlineHelpText": null,
      "label": "Billing Geocode Accuracy",
      "length": 40,
      "mask": null,
      "maskType": null,
      "name": "BillingGeocodeAccuracy",
      "nameField": false,
      "namePointing": false,
      "nillable": true,
      "permissionable": true,
      "picklistValues": [
        {
          "active": true,
          "defaultValue": false,
          "label": "Address",
          "validFor": null,
          "value": "Address"
        },
        {
          "active": true,
          "defaultValue": false,
          "label": "NearAddress",
          "validFor": null,
          "value": "NearAddress"
        },
        {
          "active": true,
          "defaultValue": false,
          "label": "Block",
          "validFor": null,
          "value": "Block"
        },
        {
          "active": true,
          "defaultValue": false,
          "label": "Street",
          "validFor": null,
          "value": "Street"
        },
        {
          "active": true,
          "defaultValue": false,
          "label": "ExtendedZip",
          "validFor": null,
          "value": "ExtendedZip"
        },
        {
          "active": true,
          "defaultValue": false,
          "label": "Zip",
          "validFor": null,
          "value": "Zip"
        },
        {
          "active": true,
          "defaultValue": false,
          "label": "Neighborhood",
          "validFor": null,
          "value": "Neighborhood"
        },
        {
          "active": true,
          "defaultValue": false,
          "label": "City",
          "validFor": null,
          "value": "City"
        },
        {
          "active": true,
          "defaultValue": false,
          "label": "County",
          "validFor": null,
          "value": "County"
        },
        {
          "active": true,
          "defaultValue": false,
          "label": "State",
          "validFor": null,
          "value": "State"
        },
        {
          "active": true,
          "defaultValue": false,
          "label": "Unknown",
          "validFor": null,
          "value": "Unknown"
        }
      ],
      "polymorphicForeignKey": false,
      "precision": 0,
      "queryByDistance": false,
      "referenceTargetField": null,
      "referenceTo": [],
      "relationshipName": null,
      "relationshipOrder": null,
      "restrictedDelete": false,
      "restrictedPicklist": true,
      "scale": 0,
      "searchPrefilterable": false,
      "soapType": "xsd:string",
      "sortable": true,
      "type": "picklist",
      "unique": false,
      "updateable": true,
      "writeRequiresMasterRead": false
    },
    {
      "aggregatable": false,
      "aiPredictionField": false,
      "autoNumber": false,
      "byteLength": 0,
      "calculated": false,
      "calculatedFormula": null,
      "cascadeDelete": false,
      "caseSensitive": false,
      "compoundFieldName": null,
      "controllerName": null,
      "createable": false,
      "custom": false,
      "defaultValue": null,
      "defaultValueFormula": null,
      "defaultedOnCreate": false,
      "dependentPicklist": false,
      "deprecatedAndHidden": false,
      "digits": 0,
      "displayLocationInDecimal": false,
      "encrypted": false,
      "externalId": false,
      "extraTypeInfo": null,
      "filterable": true,
      "filteredLookupInfo": null,
      "formulaTreatNullNumberAsZero": false,
      "groupable": false,
      "highScaleNumber": false,
      "htmlFormatted": false,
      "idLookup": false,
      "inlineHelpText": null,
      "label": "Billing Address",
      "length": 0,
      "mask": null,
      "maskType": null,
      "name": "BillingAddress",
      "nameField": false,
      "namePointing": false,
      "nillable": true,
      "permissionable": true,
      "picklistValues": [],
      "polymorphicForeignKey": false,
      "precision": 0,
      "queryByDistance": true,
      "referenceTargetField": null,
      "referenceTo": [],
      "relationshipName": null,
      "relationshipOrder": null,
      "restrictedDelete": false,
      "restrictedPicklist": false,
      "scale": 0,
      "searchPrefilterable": false,
      "soapType": "urn:address",
      "sortable": false,
      "type": "address",
      "unique": false,
      "updateable": false,
      "writeRequiresMasterRead": false
    },
    {
      "aggregatable": true,
      "aiPredictionField": false,
      "autoNumber": false,
      "byteLength": 765,
      "calculated": false,
      "calculatedFormula": null,
      "cascadeDelete": false,
      "caseSensitive": false,
      "compoundFieldName": "ShippingAddress",
      "controllerName": null,
      "createable": true,
      "custom": false,
      "defaultValue": null,
      "defaultValueFormula": null,
      "defaultedOnCreate": false,
      "dependentPicklist": false,
      "deprecatedAndHidden": false,
      "digits": 0,
      "displayLocationInDecimal": false,
      "encrypted": false,
      "externalId": false,
      "extraTypeInfo": "plaintextarea",
      "filterable": true,
      "filteredLookupInfo": null,
      "formulaTreatNullNumberAsZero": false,
      "groupable": true,
      "highScaleNumber": false,
      "htmlFormatted": false,
      "idLookup": false,
      "inlineHelpText": null,
      "label": "Shipping Street",
      "length": 255,
      "mask": null,
      "maskType": null,
      "name": "ShippingStreet",
      "nameField": false,
      "namePointing": false,
      "nillable": true,
      "permissionable": true,
      "picklistValues": [],
      "polymorphicForeignKey": false,
      "precision": 0,
      "queryByDistance": false,
      "referenceTargetField": null,
      "referenceTo": [],
      "relationshipName": null,
      "relationshipOrder": null,
      "restrictedDelete": false,
      "restrictedPicklist": false,
      "scale": 0,
      "searchPrefilterable": false,
      "soapType": "xsd:string",
      "sortable": true,
      "type": "textarea",
      "unique": false,
      "updateable": true,
      "writeRequiresMasterRead": false
    },
    {
      "aggregatable": true,
      "aiPredictionField": false,
      "autoNumber": false,
      "byteLength": 120,
      "calculated": false,
      "calculatedFormula": null,
      "cascadeDelete": false,
      "caseSensitive": false,
      "compoundFieldName": "ShippingAddress",
      "controllerName": null,
      "createable": true,
      "custom": false,
      "defaultValue": null,
      "defaultValueFormula": null,
      "defaultedOnCreate": false,
      "dependentPicklist": false,
      "deprecatedAndHidden": false,
      "digits": 0,
      "displayLocationInDecimal": false,
      "encrypted": false,
      "externalId": false,
      "extraTypeInfo": null,
      "filterable": true,
      "filteredLookupInfo": null,
      "formulaTreatNullNumberAsZero": false,
      "groupable": true,
      "highScaleNumber": false,
      "htmlFormatted": false,
      "idLookup": false,
      "inlineHelpText": null,
      "label": "Shipping City",
      "length": 40,
      "mask": null,
      "maskType": null,
      "name": "ShippingCity",
      "nameField": false,
      "namePointing": false,
      "nillable": true,
      "permissionable": true,
      "picklistValues": [],
      "polymorphicForeignKey": false,
      "precision": 0,
      "queryByDistance": false,
      "referenceTargetField": null,
      "referenceTo": [],
      "relationshipName": null,
      "relationshipOrder": null,
      "restrictedDelete": false,
      "restrictedPicklist": false,
      "scale": 0,
      "searchPrefilterable": false,
      "soapType": "xsd:string",
      "sortable": true,
      "type": "string",
      "unique": false,
      "updateable": true,
      "writeRequiresMasterRead": false
    },
    {
      "aggregatable": true,
      "aiPredictionField": false,
      "autoNumber": false,
      "byteLength": 240,
      "calculated": false,
      "calculatedFormula": null,
      "cascadeDelete": false,
      "caseSensitive": false,
      "compoundFieldName": "ShippingAddress",
      "controllerName": null,
      "createable": true,
      "custom": false,
      "defaultValue": null,
      "defaultValueFormula": null,
      "defaultedOnCreate": false,
      "dependentPicklist": false,
      "deprecatedAndHidden": false,
      "digits": 0,
      "displayLocationInDecimal": false,
      "encrypted": false,
      "externalId": false,
      "extraTypeInfo": null,
      "filterable": true,
      "filteredLookupInfo": null,
      "formulaTreatNullNumberAsZero": false,
      "groupable": true,
      "highScaleNumber": false,
      "htmlFormatted": false,
      "idLookup": false,
      "inlineHelpText": null,
      "label": "Shipping State/Province",
      "length": 80,
      "mask": null,
      "maskType": null,
      "name": "ShippingState",
      "nameField": false,
      "namePointing": false,
      "nillable": true,
      "permissionable": true,
      "picklistValues": [],
      "polymorphicForeignKey": false,
      "precision": 0,
      "queryByDistance": false,
      "referenceTargetField": null,
      "referenceTo": [],
      "relationshipName": null,
      "relationshipOrder": null,
      "restrictedDelete": false,
      "restrictedPicklist": false,
      "scale": 0,
      "searchPrefilterable": false,
      "soapType": "xsd:string",
      "sortable": true,
      "type": "string",
      "unique": false,
      "updateable": true,
      "writeRequiresMasterRead": false
    },
    {
      "aggregatable": true,
      "aiPredictionField": false,
      "autoNumber": false,
      "byteLength": 60,
      "calculated": false,
      "calculatedFormula": null,
      "cascadeDelete": false,
      "caseSensitive": false,
      "compoundFieldName": "ShippingAddress",
      "controllerName": null,
      "createable": true,
      "custom": false,
      "defaultValue": null,
      "defaultValueFormula": null,
      "defaultedOnCreate": false,
      "dependentPicklist": false,
      "deprecatedAndHidden": false,
      "digits": 0,
      "displayLocationInDecimal": false,
      "encrypted": false,
      "externalId": false,
      "extraTypeInfo": null,
      "filterable": true,
      "filteredLookupInfo": null,
      "formulaTreatNullNumberAsZero": false,
      "groupable": true,
      "highScaleNumber": false,
      "htmlFormatted": false,
      "idLookup": false,
      "inlineHelpText": null,
      "label": "Shipping Zip/Postal Code",
      "length": 20,
      "mask": null,
      "maskType": null,
      "name": "ShippingPostalCode",
      "nameField": false,
      "namePointing": false,
      "nillable": true,
      "permissionable": true,
      "picklistValues": [],
      "polymorphicForeignKey": false,
      "precision": 0,
      "queryByDistance": false,
      "referenceTargetField": null,
      "referenceTo": [],
      "relationshipName": null,
      "relationshipOrder": null,
      "restrictedDelete": false,
      "restrictedPicklist": false,
      "scale": 0,
      "searchPrefilterable": false,
      "soapType": "xsd:string",
      "sortable": true,
      "type": "string",
      "unique": false,
      "updateable": true,
      "writeRequiresMasterRead": false
    },
    {
      "aggregatable": true,
      "aiPredictionField": false,
      "autoNumber": false,
      "byteLength": 240,
      "calculated": false,
      "calculatedFormula": null,
      "cascadeDelete": false,
      "caseSensitive": false,
      "compoundFieldName": "ShippingAddress",
      "controllerName": null,
      "createable": true,
      "custom": false,
      "defaultValue": null,
      "defaultValueFormula": null,
      "defaultedOnCreate": false,
      "dependentPicklist": false,
      "deprecatedAndHidden": false,
      "digits": 0,
      "displayLocationInDecimal": false,
      "encrypted": false,
      "externalId": false,
      "extraTypeInfo": null,
      "filterable": true,
      "filteredLookupInfo": null,
      "formulaTreatNullNumberAsZero": false,
      "groupable": true,
      "highScaleNumber": false,
      "htmlFormatted": false,
      "idLookup": false,
      "inlineHelpText": null,
      "label": "Shipping Country",
      "length": 80,
      "mask": null,
      "maskType": null,
      "name": "ShippingCountry",
      "nameField": false,
      "namePointing": false,
      "nillable": true,
      "permissionable": true,
      "picklistValues": [],
      "polymorphicForeignKey": false,
      "precision": 0,
      "queryByDistance": false,
      "referenceTargetField": null,
      "referenceTo": [],
      "relationshipName": null,
      "relationshipOrder": null,
      "restrictedDelete": false,
      "restrictedPicklist": false,
      "scale": 0,
      "searchPrefilterable": false,
      "soapType": "xsd:string",
      "sortable": true,
      "type": "string",
      "unique": false,
      "updateable": true,
      "writeRequiresMasterRead": false
    },
    {
      "aggregatable": true,
      "aiPredictionField": false,
      "autoNumber": false,
      "byteLength": 0,
      "calculated": false,
      "calculatedFormula": null,
      "cascadeDelete": false,
      "caseSensitive": false,
      "compoundFieldName": "ShippingAddress",
      "controllerName": null,
      "createable": true,
      "custom": false,
      "defaultValue": null,
      "defaultValueFormula": null,
      "defaultedOnCreate": false,
      "dependentPicklist": false,
      "deprecatedAndHidden": false,
      "digits": 0,
      "displayLocationInDecimal": false,
      "encrypted": false,
      "externalId": false,
      "extraTypeInfo": null,
      "filterable": true,
      "filteredLookupInfo": null,
      "formulaTreatNullNumberAsZero": false,
      "groupable": false,
      "highScaleNumber": false,
      "htmlFormatted": false,
      "idLookup": false,
      "inlineHelpText": null,
      "label": "Shipping Latitude",
      "length": 0,
      "mask": null,
      "maskType": null,
      "name": "ShippingLatitude",
      "nameField": false,
      "namePointing": false,
      "nillable": true,
      "permissionable": true,
      "picklistValues": [],
      "polymorphicForeignKey": false,
      "precision": 18,
      "queryByDistance": false,
      "referenceTargetField": null,
      "referenceTo": [],
      "relationshipName": null,
      "relationshipOrder": null,
      "restrictedDelete": false,
      "restrictedPicklist": false,
      "scale": 15,
      "searchPrefilterable": false,
      "soapType": "xsd:double",
      "sortable": true,
      "type": "double",
      "unique": false,
      "updateable": true,
      "writeRequiresMasterRead": false
    },
    {
      "aggregatable": true,
      "aiPredictionField": false,
      "autoNumber": false,
      "byteLength": 0,
      "calculated": false,
      "calculatedFormula": null,
      "cascadeDelete": false,
      "caseSensitive": false,
      "compoundFieldName": "ShippingAddress",
      "controllerName": null,
      "createable": true,
      "custom": false,
      "defaultValue": null,
      "defaultValueFormula": null,
      "defaultedOnCreate": false,
      "dependentPicklist": false,
      "deprecatedAndHidden": false,
      "digits": 0,
      "displayLocationInDecimal": false,
      "encrypted": false,
      "externalId": false,
      "extraTypeInfo": null,
      "filterable": true,
      "filteredLookupInfo": null,
      "formulaTreatNullNumberAsZero": false,
      "groupable": false,
      "highScaleNumber": false,
      "htmlFormatted": false,
      "idLookup": false,
      "inlineHelpText": null,
      "label": "Shipping Longitude",
      "length": 0,
      "mask": null,
      "maskType": null,
      "name": "ShippingLongitude",
      "nameField": false,
      "namePointing": false,
      "nillable": true,
      "permissionable": true,
      "picklistValues": [],
      "polymorphicForeignKey": false,
      "precision": 18,
      "queryByDistance": false,
      "referenceTargetField": null,
      "referenceTo": [],
      "relationshipName": null,
      "relationshipOrder": null,
      "restrictedDelete": false,
      "restrictedPicklist": false,
      "scale": 15,
      "searchPrefilterable": false,
      "soapType": "xsd:double",
      "sortable": true,
      "type": "double",
      "unique": false,
      "updateable": true,
      "writeRequiresMasterRead": false
    },
    {
      "aggregatable": true,
      "aiPredictionField": false,
      "autoNumber": false,
      "byteLength": 120,
      "calculated": false,
      "calculatedFormula": null,
      "cascadeDelete": false,
      "caseSensitive": false,
      "compoundFieldName": "ShippingAddress",
      "controllerName": null,
      "createable": true,
      "custom": false,
      "defaultValue": null,
      "defaultValueFormula": null,
      "defaultedOnCreate": false,
      "dependentPicklist": false,
      "deprecatedAndHidden": false,
      "digits": 0,
      "displayLocationInDecimal": false,
      "encrypted": false,
      "externalId": false,
      "extraTypeInfo": null,
      "filterable": true,
      "filteredLookupInfo": null,
      "formulaTreatNullNumberAsZero": false,
      "groupable": true,
      "highScaleNumber": false,
      "htmlFormatted": false,
      "idLookup": false,
      "inlineHelpText": null,
      "label": "Shipping Geocode Accuracy",
      "length": 40,
      "mask": null,
      "maskType": null,
      "name": "ShippingGeocodeAccuracy",
      "nameField": false,
      "namePointing": false,
      "nillable": true,
      "permissionable": true,
      "picklistValues": [
        {
          "active": true,
          "defaultValue": false,
          "label": "Address",
          "validFor": null,
          "value": "Address"
        },
        {
          "active": true,
          "defaultValue": false,
          "label": "NearAddress",
          "validFor": null,
          "value": "NearAddress"
        },
        {
          "active": true,
          "defaultValue": false,
          "label": "Block",
          "validFor": null,
          "value": "Block"
        },
        {
          "active": true,
          "defaultValue": false,
          "label": "Street",
          "validFor": null,
          "value": "Street"
        },
        {
          "active": true,
          "defaultValue": false,
          "label": "ExtendedZip",
          "validFor": null,
          "value": "ExtendedZip"
        },
        {
          "active": true,
          "defaultValue": false,
          "label": "Zip",
          "validFor": null,
          "value": "Zip"
        },
        {
          "active": true,
          "defaultValue": false,
          "label": "Neighborhood",
          "validFor": null,
          "value": "Neighborhood"
        },
        {
          "active": true,
          "defaultValue": false,
          "label": "City",
          "validFor": null,
          "value": "City"
        },
        {
          "active": true,
          "defaultValue": false,
          "label": "County",
          "validFor": null,
          "value": "County"
        },
        {
          "active": true,
          "defaultValue": false,
          "label": "State",
          "validFor": null,
          "value": "State"
        },
        {
          "active": true,
          "defaultValue": false,
          "label": "Unknown",
          "validFor": null,
          "value": "Unknown"
        }
      ],
      "polymorphicForeignKey": false,
      "precision": 0,
      "queryByDistance": false,
      "referenceTargetField": null,
      "referenceTo": [],
      "relationshipName": null,
      "relationshipOrder": null,
      "restrictedDelete": false,
      "restrictedPicklist": true,
      "scale": 0,
      "searchPrefilterable": false,
      "soapType": "xsd:string",
      "sortable": true,
      "type": "picklist",
      "unique": false,
      "updateable": true,
      "writeRequiresMasterRead": false
    },
    {
      "aggregatable": false,
      "aiPredictionField": false,
      "autoNumber": false,
      "byteLength": 0,
      "calculated": false,
      "calculatedFormula": null,
      "cascadeDelete": false,
      "caseSensitive": false,
      "compoundFieldName": null,
      "controllerName": null,
      "createable": false,
      "custom": false,
      "defaultValue": null,
      "defaultValueFormula": null,
      "defaultedOnCreate": false,
      "dependentPicklist": false,
      "deprecatedAndHidden": false,
      "digits": 0,
      "displayLocationInDecimal": false,
      "encrypted": false,
      "externalId": false,
      "extraTypeInfo": null,
      "filterable": true,
      "filteredLookupInfo": null,
      "formulaTreatNullNumberAsZero": false,
      "groupable": false,
      "highScaleNumber": false,
      "htmlFormatted": false,
      "idLookup": false,
      "inlineHelpText": null,
      "label": "Shipping Address",
      "length": 0,
      "mask": null,
      "maskType": null,
      "name": "ShippingAddress",
      "nameField": false,
      "namePointing": false,
      "nillable": true,
      "permissionable": true,
      "picklistValues": [],
      "polymorphicForeignKey": false,
      "precision": 0,
      "queryByDistance": true,
      "referenceTargetField": null,
      "referenceTo": [],
      "relationshipName": null,
      "relationshipOrder": null,
      "restrictedDelete": false,
      "restrictedPicklist": false,
      "scale": 0,
      "searchPrefilterable": false,
      "soapType": "urn:address",
      "sortable": false,
      "type": "address",
      "unique": false,
      "updateable": false,
      "writeRequiresMasterRead": false
    },
    {
      "aggregatable": true,
      "aiPredictionField": false,
      "autoNumber": false,
      "byteLength": 240,
      "calculated": false,
      "calculatedFormula": null,
      "cascadeDelete": false,
      "caseSensitive": false,
      "compoundFieldName": null,
      "controllerName": null,
      "createable": true,
      "custom": false,
      "defaultValue": null,
      "defaultValueFormula": null,
      "defaultedOnCreate": false,
      "dependentPicklist": false,
      "deprecatedAndHidden": false,
      "digits": 0,
      "displayLocationInDecimal": false,
      "encrypted": false,
      "externalId": false,
      "extraTypeInfo": null,
      "filterable": true,
      "filteredLookupInfo": null,
      "formulaTreatNullNumberAsZero": false,
      "groupable": true,
      "highScaleNumber": false,
      "htmlFormatted": false,
      "idLookup": false,
      "inlineHelpText": null,
      "label": "Order Name",
      "length": 80,
      "mask": null,
      "maskType": null,
      "name": "Name",
      "nameField": false,
      "namePointing": false,
      "nillable": true,
      "permissionable": true,
      "picklistValues": [],
      "polymorphicForeignKey": false,
      "precision": 0,
      "queryByDistance": false,
      "referenceTargetField": null,
      "referenceTo": [],
      "relationshipName": null,
      "relationshipOrder": null,
      "restrictedDelete": false,
      "restrictedPicklist": false,
      "scale": 0,
      "searchPrefilterable": false,
      "soapType": "xsd:string",
      "sortable": true,
      "type": "string",
      "unique": false,
      "updateable": true,
      "writeRequiresMasterRead": false
    },
    {
      "aggregatable": true,
      "aiPredictionField": false,
      "autoNumber": false,
      "byteLength": 0,
      "calculated": false,
      "calculatedFormula": null,
      "cascadeDelete": false,
      "caseSensitive": false,
      "compoundFieldName": null,
      "controllerName": null,
      "createable": true,
      "custom": false,
      "defaultValue": null,
      "defaultValueFormula": null,
      "defaultedOnCreate": false,
      "dependentPicklist": false,
      "deprecatedAndHidden": false,
      "digits": 0,
      "displayLocationInDecimal": false,
      "encrypted": false,
      "externalId": false,
      "extraTypeInfo": null,
      "filterable": true,
      "filteredLookupInfo": null,
      "formulaTreatNullNumberAsZero": false,
      "groupable": true,
      "highScaleNumber": false,
      "htmlFormatted": false,
      "idLookup": false,
      "inlineHelpText": null,
      "label": "PO Date",
      "length": 0,
      "mask": null,
      "maskType": null,
      "name": "PoDate",
      "nameField": false,
      "namePointing": false,
      "nillable": true,
      "permissionable": true,
      "picklistValues": [],
      "polymorphicForeignKey": false,
      "precision": 0,
      "queryByDistance": false,
      "referenceTargetField": null,
      "referenceTo": [],
      "relationshipName": null,
      "relationshipOrder": null,
      "restrictedDelete": false,
      "restrictedPicklist": false,
      "scale": 0,
      "searchPrefilterable": false,
      "soapType": "xsd:date",
      "sortable": true,
      "type": "date",
      "unique": false,
      "updateable": true,
      "writeRequiresMasterRead": false
    },
    {
      "aggregatable": true,
      "aiPredictionField": false,
      "autoNumber": false,
      "byteLength": 240,
      "calculated": false,
      "calculatedFormula": null,
      "cascadeDelete": false,
      "caseSensitive": false,
      "compoundFieldName": null,
      "controllerName": null,
      "createable": true,
      "custom": false,
      "defaultValue": null,
      "defaultValueFormula": null,
      "defaultedOnCreate": false,
      "dependentPicklist": false,
      "deprecatedAndHidden": false,
      "digits": 0,
      "displayLocationInDecimal": false,
      "encrypted": false,
      "externalId": false,
      "extraTypeInfo": null,
      "filterable": true,
      "filteredLookupInfo": null,
      "formulaTreatNullNumberAsZero": false,
      "groupable": true,
      "highScaleNumber": false,
      "htmlFormatted": false,
      "idLookup": false,
      "inlineHelpText": null,
      "label": "PO Number",
      "length": 80,
      "mask": null,
      "maskType": null,
      "name": "PoNumber",
      "nameField": false,
      "namePointing": false,
      "nillable": true,
      "permissionable": true,
      "picklistValues": [],
      "polymorphicForeignKey": false,
      "precision": 0,
      "queryByDistance": false,
      "referenceTargetField": null,
      "referenceTo": [],
      "relationshipName": null,
      "relationshipOrder": null,
      "restrictedDelete": false,
      "restrictedPicklist": false,
      "scale": 0,
      "searchPrefilterable": false,
      "soapType": "xsd:string",
      "sortable": true,
      "type": "string",
      "unique": false,
      "updateable": true,
      "writeRequiresMasterRead": false
    },
    {
      "aggregatable": true,
      "aiPredictionField": false,
      "autoNumber": false,
      "byteLength": 240,
      "calculated": false,
      "calculatedFormula": null,
      "cascadeDelete": false,
      "caseSensitive": false,
      "compoundFieldName": null,
      "controllerName": null,
      "createable": true,
      "custom": false,
      "defaultValue": null,
      "defaultValueFormula": null,
      "defaultedOnCreate": false,
      "dependentPicklist": false,
      "deprecatedAndHidden": false,
      "digits": 0,
      "displayLocationInDecimal": false,
      "encrypted": false,
      "externalId": false,
      "extraTypeInfo": null,
      "filterable": true,
      "filteredLookupInfo": null,
      "formulaTreatNullNumberAsZero": false,
      "groupable": true,
      "highScaleNumber": false,
      "htmlFormatted": false,
      "idLookup": false,
      "inlineHelpText": null,
      "label": "Order Reference Number",
      "length": 80,
      "mask": null,
      "maskType": null,
      "name": "OrderReferenceNumber",
      "nameField": false,
      "namePointing": false,
      "nillable": true,
      "permissionable": true,
      "picklistValues": [],
      "polymorphicForeignKey": false,
      "precision": 0,
      "queryByDistance": false,
      "referenceTargetField": null,
      "referenceTo": [],
      "relationshipName": null,
      "relationshipOrder": null,
      "restrictedDelete": false,
      "restrictedPicklist": false,
      "scale": 0,
      "searchPrefilterable": false,
      "soapType": "xsd:string",
      "sortable": true,
      "type": "string",
      "unique": false,
      "updateable": true,
      "writeRequiresMasterRead": false
    },
    {
      "aggregatable": true,
      "aiPredictionField": false,
      "autoNumber": false,
      "byteLength": 18,
      "calculated": false,
      "calculatedFormula": null,
      "cascadeDelete": false,
      "caseSensitive": false,
      "compoundFieldName": null,
      "controllerName": null,
      "createable": true,
      "custom": false,
      "defaultValue": null,
      "defaultValueFormula": null,
      "defaultedOnCreate": false,
      "dependentPicklist": false,
      "deprecatedAndHidden": false,
      "digits": 0,
      "displayLocationInDecimal": false,
      "encrypted": false,
      "externalId": false,
      "extraTypeInfo": null,
      "filterable": true,
      "filteredLookupInfo": null,
      "formulaTreatNullNumberAsZero": false,
      "groupable": true,
      "highScaleNumber": false,
      "htmlFormatted": false,
      "idLookup": false,
      "inlineHelpText": null,
      "label": "Bill To Contact ID",
      "length": 18,
      "mask": null,
      "maskType": null,
      "name": "BillToContactId",
      "nameField": false,
      "namePointing": false,
      "nillable": true,
      "permissionable": true,
      "picklistValues": [],
      "polymorphicForeignKey": false,
      "precision": 0,
      "queryByDistance": false,
      "referenceTargetField": null,
      "referenceTo": [
        "Contact"
      ],
      "relationshipName": "BillToContact",
      "relationshipOrder": null,
      "restrictedDelete": false,
      "restrictedPicklist": false,
      "scale": 0,
      "searchPrefilterable": true,
      "soapType": "tns:ID",
      "sortable": true,
      "type": "reference",
      "unique": false,
      "updateable": true,
      "writeRequiresMasterRead": false
    },
    {
      "aggregatable": true,
      "aiPredictionField": false,
      "autoNumber": false,
      "byteLength": 18,
      "calculated": false,
      "calculatedFormula": null,
      "cascadeDelete": false,
      "caseSensitive": false,
      "compoundFieldName": null,
      "controllerName": null,
      "createable": true,
      "custom": false,
      "defaultValue": null,
      "defaultValueFormula": null,
      "defaultedOnCreate": false,
      "dependentPicklist": false,
      "deprecatedAndHidden": false,
      "digits": 0,
      "displayLocationInDecimal": false,
      "encrypted": false,
      "externalId": false,
      "extraTypeInfo": null,
      "filterable": true,
      "filteredLookupInfo": null,
      "formulaTreatNullNumberAsZero": false,
      "groupable": true,
      "highScaleNumber": false,
      "htmlFormatted": false,
      "idLookup": false,
      "inlineHelpText": null,
      "label": "Ship To Contact ID",
      "length": 18,
      "mask": null,
      "maskType": null,
      "name": "ShipToContactId",
      "nameField": false,
      "namePointing": false,
      "nillable": true,
      "permissionable": true,
      "picklistValues": [],
      "polymorphicForeignKey": false,
      "precision": 0,
      "queryByDistance": false,
      "referenceTargetField": null,
      "referenceTo": [
        "Contact"
      ],
      "relationshipName": "ShipToContact",
      "relationshipOrder": null,
      "restrictedDelete": false,
      "restrictedPicklist": false,
      "scale": 0,
      "searchPrefilterable": true,
      "soapType": "tns:ID",
      "sortable": true,
      "type": "reference",
      "unique": false,
      "updateable": true,
      "writeRequiresMasterRead": false
    },
    {
      "aggregatable": true,
      "aiPredictionField": false,
      "autoNumber": false,
      "byteLength": 0,
      "calculated": false,
      "calculatedFormula": null,
      "cascadeDelete": false,
      "caseSensitive": false,
      "compoundFieldName": null,
      "controllerName": null,
      "createable": false,
      "custom": false,
      "defaultValue": null,
      "defaultValueFormula": null,
      "defaultedOnCreate": false,
      "dependentPicklist": false,
      "deprecatedAndHidden": false,
      "digits": 0,
      "displayLocationInDecimal": false,
      "encrypted": false,
      "externalId": false,
      "extraTypeInfo": null,
      "filterable": true,
      "filteredLookupInfo": null,
      "formulaTreatNullNumberAsZero": false,
      "groupable": false,
      "highScaleNumber": false,
      "htmlFormatted": false,
      "idLookup": false,
      "inlineHelpText": null,
      "label": "Activated Date",
      "length": 0,
      "mask": null,
      "maskType": null,
      "name": "ActivatedDate",
      "nameField": false,
      "namePointing": false,
      "nillable": true,
      "permissionable": true,
      "picklistValues": [],
      "polymorphicForeignKey": false,
      "precision": 0,
      "queryByDistance": false,
      "referenceTargetField": null,
      "referenceTo": [],
      "relationshipName": null,
      "relationshipOrder": null,
      "restrictedDelete": false,
      "restrictedPicklist": false,
      "scale": 0,
      "searchPrefilterable": false,
      "soapType": "xsd:dateTime",
      "sortable": true,
      "type": "datetime",
      "unique": false,
      "updateable": true,
      "writeRequiresMasterRead": false
    },
    {
      "aggregatable": true,
      "aiPredictionField": false,
      "autoNumber": false,
      "byteLength": 18,
      "calculated": false,
      "calculatedFormula": null,
      "cascadeDelete": false,
      "caseSensitive": false,
      "compoundFieldName": null,
      "controllerName": null,
      "createable": false,
      "custom": false,
      "defaultValue": null,
      "defaultValueFormula": null,
      "defaultedOnCreate": false,
      "dependentPicklist": false,
      "deprecatedAndHidden": false,
      "digits": 0,
      "displayLocationInDecimal": false,
      "encrypted": false,
      "externalId": false,
      "extraTypeInfo": null,
      "filterable": true,
      "filteredLookupInfo": null,
      "formulaTreatNullNumberAsZero": false,
      "groupable": true,
      "highScaleNumber": false,
      "htmlFormatted": false,
      "idLookup": false,
      "inlineHelpText": null,
      "label": "Activated By ID",
      "length": 18,
      "mask": null,
      "maskType": null,
      "name": "ActivatedById",
      "nameField": false,
      "namePointing": false,
      "nillable": true,
      "permissionable": true,
      "picklistValues": [],
      "polymorphicForeignKey": false,
      "precision": 0,
      "queryByDistance": false,
      "referenceTargetField": null,
      "referenceTo": [
        "User"
      ],
      "relationshipName": "ActivatedBy",
      "relationshipOrder": null,
      "restrictedDelete": false,
      "restrictedPicklist": false,
      "scale": 0,
      "searchPrefilterable": true,
      "soapType": "tns:ID",
      "sortable": true,
      "type": "reference",
      "unique": false,
      "updateable": true,
      "writeRequiresMasterRead": false
    },
    {
      "aggregatable": true,
      "aiPredictionField": false,
      "autoNumber": false,
      "byteLength": 120,
      "calculated": false,
      "calculatedFormula": null,
      "cascadeDelete": false,
      "caseSensitive": false,
      "compoundFieldName": null,
      "controllerName": null,
      "createable": false,
      "custom": false,
      "defaultValue": null,
      "defaultValueFormula": null,
      "defaultedOnCreate": false,
      "dependentPicklist": false,
      "deprecatedAndHidden": false,
      "digits": 0,
      "displayLocationInDecimal": false,
      "encrypted": false,
      "externalId": false,
      "extraTypeInfo": null,
      "filterable": true,
      "filteredLookupInfo": null,
      "formulaTreatNullNumberAsZero": false,
      "groupable": true,
      "highScaleNumber": false,
      "htmlFormatted": false,
      "idLookup": false,
      "inlineHelpText": null,
      "label": "Status Category",
      "length": 40,
      "mask": null,
      "maskType": null,
      "name": "StatusCode",
      "nameField": false,
      "namePointing": false,
      "nillable": false,
      "permissionable": false,
      "picklistValues": [
        {
          "active": true,
          "defaultValue": false,
          "label": "Draft",
          "validFor": null,
          "value": "Draft"
        },
        {
          "active": true,
          "defaultValue": false,
          "label": "Activated",
          "validFor": null,
          "value": "Activated"
        },
        {
          "active": true,
          "defaultValue": false,
          "label": "Cancelled",
          "validFor": null,
          "value": "Canceled"
        },
        {
          "active": true,
          "defaultValue": false,
          "label": "Expired",
          "validFor": null,
          "value": "Expired"
        }
      ],
      "polymorphicForeignKey": false,
      "precision": 0,
      "queryByDistance": false,
      "referenceTargetField": null,
      "referenceTo": [],
      "relationshipName": null,
      "relationshipOrder": null,
      "restrictedDelete": false,
      "restrictedPicklist": true,
      "scale": 0,
      "searchPrefilterable": false,
      "soapType": "xsd:string",
      "sortable": true,
      "type": "picklist",
      "unique": false,
      "updateable": true,
      "writeRequiresMasterRead": false
    },
    {
      "aggregatable": true,
      "aiPredictionField": false,
      "autoNumber": true,
      "byteLength": 90,
      "calculated": false,
      "calculatedFormula": null,
      "cascadeDelete": false,
      "caseSensitive": false,
      "compoundFieldName": null,
      "controllerName": null,
      "createable": false,
      "custom": false,
      "defaultValue": null,
      "defaultValueFormula": null,
      "defaultedOnCreate": true,
      "dependentPicklist": false,
      "deprecatedAndHidden": false,
      "digits": 0,
      "displayLocationInDecimal": false,
      "encrypted": false,
      "externalId": false,
      "extraTypeInfo": null,
      "filterable": true,
      "filteredLookupInfo": null,
      "formulaTreatNullNumberAsZero": false,
      "groupable": false,
      "highScaleNumber": false,
      "htmlFormatted": false,
      "idLookup": true,
      "inlineHelpText": null,
      "label": "Order Number",
      "length": 30,
      "mask": null,
      "maskType": null,
      "name": "OrderNumber",
      "nameField": true,
      "namePointing": false,
      "nillable": false,
      "permissionable": false,
      "picklistValues": [],
      "polymorphicForeignKey": false,
      "precision": 0,
      "queryByDistance": false,
      "referenceTargetField": null,
      "referenceTo": [],
      "relationshipName": null,
      "relationshipOrder": null,
      "restrictedDelete": false,
      "restrictedPicklist": false,
      "scale": 0,
      "searchPrefilterable": false,
      "soapType": "xsd:string",
      "sortable": true,
      "type": "string",
      "unique": false,
      "updateable": false,
      "writeRequiresMasterRead": false
    },
    {
      "aggregatable": true,
      "aiPredictionField": false,
      "autoNumber": false,
      "byteLength": 0,
      "calculated": false,
      "calculatedFormula": null,
      "cascadeDelete": false,
      "caseSensitive": false,
      "compoundFieldName": null,
      "controllerName": null,
      "createable": false,
      "custom": false,
      "defaultValue": null,
      "defaultValueFormula": null,
      "defaultedOnCreate": false,
      "dependentPicklist": false,
      "deprecatedAndHidden": false,
      "digits": 0,
      "displayLocationInDecimal": false,
      "encrypted": false,
      "externalId": false,
      "extraTypeInfo": null,
      "filterable": true,
      "filteredLookupInfo": null,
      "formulaTreatNullNumberAsZero": false,
      "groupable": false,
      "highScaleNumber": false,
      "htmlFormatted": false,
      "idLookup": false,
      "inlineHelpText": null,
      "label": "Order Amount",
      "length": 0,
      "mask": null,
      "maskType": null,
      "name": "TotalAmount",
      "nameField": false,
      "namePointing": false,
      "nillable": false,
      "permissionable": true,
      "picklistValues": [],
      "polymorphicForeignKey": false,
      "precision": 18,
      "queryByDistance": false,
      "referenceTargetField": null,
      "referenceTo": [],
      "relationshipName": null,
      "relationshipOrder": null,
      "restrictedDelete": false,
      "restrictedPicklist": false,
      "scale": 2,
      "searchPrefilterable": false,
      "soapType": "xsd:double",
      "sortable": true,
      "type": "currency",
      "unique": false,
      "updateable": false,
      "writeRequiresMasterRead": false
    },
    {
      "aggregatable": true,
      "aiPredictionField": false,
      "autoNumber": false,
      "byteLength": 0,
      "calculated": false,
      "calculatedFormula": null,
      "cascadeDelete": false,
      "caseSensitive": false,
      "compoundFieldName": null,
      "controllerName": null,
      "createable": false,
      "custom": false,
      "defaultValue": null,
      "defaultValueFormula": null,
      "defaultedOnCreate": true,
      "dependentPicklist": false,
      "deprecatedAndHidden": false,
      "digits": 0,
      "displayLocationInDecimal": false,
      "encrypted": false,
      "externalId": false,
      "extraTypeInfo": null,
      "filterable": true,
      "filteredLookupInfo": null,
      "formulaTreatNullNumberAsZero": false,
      "groupable": false,
      "highScaleNumber": false,
      "htmlFormatted": false,
      "idLookup": false,
      "inlineHelpText": null,
      "label": "Created Date",
      "length": 0,
      "mask": null,
      "maskType": null,
      "name": "CreatedDate",
      "nameField": false,
      "namePointing": false,
      "nillable": false,
      "permissionable": false,
      "picklistValues": [],
      "polymorphicForeignKey": false,
      "precision": 0,
      "queryByDistance": false,
      "referenceTargetField": null,
      "referenceTo": [],
      "relationshipName": null,
      "relationshipOrder": null,
      "restrictedDelete": false,
      "restrictedPicklist": false,
      "scale": 0,
      "searchPrefilterable": false,
      "soapType": "xsd:dateTime",
      "sortable": true,
      "type": "datetime",
      "unique": false,
      "updateable": false,
      "writeRequiresMasterRead": false
    },
    {
      "aggregatable": true,
      "aiPredictionField": false,
      "autoNumber": false,
      "byteLength": 18,
      "calculated": false,
      "calculatedFormula": null,
      "cascadeDelete": false,
      "caseSensitive": false,
      "compoundFieldName": null,
      "controllerName": null,
      "createable": false,
      "custom": false,
      "defaultValue": null,
      "defaultValueFormula": null,
      "defaultedOnCreate": true,
      "dependentPicklist": false,
      "deprecatedAndHidden": false,
      "digits": 0,
      "displayLocationInDecimal": false,
      "encrypted": false,
      "externalId": false,
      "extraTypeInfo": null,
      "filterable": true,
      "filteredLookupInfo": null,
      "formulaTreatNullNumberAsZero": false,
      "groupable": true,
      "highScaleNumber": false,
      "htmlFormatted": false,
      "idLookup": false,
      "inlineHelpText": null,
      "label": "Created By ID",
      "length": 18,
      "mask": null,
      "maskType": null,
      "name": "CreatedById",
      "nameField": false,
      "namePointing": false,
      "nillable": false,
      "permissionable": false,
      "picklistValues": [],
      "polymorphicForeignKey": false,
      "precision": 0,
      "queryByDistance": false,
      "referenceTargetField": null,
      "referenceTo": [
        "User"
      ],
      "relationshipName": "CreatedBy",
      "relationshipOrder": null,
      "restrictedDelete": false,
      "restrictedPicklist": false,
      "scale": 0,
      "searchPrefilterable": false,
      "soapType": "tns:ID",
      "sortable": true,
      "type": "reference",
      "unique": false,
      "updateable": false,
      "writeRequiresMasterRead": false
    },
    {
      "aggregatable": true,
      "aiPredictionField": false,
      "autoNumber": false,
      "byteLength": 0,
      "calculated": false,
      "calculatedFormula": null,
      "cascadeDelete": false,
      "caseSensitive": false,
      "compoundFieldName": null,
      "controllerName": null,
      "createable": false,
      "custom": false,
      "defaultValue": null,
      "defaultValueFormula": null,
      "defaultedOnCreate": true,
      "dependentPicklist": false,
      "deprecatedAndHidden": false,
      "digits": 0,
      "displayLocationInDecimal": false,
      "encrypted": false,
      "externalId": false,
      "extraTypeInfo": null,
      "filterable": true,
      "filteredLookupInfo": null,
      "formulaTreatNullNumberAsZero": false,
      "groupable": false,
      "highScaleNumber": false,
      "htmlFormatted": false,
      "idLookup": false,
      "inlineHelpText": null,
      "label": "Last Modified Date",
      "length": 0,
      "mask": null,
      "maskType": null,
      "name": "LastModifiedDate",
      "nameField": false,
      "namePointing": false,
      "nillable": false,
      "permissionable": false,
      "picklistValues": [],
      "polymorphicForeignKey": false,
      "precision": 0,
      "queryByDistance": false,
      "referenceTargetField": null,
      "referenceTo": [],
      "relationshipName": null,
      "relationshipOrder": null,
      "restrictedDelete": false,
      "restrictedPicklist": false,
      "scale": 0,
      "searchPrefilterable": false,
      "soapType": "xsd:dateTime",
      "sortable": true,
      "type": "datetime",
      "unique": false,
      "updateable": false,
      "writeRequiresMasterRead": false
    },
    {
      "aggregatable": true,
      "aiPredictionField": false,
      "autoNumber": false,
      "byteLength": 18,
      "calculated": false,
      "calculatedFormula": null,
      "cascadeDelete": false,
      "caseSensitive": false,
      "compoundFieldName": null,
      "controllerName": null,
      "createable": false,
      "custom": false,
      "defaultValue": null,
      "defaultValueFormula": null,
      "defaultedOnCreate": true,
      "dependentPicklist": false,
      "deprecatedAndHidden": false,
      "digits": 0,
      "displayLocationInDecimal": false,
      "encrypted": false,
      "externalId": false,
      "extraTypeInfo": null,
      "filterable": true,
      "filteredLookupInfo": null,
      "formulaTreatNullNumberAsZero": false,
      "groupable": true,
      "highScaleNumber": false,
      "htmlFormatted": false,
      "idLookup": false,
      "inlineHelpText": null,
      "label": "Last Modified By ID",
      "length": 18,
      "mask": null,
      "maskType": null,
      "name": "LastModifiedById",
      "nameField": false,
      "namePointing": false,
      "nillable": false,
      "permissionable": false,
      "picklistValues": [],
      "polymorphicForeignKey": false,
      "precision": 0,
      "queryByDistance": false,
      "referenceTargetField": null,
      "referenceTo": [
        "User"
      ],
      "relationshipName": "LastModifiedBy",
      "relationshipOrder": null,
      "restrictedDelete": false,
      "restrictedPicklist": false,
      "scale": 0,
      "searchPrefilterable": false,
      "soapType": "tns:ID",
      "sortable": true,
      "type": "reference",
      "unique": false,
      "updateable": false,
      "writeRequiresMasterRead": false
    },
    {
      "aggregatable": false,
      "aiPredictionField": false,
      "autoNumber": false,
      "byteLength": 0,
      "calculated": false,
      "calculatedFormula": null,
      "cascadeDelete": false,
      "caseSensitive": false,
      "compoundFieldName": null,
      "controllerName": null,
      "createable": false,
      "custom": false,
      "defaultValue": false,
      "defaultValueFormula": null,
      "defaultedOnCreate": true,
      "dependentPicklist": false,
      "deprecatedAndHidden": false,
      "digits": 0,
      "displayLocationInDecimal": false,
      "encrypted": false,
      "externalId": false,
      "extraTypeInfo": null,
      "filterable": true,
      "filteredLookupInfo": null,
      "formulaTreatNullNumberAsZero": false,
      "groupable": true,
      "highScaleNumber": false,
      "htmlFormatted": false,
      "idLookup": false,
      "inlineHelpText": null,
      "label": "Deleted",
      "length": 0,
      "mask": null,
      "maskType": null,
      "name": "IsDeleted",
      "nameField": false,
      "namePointing": false,
      "nillable": false,
      "permissionable": false,
      "picklistValues": [],
      "polymorphicForeignKey": false,
      "precision": 0,
      "queryByDistance": false,
      "referenceTargetField": null,
      "referenceTo": [],
      "relationshipName": null,
      "relationshipOrder": null,
      "restrictedDelete": false,
      "restrictedPicklist": false,
      "scale": 0,
      "searchPrefilterable": false,
      "soapType": "xsd:boolean",
      "sortable": true,
      "type": "boolean",
      "unique": false,
      "updateable": false,
      "writeRequiresMasterRead": false
    },
    {
      "aggregatable": true,
      "aiPredictionField": false,
      "autoNumber": false,
      "byteLength": 0,
      "calculated": false,
      "calculatedFormula": null,
      "cascadeDelete": false,
      "caseSensitive": false,
      "compoundFieldName": null,
      "controllerName": null,
      "createable": false,
      "custom": false,
      "defaultValue": null,
      "defaultValueFormula": null,
      "defaultedOnCreate": true,
      "dependentPicklist": false,
      "deprecatedAndHidden": false,
      "digits": 0,
      "displayLocationInDecimal": false,
      "encrypted": false,
      "externalId": false,
      "extraTypeInfo": null,
      "filterable": true,
      "filteredLookupInfo": null,
      "formulaTreatNullNumberAsZero": false,
      "groupable": false,
      "highScaleNumber": false,
      "htmlFormatted": false,
      "idLookup": false,
      "inlineHelpText": null,
      "label": "System Modstamp",
      "length": 0,
      "mask": null,
      "maskType": null,
      "name": "SystemModstamp",
      "nameField": false,
      "namePointing": false,
      "nillable": false,
      "permissionable": false,
      "picklistValues": [],
      "polymorphicForeignKey": false,
      "precision": 0,
      "queryByDistance": false,
      "referenceTargetField": null,
      "referenceTo": [],
      "relationshipName": null,
      "relationshipOrder": null,
      "restrictedDelete": false,
      "restrictedPicklist": false,
      "scale": 0,
      "searchPrefilterable": false,
      "soapType": "xsd:dateTime",
      "sortable": true,
      "type": "datetime",
      "unique": false,
      "updateable": false,
      "writeRequiresMasterRead": false
    },
    {
      "aggregatable": true,
      "aiPredictionField": false,
      "autoNumber": false,
      "byteLength": 0,
      "calculated": false,
      "calculatedFormula": null,
      "cascadeDelete": false,
      "caseSensitive": false,
      "compoundFieldName": null,
      "controllerName": null,
      "createable": false,
      "custom": false,
      "defaultValue": null,
      "defaultValueFormula": null,
      "defaultedOnCreate": false,
      "dependentPicklist": false,
      "deprecatedAndHidden": false,
      "digits": 0,
      "displayLocationInDecimal": false,
      "encrypted": false,
      "externalId": false,
      "extraTypeInfo": null,
      "filterable": true,
      "filteredLookupInfo": null,
      "formulaTreatNullNumberAsZero": false,
      "groupable": false,
      "highScaleNumber": false,
      "htmlFormatted": false,
      "idLookup": false,
      "inlineHelpText": null,
      "label": "Last Viewed Date",
      "length": 0,
      "mask": null,
      "maskType": null,
      "name": "LastViewedDate",
      "nameField": false,
      "namePointing": false,
      "nillable": true,
      "permissionable": false,
      "picklistValues": [],
      "polymorphicForeignKey": false,
      "precision": 0,
      "queryByDistance": false,
      "referenceTargetField": null,
      "referenceTo": [],
      "relationshipName": null,
      "relationshipOrder": null,
      "restrictedDelete": false,
      "restrictedPicklist": false,
      "scale": 0,
      "searchPrefilterable": false,
      "soapType": "xsd:dateTime",
      "sortable": true,
      "type": "datetime",
      "unique": false,
      "updateable": false,
      "writeRequiresMasterRead": false
    },
    {
      "aggregatable": true,
      "aiPredictionField": false,
      "autoNumber": false,
      "byteLength": 0,
      "calculated": false,
      "calculatedFormula": null,
      "cascadeDelete": false,
      "caseSensitive": false,
      "compoundFieldName": null,
      "controllerName": null,
      "createable": false,
      "custom": false,
      "defaultValue": null,
      "defaultValueFormula": null,
      "defaultedOnCreate": false,
      "dependentPicklist": false,
      "deprecatedAndHidden": false,
      "digits": 0,
      "displayLocationInDecimal": false,
      "encrypted": false,
      "externalId": false,
      "extraTypeInfo": null,
      "filterable": true,
      "filteredLookupInfo": null,
      "formulaTreatNullNumberAsZero": false,
      "groupable": false,
      "highScaleNumber": false,
      "htmlFormatted": false,
      "idLookup": false,
      "inlineHelpText": null,
      "label": "Last Referenced Date",
      "length": 0,
      "mask": null,
      "maskType": null,
      "name": "LastReferencedDate",
      "nameField": false,
      "namePointing": false,
      "nillable": true,
      "permissionable": false,
      "picklistValues": [],
      "polymorphicForeignKey": false,
      "precision": 0,
      "queryByDistance": false,
      "referenceTargetField": null,
      "referenceTo": [],
      "relationshipName": null,
      "relationshipOrder": null,
      "restrictedDelete": false,
      "restrictedPicklist": false,
      "scale": 0,
      "searchPrefilterable": false,
      "soapType": "xsd:dateTime",
      "sortable": true,
      "type": "datetime",
      "unique": false,
      "updateable": false,
      "writeRequiresMasterRead": false
    }
  ]
}