{
  "status": 0,
  "result": [
    {
      "createdById": "0055i000004q5W8AAI",
      "createdByName": "Edsel Lita",
      "createdDate": "2022-07-21T23:57:20.000Z",
      "fileName": "duplicateRules/Account.Standard_Account_Duplicate_Rule.duplicateRule",
      "fullName": "Account.Standard_Account_Duplicate_Rule",
      "id": "0Bm5i000009MXmYCAW",
      "lastModifiedById": "0055i000004q5W8AAI",
      "lastModifiedByName": "Edsel Lita",
      "lastModifiedDate": "2022-07-21T23:57:20.000Z",
      "manageableState": "unmanaged",
      "type": "DuplicateRule"
    },
    {
      "createdById": "0055i000004q5W8AAI",
      "createdByName": "Edsel Lita",
      "createdDate": "2022-07-21T23:57:20.000Z",
      "fileName": "duplicateRules/Lead.Standard_Lead_Duplicate_Rule.duplicateRule",
      "fullName": "Lead.Standard_Lead_Duplicate_Rule",
      "id": "0Bm5i000009MXmaCAG",
      "lastModifiedById": "0055i000004q5W8AAI",
      "lastModifiedByName": "Edsel Lita",
      "lastModifiedDate": "2022-07-21T23:57:20.000Z",
      "manageableState": "unmanaged",
      "type": "DuplicateRule"
    },
    {
      "createdById": "0055i000004q5W8AAI",
      "createdByName": "Edsel Lita",
      "createdDate": "2022-07-21T23:57:20.000Z",
      "fileName": "duplicateRules/Contact.Standard_Contact_Duplicate_Rule.duplicateRule",
      "fullName": "Contact.Standard_Contact_Duplicate_Rule",
      "id": "0Bm5i000009MXmZCAW",
      "lastModifiedById": "0055i000004q5W8AAI",
      "lastModifiedByName": "Edsel Lita",
      "lastModifiedDate": "2022-07-21T23:57:20.000Z",
      "manageableState": "unmanaged",
      "type": "DuplicateRule"
    }
  ]
}