{
  "status": 0,
  "result": [
    {
      "createdById": "0055i000004q5W8AAI",
      "createdByName": "Edsel Lita",
      "createdDate": "2022-07-21T23:57:20.000Z",
      "fileName": "flexipages/LightningService_UtilityBar.flexipage",
      "fullName": "LightningService_UtilityBar",
      "id": "0M05i000005ERtOCAW",
      "lastModifiedById": "0055i000004q5W8AAI",
      "lastModifiedByName": "Edsel Lita",
      "lastModifiedDate": "2022-07-21T23:57:20.000Z",
      "manageableState": "unmanaged",
      "type": "FlexiPage"
    },
    {
      "createdById": "0055i000004q5W8AAI",
      "createdByName": "Edsel Lita",
      "createdDate": "2022-07-21T23:57:20.000Z",
      "fileName": "flexipages/LightningSalesConsole_UtilityBar.flexipage",
      "fullName": "LightningSalesConsole_UtilityBar",
      "id": "0M05i000005ERtPCAW",
      "lastModifiedById": "0055i000004q5W8AAI",
      "lastModifiedByName": "Edsel Lita",
      "lastModifiedDate": "2022-07-21T23:57:20.000Z",
      "manageableState": "unmanaged",
      "type": "FlexiPage"
    },
    {
      "createdById": "0055i000004q5W8AAI",
      "createdByName": "Edsel Lita",
      "createdDate": "2022-07-22T03:51:00.000Z",
      "fileName": "flexipages/Order_Management_App_UtilityBar.flexipage",
      "fullName": "Order_Management_App_UtilityBar",
      "id": "0M05i000005ETPcCAO",
      "lastModifiedById": "0055i000004q5W8AAI",
      "lastModifiedByName": "Edsel Lita",
      "lastModifiedDate": "2022-07-22T03:51:00.000Z",
      "manageableState": "unmanaged",
      "type": "FlexiPage"
    }
  ]
}