{
  "status": 0,
  "result": [
    {
      "createdById": "0055i000004q5W8AAI",
      "createdByName": "Edsel Lita",
      "createdDate": "2022-07-21T23:57:20.000Z",
      "fileName": "permissionsets/Experience_Profile_Manager.permissionset",
      "fullName": "Experience_Profile_Manager",
      "id": "0PS5i000003o6tSGAQ",
      "lastModifiedById": "0055i000004q5W8AAI",
      "lastModifiedByName": "Edsel Lita",
      "lastModifiedDate": "2022-07-24T15:20:13.000Z",
      "manageableState": "unmanaged",
      "type": "PermissionSet"
    },
    {
      "createdById": "0055i000004q5W8AAI",
      "createdByName": "Edsel Lita",
      "createdDate": "2022-07-24T08:26:39.000Z",
      "fileName": "permissionsets/Sales_User.permissionset",
      "fullName": "Sales_User",
      "id": "0PS5i00000394MFGAY",
      "lastModifiedById": "0055i000004q5W8AAI",
      "lastModifiedByName": "Edsel Lita",
      "lastModifiedDate": "2022-07-24T15:20:13.000Z",
      "manageableState": "unmanaged",
      "type": "PermissionSet"
    },
    {
      "createdById": "0055i000004q5W8AAI",
      "createdByName": "Edsel Lita",
      "createdDate": "2022-07-24T14:15:00.000Z",
      "fileName": "permissionsets/Enable_Order_Creation_For_Sales_User.permissionset",
      "fullName": "Enable_Order_Creation_For_Sales_User",
      "id": "0PS5i0000039560GAA",
      "lastModifiedById": "0055i000004q5W8AAI",
      "lastModifiedByName": "Edsel Lita",
      "lastModifiedDate": "2022-07-24T22:01:06.000Z",
      "manageableState": "unmanaged",
      "type": "PermissionSet"
    }
  ]
}