{
  "status": 0,
  "result": [
    {
      "createdById": "0055i000005BtuCAAS",
      "createdByName": "Automated Process",
      "createdDate": "2022-07-21T23:57:20.000Z",
      "fileName": "reports/EinsteinBotReports",
      "fullName": "EinsteinBotReports",
      "id": "00l5i000001uHVjAAM",
      "lastModifiedById": "0055i000005BtuCAAS",
      "lastModifiedByName": "Automated Process",
      "lastModifiedDate": "2022-07-21T23:57:20.000Z",
      "manageableState": "unmanaged",
      "type": "ReportFolder"
    },
    {
      "createdById": "0055i000005BtuCAAS",
      "createdByName": "Automated Process",
      "createdDate": "2022-07-21T23:57:20.000Z",
      "fileName": "reports/EinsteinBotReports_v2",
      "fullName": "EinsteinBotReports_v2",
      "id": "00l5i000001uHVkAAM",
      "lastModifiedById": "0055i000005BtuCAAS",
      "lastModifiedByName": "Automated Process",
      "lastModifiedDate": "2022-07-21T23:57:20.000Z",
      "manageableState": "unmanaged",
      "type": "ReportFolder"
    },
    {
      "createdById": "0055i000004q5W8AAI",
      "createdByName": "Edsel Lita",
      "createdDate": "1970-01-01T00:00:00.000Z",
      "fileName": "unfiled$public",
      "fullName": "unfiled$public",
      "id": "",
      "lastModifiedById": "0055i000004q5W8AAI",
      "lastModifiedByName": "Edsel Lita",
      "lastModifiedDate": "1970-01-01T00:00:00.000Z",
      "manageableState": "unmanaged",
      "namespacePrefix": "",
      "type": "ReportFolder"
    }
  ]
}