{
  "status": 0,
  "result": [
    {
      "createdById": "0055i000004q5W8AAI",
      "createdByName": "Edsel Lita",
      "createdDate": "2022-07-22T07:01:32.000Z",
      "fileName": "reportTypes/Accounts_with_Invoices_with_Product_Invoices.reportType",
      "fullName": "Accounts_with_Invoices_with_Product_Invoices",
      "id": "0705i000000H5KLAA0",
      "lastModifiedById": "0055i000004q5W8AAI",
      "lastModifiedByName": "Edsel Lita",
      "lastModifiedDate": "2022-07-22T07:01:32.000Z",
      "manageableState": "unmanaged",
      "type": "ReportType"
    },
    {
      "createdById": "0055i000005BtuCAAS",
      "createdByName": "Automated Process",
      "createdDate": "2022-07-21T23:57:20.000Z",
      "fileName": "reportTypes/screen_flows_prebuilt_crt.reportType",
      "fullName": "screen_flows_prebuilt_crt",
      "id": "0705i000001FmqjAAC",
      "lastModifiedById": "0055i000005BtuCAAS",
      "lastModifiedByName": "Automated Process",
      "lastModifiedDate": "2022-07-21T23:57:20.000Z",
      "manageableState": "unmanaged",
      "type": "ReportType"
    }
  ]
}