{
  "status": 0,
  "result": [
    {
      "createdById": "0055i000004IvDIAA0",
      "createdByName": "Edsel Lita",
      "createdDate": "2022-07-17T07:36:09.000Z",
      "fileName": "triggers/DontAllowAppAdminAssignVoucherTrigger.trigger",
      "fullName": "DontAllowAppAdminAssignVoucherTrigger",
      "id": "01q5i0000000lfJAAQ",
      "lastModifiedById": "0055i000004IvDIAA0",
      "lastModifiedByName": "Edsel Lita",
      "lastModifiedDate": "2022-07-18T05:23:51.000Z",
      "manageableState": "unmanaged",
      "type": "ApexTrigger"
    },
    {
      "createdById": "0055i000004IvDIAA0",
      "createdByName": "Edsel Lita",
      "createdDate": "2022-07-16T07:56:23.000Z",
      "fileName": "triggers/AvoidCreatingRequestFromTheSameEmployee.trigger",
      "fullName": "AvoidCreatingRequestFromTheSameEmployee",
      "id": "01q5i0000000lbRAAQ",
      "lastModifiedById": "0055i000004IvDIAA0",
      "lastModifiedByName": "Edsel Lita",
      "lastModifiedDate": "2022-07-17T16:20:12.000Z",
      "manageableState": "unmanaged",
      "type": "ApexTrigger"
    },
    {
      "createdById": "0055i000004IvDIAA0",
      "createdByName": "Edsel Lita",
      "createdDate": "2022-07-16T14:27:12.000Z",
      "fileName": "triggers/CommentMandatoryOnRejectTrigger.trigger",
      "fullName": "CommentMandatoryOnRejectTrigger",
      "id": "01q5i0000000lctAAA",
      "lastModifiedById": "0055i000004IvDIAA0",
      "lastModifiedByName": "Edsel Lita",
      "lastModifiedDate": "2022-07-18T04:15:02.000Z",
      "manageableState": "unmanaged",
      "type": "ApexTrigger"
    },
    {
      "createdById": "0055i000004IvDIAA0",
      "createdByName": "Edsel Lita",
      "createdDate": "2022-07-17T16:05:31.000Z",
      "fileName": "triggers/DontAllowRequestPassedOrFailedBeforeTrigger.trigger",
      "fullName": "DontAllowRequestPassedOrFailedBeforeTrigger",
      "id": "01q5i0000000lgvAAA",
      "lastModifiedById": "0055i000004IvDIAA0",
      "lastModifiedByName": "Edsel Lita",
      "lastModifiedDate": "2022-07-17T16:41:34.000Z",
      "manageableState": "unmanaged",
      "type": "ApexTrigger"
    }
  ]
}