{
  "status": 0,
  "result": {
    "createdById": "0055i000004IvDIAA0",
    "createdByName": "Edsel Lita",
    "createdDate": "2022-07-15T06:30:15.000Z",
    "fileName": "approvalProcesses/Certification_Request__c.Certification_Request_Approval.approvalProcess",
    "fullName": "Certification_Request__c.Certification_Request_Approval",
    "id": "04a5i0000000QspAAE",
    "lastModifiedById": "0055i000004IvDIAA0",
    "lastModifiedByName": "Edsel Lita",
    "lastModifiedDate": "2022-07-18T00:36:22.000Z",
    "type": "ApprovalProcess"
  }
}