{
  "status": 0,
  "result": [
    {
      "createdById": "0055i000004IvDIAA0",
      "createdByName": "Edsel Lita",
      "createdDate": "2022-07-15T03:01:46.000Z",
      "fileName": "aura/loginForm",
      "fullName": "loginForm",
      "id": "0Ab5i000002FKPdCAO",
      "lastModifiedById": "0055i000004IvDIAA0",
      "lastModifiedByName": "Edsel Lita",
      "lastModifiedDate": "2022-07-15T03:01:46.000Z",
      "manageableState": "unmanaged",
      "type": "AuraDefinitionBundle"
    },
    {
      "createdById": "0055i000004IvDIAA0",
      "createdByName": "Edsel Lita",
      "createdDate": "2022-07-15T03:01:46.000Z",
      "fileName": "aura/setStartUrl",
      "fullName": "setStartUrl",
      "id": "0Ab5i000002FKPZCA4",
      "lastModifiedById": "0055i000004IvDIAA0",
      "lastModifiedByName": "Edsel Lita",
      "lastModifiedDate": "2022-07-15T03:01:46.000Z",
      "manageableState": "unmanaged",
      "type": "AuraDefinitionBundle"
    },
    {
      "createdById": "0055i000004IvDIAA0",
      "createdByName": "Edsel Lita",
      "createdDate": "2022-07-15T03:01:47.000Z",
      "fileName": "aura/forgotPassword",
      "fullName": "forgotPassword",
      "id": "0Ab5i000002FKPfCAO",
      "lastModifiedById": "0055i000004IvDIAA0",
      "lastModifiedByName": "Edsel Lita",
      "lastModifiedDate": "2022-07-15T03:01:47.000Z",
      "manageableState": "unmanaged",
      "type": "AuraDefinitionBundle"
    },
    {
      "createdById": "0055i000004IvDIAA0",
      "createdByName": "Edsel Lita",
      "createdDate": "2022-07-15T03:01:47.000Z",
      "fileName": "aura/selfRegister",
      "fullName": "selfRegister",
      "id": "0Ab5i000002FKPeCAO",
      "lastModifiedById": "0055i000004IvDIAA0",
      "lastModifiedByName": "Edsel Lita",
      "lastModifiedDate": "2022-07-15T03:01:47.000Z",
      "manageableState": "unmanaged",
      "type": "AuraDefinitionBundle"
    },
    {
      "createdById": "0055i000004IvDIAA0",
      "createdByName": "Edsel Lita",
      "createdDate": "2022-07-15T03:01:46.000Z",
      "fileName": "aura/setExpId",
      "fullName": "setExpId",
      "id": "0Ab5i000002FKPYCA4",
      "lastModifiedById": "0055i000004IvDIAA0",
      "lastModifiedByName": "Edsel Lita",
      "lastModifiedDate": "2022-07-15T03:01:46.000Z",
      "manageableState": "unmanaged",
      "type": "AuraDefinitionBundle"
    }
  ]
}