{
  "status": 0,
  "result": {
    "createdById": "0055i000004uSGYAA2",
    "createdByName": "Automated Process",
    "createdDate": "2022-07-14T02:07:52.000Z",
    "fileName": "cleanDataServices/DataCloudGeoLocation.cleanDataService",
    "fullName": "DataCloudGeoLocation",
    "id": "07S5i000000YAsQEAW",
    "lastModifiedById": "0055i000004uSGYAA2",
    "lastModifiedByName": "Automated Process",
    "lastModifiedDate": "2022-07-14T02:07:52.000Z",
    "manageableState": "unmanaged",
    "type": "CleanDataService"
  }
}