{
  "status": 0,
  "result": [
    {
      "createdById": "0055i000004IvDIAA0",
      "createdByName": "Edsel Lita",
      "createdDate": "2022-07-15T01:52:25.000Z",
      "fileName": "tabs/Certification_Request__c.tab",
      "fullName": "Certification_Request__c",
      "id": "01r5i00000053eBAAQ",
      "lastModifiedById": "0055i000004IvDIAA0",
      "lastModifiedByName": "Edsel Lita",
      "lastModifiedDate": "2022-07-15T01:52:25.000Z",
      "manageableState": "unmanaged",
      "type": "CustomTab"
    },
    {
      "createdById": "0055i000004IvDIAA0",
      "createdByName": "Edsel Lita",
      "createdDate": "2022-07-15T01:50:30.000Z",
      "fileName": "tabs/Certification__c.tab",
      "fullName": "Certification__c",
      "id": "01r5i00000053e6AAA",
      "lastModifiedById": "0055i000004IvDIAA0",
      "lastModifiedByName": "Edsel Lita",
      "lastModifiedDate": "2022-07-15T01:50:30.000Z",
      "manageableState": "unmanaged",
      "type": "CustomTab"
    },
    {
      "createdById": "0055i000004IvDIAA0",
      "createdByName": "Edsel Lita",
      "createdDate": "2022-07-15T01:49:12.000Z",
      "fileName": "tabs/Employee__c.tab",
      "fullName": "Employee__c",
      "id": "01r5i00000053e1AAA",
      "lastModifiedById": "0055i000004IvDIAA0",
      "lastModifiedByName": "Edsel Lita",
      "lastModifiedDate": "2022-07-15T01:49:12.000Z",
      "manageableState": "unmanaged",
      "type": "CustomTab"
    },
    {
      "createdById": "0055i000004IvDIAA0",
      "createdByName": "Edsel Lita",
      "createdDate": "2022-07-15T01:54:40.000Z",
      "fileName": "tabs/Voucher__c.tab",
      "fullName": "Voucher__c",
      "id": "01r5i00000053eLAAQ",
      "lastModifiedById": "0055i000004IvDIAA0",
      "lastModifiedByName": "Edsel Lita",
      "lastModifiedDate": "2022-07-15T01:54:40.000Z",
      "manageableState": "unmanaged",
      "type": "CustomTab"
    }
  ]
}