{
  "status": 0,
  "result": {
    "createdById": "0055i000004IvDIAA0",
    "createdByName": "Edsel Lita",
    "createdDate": "2022-07-18T00:48:10.000Z",
    "fileName": "customPermissions/Allow_App_User_to_Edit_Approved_Records.customPermission",
    "fullName": "Allow_App_User_to_Edit_Approved_Records",
    "id": "0CP5i000000ocfMGAQ",
    "lastModifiedById": "0055i000004IvDIAA0",
    "lastModifiedByName": "Edsel Lita",
    "lastModifiedDate": "2022-07-18T00:48:10.000Z",
    "manageableState": "unmanaged",
    "type": "CustomPermission"
  }
}