{
  "status": 0,
  "result": {
    "createdById": "0055i000004IvDIAA0",
    "createdByName": "Edsel Lita",
    "createdDate": "2022-07-17T14:59:54.000Z",
    "fileName": "notificationtypes/Send_Notif_when_Record_is_Updated.notiftype",
    "fullName": "Send_Notif_when_Record_is_Updated",
    "id": "0ML5i00000002lLGAQ",
    "lastModifiedById": "0055i000004IvDIAA0",
    "lastModifiedByName": "Edsel Lita",
    "lastModifiedDate": "2022-07-17T14:59:54.000Z",
    "manageableState": "unmanaged",
    "type": "CustomNotificationType"
  }
}