{
  "status": 0,
  "result": [
    {
      "createdById": "0055i000004IvDIAA0",
      "createdByName": "Edsel Lita",
      "createdDate": "2022-07-14T02:07:52.000Z",
      "fileName": "duplicateRules/Contact.Standard_Contact_Duplicate_Rule.duplicateRule",
      "fullName": "Contact.Standard_Contact_Duplicate_Rule",
      "id": "0Bm5i000007y9mQCAQ",
      "lastModifiedById": "0055i000004IvDIAA0",
      "lastModifiedByName": "Edsel Lita",
      "lastModifiedDate": "2022-07-14T02:07:52.000Z",
      "manageableState": "unmanaged",
      "type": "DuplicateRule"
    },
    {
      "createdById": "0055i000004IvDIAA0",
      "createdByName": "Edsel Lita",
      "createdDate": "2022-07-14T02:07:52.000Z",
      "fileName": "duplicateRules/Account.Standard_Account_Duplicate_Rule.duplicateRule",
      "fullName": "Account.Standard_Account_Duplicate_Rule",
      "id": "0Bm5i000007y9mPCAQ",
      "lastModifiedById": "0055i000004IvDIAA0",
      "lastModifiedByName": "Edsel Lita",
      "lastModifiedDate": "2022-07-14T02:07:52.000Z",
      "manageableState": "unmanaged",
      "type": "DuplicateRule"
    },
    {
      "createdById": "0055i000004IvDIAA0",
      "createdByName": "Edsel Lita",
      "createdDate": "2022-07-14T02:07:52.000Z",
      "fileName": "duplicateRules/Lead.Standard_Lead_Duplicate_Rule.duplicateRule",
      "fullName": "Lead.Standard_Lead_Duplicate_Rule",
      "id": "0Bm5i000007y9mRCAQ",
      "lastModifiedById": "0055i000004IvDIAA0",
      "lastModifiedByName": "Edsel Lita",
      "lastModifiedDate": "2022-07-14T02:07:52.000Z",
      "manageableState": "unmanaged",
      "type": "DuplicateRule"
    }
  ]
}