{
  "status": 0,
  "result": [
    {
      "createdById": "0055i000004IvDIAA0",
      "createdByName": "Edsel Lita",
      "createdDate": "2022-07-15T06:10:54.000Z",
      "fileName": "emailservices/CreateRequest.xml",
      "fullName": "CreateRequest",
      "id": "0915i0000008OhAAAU",
      "lastModifiedById": "0055i000004IvDIAA0",
      "lastModifiedByName": "Edsel Lita",
      "lastModifiedDate": "2022-07-15T12:55:54.000Z",
      "type": "EmailServicesFunction"
    },
    {
      "createdById": "0055i000004IvDIAA0",
      "createdByName": "Edsel Lita",
      "createdDate": "2022-07-17T12:59:14.000Z",
      "fileName": "emailservices/UpdateVoucher.xml",
      "fullName": "UpdateVoucher",
      "id": "0915i0000008OhjAAE",
      "lastModifiedById": "0055i000004IvDIAA0",
      "lastModifiedByName": "Edsel Lita",
      "lastModifiedDate": "2022-07-17T13:00:01.000Z",
      "type": "EmailServicesFunction"
    },
    {
      "createdById": "0055i000004IvDIAA0",
      "createdByName": "Edsel Lita",
      "createdDate": "2022-07-15T04:07:57.000Z",
      "fileName": "emailservices/EmailToSalesforce.xml",
      "fullName": "EmailToSalesforce",
      "id": "0915i0000008Oh0AAE",
      "lastModifiedById": "0055i000004IvDIAA0",
      "lastModifiedByName": "Edsel Lita",
      "lastModifiedDate": "2022-07-15T04:36:24.000Z",
      "type": "EmailServicesFunction"
    }
  ]
}