{
  "status": 0,
  "result": [
    {
      "createdById": "0055i000004uSGYAA2",
      "createdByName": "Automated Process",
      "createdDate": "2022-07-15T03:01:17.000Z",
      "fileName": "fieldRestrictionRules/Rulebdde85a2cb2f5c462c323d171abf5683.rule",
      "fullName": "Rulebdde85a2cb2f5c462c323d171abf5683",
      "id": "0lr5i000000bn75AAA",
      "lastModifiedById": "0055i000004uSGYAA2",
      "lastModifiedByName": "Automated Process",
      "lastModifiedDate": "2022-07-15T03:01:17.000Z",
      "manageableState": "unmanaged",
      "type": "FieldRestrictionRule"
    },
    {
      "createdById": "0055i000004uSGYAA2",
      "createdByName": "Automated Process",
      "createdDate": "2022-07-15T03:01:18.000Z",
      "fileName": "fieldRestrictionRules/Rule7db469b6a775526ec5ced9af5c911695.rule",
      "fullName": "Rule7db469b6a775526ec5ced9af5c911695",
      "id": "0lr5i000000bn76AAA",
      "lastModifiedById": "0055i000004uSGYAA2",
      "lastModifiedByName": "Automated Process",
      "lastModifiedDate": "2022-07-15T03:01:18.000Z",
      "manageableState": "unmanaged",
      "type": "FieldRestrictionRule"
    }
  ]
}