{
  "status": 0,
  "result": [
    {
      "createdById": "0055i000004IvDIAA0",
      "createdByName": "Edsel Lita",
      "createdDate": "2022-07-14T02:07:52.000Z",
      "fileName": "flexipages/LightningSalesConsole_UtilityBar.flexipage",
      "fullName": "LightningSalesConsole_UtilityBar",
      "id": "0M05i000004OwncCAC",
      "lastModifiedById": "0055i000004IvDIAA0",
      "lastModifiedByName": "Edsel Lita",
      "lastModifiedDate": "2022-07-14T02:07:52.000Z",
      "manageableState": "unmanaged",
      "type": "FlexiPage"
    },
    {
      "createdById": "0055i000004IvDIAA0",
      "createdByName": "Edsel Lita",
      "createdDate": "2022-07-17T17:17:00.000Z",
      "fileName": "flexipages/Home_Page_Default.flexipage",
      "fullName": "Home_Page_Default",
      "id": "0M05i000004PYxpCAG",
      "lastModifiedById": "0055i000004IvDIAA0",
      "lastModifiedByName": "Edsel Lita",
      "lastModifiedDate": "2022-07-17T17:33:01.000Z",
      "manageableState": "unmanaged",
      "type": "FlexiPage"
    },
    {
      "createdById": "0055i000004IvDIAA0",
      "createdByName": "Edsel Lita",
      "createdDate": "2022-07-17T14:07:13.000Z",
      "fileName": "flexipages/Voucher_Record_Page.flexipage",
      "fullName": "Voucher_Record_Page",
      "id": "0M05i000004PYAECA4",
      "lastModifiedById": "0055i000004IvDIAA0",
      "lastModifiedByName": "Edsel Lita",
      "lastModifiedDate": "2022-07-17T14:31:45.000Z",
      "manageableState": "unmanaged",
      "type": "FlexiPage"
    },
    {
      "createdById": "0055i000004IvDIAA0",
      "createdByName": "Edsel Lita",
      "createdDate": "2022-07-14T02:07:52.000Z",
      "fileName": "flexipages/LightningService_UtilityBar.flexipage",
      "fullName": "LightningService_UtilityBar",
      "id": "0M05i000004OwnbCAC",
      "lastModifiedById": "0055i000004IvDIAA0",
      "lastModifiedByName": "Edsel Lita",
      "lastModifiedDate": "2022-07-14T02:07:52.000Z",
      "manageableState": "unmanaged",
      "type": "FlexiPage"
    },
    {
      "createdById": "0055i000004IvDIAA0",
      "createdByName": "Edsel Lita",
      "createdDate": "2022-07-15T01:46:17.000Z",
      "fileName": "flexipages/Certification_Management_App_UtilityBar.flexipage",
      "fullName": "Certification_Management_App_UtilityBar",
      "id": "0M05i000004PAmLCAW",
      "lastModifiedById": "0055i000004IvDIAA0",
      "lastModifiedByName": "Edsel Lita",
      "lastModifiedDate": "2022-07-15T01:46:17.000Z",
      "manageableState": "unmanaged",
      "type": "FlexiPage"
    }
  ]
}