{
  "status": 0,
  "result": [
    {
      "createdById": "0055i000004IvDIAA0",
      "createdByName": "Edsel Lita",
      "createdDate": "2022-07-15T05:03:40.000Z",
      "fileName": "flows/Avoid_Creating_Request_with_Same_Pending_Request.flow",
      "fullName": "Avoid_Creating_Request_with_Same_Pending_Request",
      "id": "3015i000000M9XQAA0",
      "lastModifiedById": "0055i000004IvDIAA0",
      "lastModifiedByName": "Edsel Lita",
      "lastModifiedDate": "2022-07-15T05:03:43.000Z",
      "manageableState": "unmanaged",
      "type": "Flow"
    },
    {
      "createdById": "0055i000004IvDIAA0",
      "createdByName": "Edsel Lita",
      "createdDate": "2022-07-18T06:21:53.000Z",
      "fileName": "flows/Update_Certification_Request_Assignment.flow",
      "fullName": "Update_Certification_Request_Assignment",
      "id": "3015i000000MBo1AAG",
      "lastModifiedById": "0055i000004IvDIAA0",
      "lastModifiedByName": "Edsel Lita",
      "lastModifiedDate": "2022-07-18T06:21:54.000Z",
      "manageableState": "unmanaged",
      "type": "Flow"
    },
    {
      "createdById": "0055i000004IvDIAA0",
      "createdByName": "Edsel Lita",
      "createdDate": "2022-07-18T06:43:15.000Z",
      "fileName": "flows/Create_Voucher_is_Cert_Request_is_Approved.flow",
      "fullName": "Create_Voucher_is_Cert_Request_is_Approved",
      "id": "3015i000000MBpoAAG",
      "lastModifiedById": "0055i000004IvDIAA0",
      "lastModifiedByName": "Edsel Lita",
      "lastModifiedDate": "2022-07-18T06:43:18.000Z",
      "manageableState": "unmanaged",
      "type": "Flow"
    },
    {
      "createdById": "0055i000004IvDIAA0",
      "createdByName": "Edsel Lita",
      "createdDate": "2022-07-17T15:27:19.000Z",
      "fileName": "flows/Inform_Employee_of_Expired_Unupdated_Request.flow",
      "fullName": "Inform_Employee_of_Expired_Unupdated_Request",
      "id": "3015i000000MBEtAAO",
      "lastModifiedById": "0055i000004IvDIAA0",
      "lastModifiedByName": "Edsel Lita",
      "lastModifiedDate": "2022-07-17T15:27:21.000Z",
      "manageableState": "unmanaged",
      "type": "Flow"
    },
    {
      "createdById": "0055i000004IvDIAA0",
      "createdByName": "Edsel Lita",
      "createdDate": "2022-07-17T14:19:35.000Z",
      "fileName": "flows/Update_Certification_Request_Status_Based_on_Employee_Update.flow",
      "fullName": "Update_Certification_Request_Status_Based_on_Employee_Update",
      "id": "3015i000000MBEAAA4",
      "lastModifiedById": "0055i000004IvDIAA0",
      "lastModifiedByName": "Edsel Lita",
      "lastModifiedDate": "2022-07-17T14:22:34.000Z",
      "manageableState": "unmanaged",
      "type": "Flow"
    },
    {
      "createdById": "0055i000004IvDIAA0",
      "createdByName": "Edsel Lita",
      "createdDate": "2022-07-18T04:52:10.000Z",
      "fileName": "flows/Change_Status_to_Assigned_if_Voucher_is_Assigned.flow",
      "fullName": "Change_Status_to_Assigned_if_Voucher_is_Assigned",
      "id": "3015i000000MBTeAAO",
      "lastModifiedById": "0055i000004IvDIAA0",
      "lastModifiedByName": "Edsel Lita",
      "lastModifiedDate": "2022-07-18T04:52:12.000Z",
      "manageableState": "unmanaged",
      "type": "Flow"
    },
    {
      "createdById": "0055i000004IvDIAA0",
      "createdByName": "Edsel Lita",
      "createdDate": "2022-07-15T07:20:28.000Z",
      "fileName": "flows/Update_App_User_and_Employee_of_Approval.flow",
      "fullName": "Update_App_User_and_Employee_of_Approval",
      "id": "3015i000000M9whAAC",
      "lastModifiedById": "0055i000004IvDIAA0",
      "lastModifiedByName": "Edsel Lita",
      "lastModifiedDate": "2022-07-15T07:20:33.000Z",
      "manageableState": "unmanaged",
      "type": "Flow"
    },
    {
      "createdById": "0055i000004IvDIAA0",
      "createdByName": "Edsel Lita",
      "createdDate": "2022-07-17T03:42:57.000Z",
      "fileName": "flows/Voucher_Issuance_Mechanism.flow",
      "fullName": "Voucher_Issuance_Mechanism",
      "id": "3015i000000MB61AAG",
      "lastModifiedById": "0055i000004IvDIAA0",
      "lastModifiedByName": "Edsel Lita",
      "lastModifiedDate": "2022-07-17T03:42:58.000Z",
      "manageableState": "unmanaged",
      "type": "Flow"
    },
    {
      "createdById": "0055i000004IvDIAA0",
      "createdByName": "Edsel Lita",
      "createdDate": "2022-07-17T15:08:06.000Z",
      "fileName": "flows/Send_Notif_to_App_User_Regarding_Update_on_Voucher.flow",
      "fullName": "Send_Notif_to_App_User_Regarding_Update_on_Voucher",
      "id": "3015i000000MBEfAAO",
      "lastModifiedById": "0055i000004IvDIAA0",
      "lastModifiedByName": "Edsel Lita",
      "lastModifiedDate": "2022-07-17T15:08:11.000Z",
      "manageableState": "unmanaged",
      "type": "Flow"
    },
    {
      "createdById": "0055i000004IvDIAA0",
      "createdByName": "Edsel Lita",
      "createdDate": "2022-07-18T06:29:22.000Z",
      "fileName": "flows/Inform.flow",
      "fullName": "Inform",
      "id": "3015i000000MBofAAG",
      "lastModifiedById": "0055i000004IvDIAA0",
      "lastModifiedByName": "Edsel Lita",
      "lastModifiedDate": "2022-07-18T06:29:23.000Z",
      "manageableState": "unmanaged",
      "type": "Flow"
    },
    {
      "createdById": "0055i000004IvDIAA0",
      "createdByName": "Edsel Lita",
      "createdDate": "2022-07-15T04:25:36.000Z",
      "fileName": "flows/Avoid_Duplicate_Voucher_Records.flow",
      "fullName": "Avoid_Duplicate_Voucher_Records",
      "id": "3015i000000M9PaAAK",
      "lastModifiedById": "0055i000004IvDIAA0",
      "lastModifiedByName": "Edsel Lita",
      "lastModifiedDate": "2022-07-17T03:08:51.000Z",
      "manageableState": "unmanaged",
      "type": "Flow"
    }
  ]
}