{
  "status": 0,
  "result": [
    {
      "createdById": "0055i000004IvDIAA0",
      "createdByName": "Edsel Lita",
      "createdDate": "2022-07-17T15:05:36.000Z",
      "fileName": "flowDefinitions/Send_Notif_to_App_User_Regarding_Update_on_Voucher.flowDefinition",
      "fullName": "Send_Notif_to_App_User_Regarding_Update_on_Voucher",
      "id": "3005i000000LWMBAA4",
      "lastModifiedById": "0055i000004IvDIAA0",
      "lastModifiedByName": "Edsel Lita",
      "lastModifiedDate": "2022-07-17T15:08:11.000Z",
      "manageableState": "unmanaged",
      "type": "FlowDefinition"
    },
    {
      "createdById": "0055i000004IvDIAA0",
      "createdByName": "Edsel Lita",
      "createdDate": "2022-07-17T15:27:19.000Z",
      "fileName": "flowDefinitions/Inform_Employee_of_Expired_Unupdated_Request.flowDefinition",
      "fullName": "Inform_Employee_of_Expired_Unupdated_Request",
      "id": "3005i000000LWMGAA4",
      "lastModifiedById": "0055i000004IvDIAA0",
      "lastModifiedByName": "Edsel Lita",
      "lastModifiedDate": "2022-07-17T15:27:21.000Z",
      "manageableState": "unmanaged",
      "type": "FlowDefinition"
    },
    {
      "createdById": "0055i000004IvDIAA0",
      "createdByName": "Edsel Lita",
      "createdDate": "2022-07-15T05:00:45.000Z",
      "fileName": "flowDefinitions/Avoid_Creating_Request_with_Same_Pending_Request.flowDefinition",
      "fullName": "Avoid_Creating_Request_with_Same_Pending_Request",
      "id": "3005i000000LVmdAAG",
      "lastModifiedById": "0055i000004IvDIAA0",
      "lastModifiedByName": "Edsel Lita",
      "lastModifiedDate": "2022-07-15T05:03:43.000Z",
      "manageableState": "unmanaged",
      "type": "FlowDefinition"
    },
    {
      "createdById": "0055i000004IvDIAA0",
      "createdByName": "Edsel Lita",
      "createdDate": "2022-07-15T04:25:36.000Z",
      "fileName": "flowDefinitions/Avoid_Duplicate_Voucher_Records.flowDefinition",
      "fullName": "Avoid_Duplicate_Voucher_Records",
      "id": "3005i000000LVdeAAG",
      "lastModifiedById": "0055i000004IvDIAA0",
      "lastModifiedByName": "Edsel Lita",
      "lastModifiedDate": "2022-07-17T03:08:51.000Z",
      "manageableState": "unmanaged",
      "type": "FlowDefinition"
    },
    {
      "createdById": "0055i000004IvDIAA0",
      "createdByName": "Edsel Lita",
      "createdDate": "2022-07-17T14:30:08.000Z",
      "fileName": "flowDefinitions/Update_Certification_Request_Assignment.flowDefinition",
      "fullName": "Update_Certification_Request_Assignment",
      "id": "3005i000000LWLwAAO",
      "lastModifiedById": "0055i000004IvDIAA0",
      "lastModifiedByName": "Edsel Lita",
      "lastModifiedDate": "2022-07-18T06:21:54.000Z",
      "manageableState": "unmanaged",
      "type": "FlowDefinition"
    },
    {
      "createdById": "0055i000004IvDIAA0",
      "createdByName": "Edsel Lita",
      "createdDate": "2022-07-15T06:37:24.000Z",
      "fileName": "flowDefinitions/Inform.flowDefinition",
      "fullName": "Inform",
      "id": "3005i000000LVpcAAG",
      "lastModifiedById": "0055i000004IvDIAA0",
      "lastModifiedByName": "Edsel Lita",
      "lastModifiedDate": "2022-07-18T06:29:23.000Z",
      "manageableState": "unmanaged",
      "type": "FlowDefinition"
    },
    {
      "createdById": "0055i000004IvDIAA0",
      "createdByName": "Edsel Lita",
      "createdDate": "2022-07-15T07:06:41.000Z",
      "fileName": "flowDefinitions/Update_App_User_and_Employee_of_Approval.flowDefinition",
      "fullName": "Update_App_User_and_Employee_of_Approval",
      "id": "3005i000000LVudAAG",
      "lastModifiedById": "0055i000004IvDIAA0",
      "lastModifiedByName": "Edsel Lita",
      "lastModifiedDate": "2022-07-15T07:20:33.000Z",
      "manageableState": "unmanaged",
      "type": "FlowDefinition"
    },
    {
      "createdById": "0055i000004IvDIAA0",
      "createdByName": "Edsel Lita",
      "createdDate": "2022-07-17T02:56:25.000Z",
      "fileName": "flowDefinitions/Create_Voucher_is_Cert_Request_is_Approved.flowDefinition",
      "fullName": "Create_Voucher_is_Cert_Request_is_Approved",
      "id": "3005i000000LWJHAA4",
      "lastModifiedById": "0055i000004IvDIAA0",
      "lastModifiedByName": "Edsel Lita",
      "lastModifiedDate": "2022-07-18T06:43:18.000Z",
      "manageableState": "unmanaged",
      "type": "FlowDefinition"
    },
    {
      "createdById": "0055i000004IvDIAA0",
      "createdByName": "Edsel Lita",
      "createdDate": "2022-07-17T03:22:17.000Z",
      "fileName": "flowDefinitions/Change_Status_to_Assigned_if_Voucher_is_Assigned.flowDefinition",
      "fullName": "Change_Status_to_Assigned_if_Voucher_is_Assigned",
      "id": "3005i000000LWJMAA4",
      "lastModifiedById": "0055i000004IvDIAA0",
      "lastModifiedByName": "Edsel Lita",
      "lastModifiedDate": "2022-07-18T04:52:12.000Z",
      "manageableState": "unmanaged",
      "type": "FlowDefinition"
    },
    {
      "createdById": "0055i000004IvDIAA0",
      "createdByName": "Edsel Lita",
      "createdDate": "2022-07-17T03:41:11.000Z",
      "fileName": "flowDefinitions/Voucher_Issuance_Mechanism.flowDefinition",
      "fullName": "Voucher_Issuance_Mechanism",
      "id": "3005i000000LWJRAA4",
      "lastModifiedById": "0055i000004IvDIAA0",
      "lastModifiedByName": "Edsel Lita",
      "lastModifiedDate": "2022-07-17T03:42:58.000Z",
      "manageableState": "unmanaged",
      "type": "FlowDefinition"
    },
    {
      "createdById": "0055i000004IvDIAA0",
      "createdByName": "Edsel Lita",
      "createdDate": "2022-07-17T14:05:42.000Z",
      "fileName": "flowDefinitions/Update_Certification_Request_Status_Based_on_Employee_Update.flowDefinition",
      "fullName": "Update_Certification_Request_Status_Based_on_Employee_Update",
      "id": "3005i000000LWLmAAO",
      "lastModifiedById": "0055i000004IvDIAA0",
      "lastModifiedByName": "Edsel Lita",
      "lastModifiedDate": "2022-07-17T14:22:34.000Z",
      "manageableState": "unmanaged",
      "type": "FlowDefinition"
    }
  ]
}