{
  "status": 0,
  "result": [
    {
      "createdById": "0055i000004uSGZAA2",
      "createdByName": "salesforce.com, inc.",
      "createdDate": "2022-07-14T02:10:32.000Z",
      "fileName": "layouts/AssetRelationship-Asset Relationship Layout.layout",
      "fullName": "AssetRelationship-Asset Relationship Layout",
      "id": "00h5i000005GSdxAAG",
      "lastModifiedById": "0055i000004uSGZAA2",
      "lastModifiedByName": "salesforce.com, inc.",
      "lastModifiedDate": "2022-07-14T02:10:32.000Z",
      "manageableState": "unmanaged",
      "type": "Layout"
    },
    {
      "createdById": "0055i000004uSGZAA2",
      "createdByName": "salesforce.com, inc.",
      "createdDate": "2022-07-14T02:07:52.000Z",
      "fileName": "layouts/PaymentAuthorization-Payment Authorization Layout.layout",
      "fullName": "PaymentAuthorization-Payment Authorization Layout",
      "id": "00h5i000007haEAAAY",
      "lastModifiedById": "0055i000004uSGZAA2",
      "lastModifiedByName": "salesforce.com, inc.",
      "lastModifiedDate": "2022-07-14T02:07:52.000Z",
      "manageableState": "unmanaged",
      "type": "Layout"
    },
    {
      "createdById": "0055i000004uSGYAA2",
      "createdByName": "Automated Process",
      "createdDate": "2022-07-14T02:07:52.000Z",
      "fileName": "layouts/ServiceAppointment-Service Appointment Layout.layout",
      "fullName": "ServiceAppointment-Service Appointment Layout",
      "id": "00h5i000007haEaAAI",
      "lastModifiedById": "0055i000004uSGYAA2",
      "lastModifiedByName": "Automated Process",
      "lastModifiedDate": "2022-07-14T02:07:52.000Z",
      "manageableState": "unmanaged",
      "type": "Layout"
    },
    {
      "createdById": "0055i000004IvDIAA0",
      "createdByName": "Edsel Lita",
      "createdDate": "2022-07-14T02:07:52.000Z",
      "fileName": "layouts/Solution-Solution Layout.layout",
      "fullName": "Solution-Solution Layout",
      "id": "00h5i000007haFtAAI",
      "lastModifiedById": "0055i000004IvDIAA0",
      "lastModifiedByName": "Edsel Lita",
      "lastModifiedDate": "2022-07-14T02:07:52.000Z",
      "manageableState": "unmanaged",
      "type": "Layout"
    },
    {
      "createdById": "0055i000004IvDIAA0",
      "createdByName": "Edsel Lita",
      "createdDate": "2022-07-14T02:07:52.000Z",
      "fileName": "layouts/Lead-Lead %28Sales%29 Layout.layout",
      "fullName": "Lead-Lead %28Sales%29 Layout",
      "id": "00h5i000007haDlAAI",
      "lastModifiedById": "0055i000004IvDIAA0",
      "lastModifiedByName": "Edsel Lita",
      "lastModifiedDate": "2022-07-14T02:07:52.000Z",
      "manageableState": "unmanaged",
      "type": "Layout"
    },
    {
      "createdById": "0055i000004uSGZAA2",
      "createdByName": "salesforce.com, inc.",
      "createdDate": "2022-07-14T02:07:52.000Z",
      "fileName": "layouts/Macro-Macro Layout.layout",
      "fullName": "Macro-Macro Layout",
      "id": "00h5i000007haFCAAY",
      "lastModifiedById": "0055i000004uSGZAA2",
      "lastModifiedByName": "salesforce.com, inc.",
      "lastModifiedDate": "2022-07-14T02:07:52.000Z",
      "manageableState": "unmanaged",
      "type": "Layout"
    },
    {
      "createdById": "0055i000004uSGYAA2",
      "createdByName": "Automated Process",
      "createdDate": "2022-07-14T02:07:52.000Z",
      "fileName": "layouts/Shift-Shift Layout.layout",
      "fullName": "Shift-Shift Layout",
      "id": "00h5i000007haEtAAI",
      "lastModifiedById": "0055i000004uSGYAA2",
      "lastModifiedByName": "Automated Process",
      "lastModifiedDate": "2022-07-14T02:07:52.000Z",
      "manageableState": "unmanaged",
      "type": "Layout"
    },
    {
      "createdById": "0055i000004IvDIAA0",
      "createdByName": "Edsel Lita",
      "createdDate": "2022-07-15T01:51:58.000Z",
      "fileName": "layouts/Certification_Request__c-Certification Request Layout.layout",
      "fullName": "Certification_Request__c-Certification Request Layout",
      "id": "00h5i000005GWrdAAG",
      "lastModifiedById": "0055i000004IvDIAA0",
      "lastModifiedByName": "Edsel Lita",
      "lastModifiedDate": "2022-07-15T07:05:10.000Z",
      "manageableState": "unmanaged",
      "type": "Layout"
    },
    {
      "createdById": "0055i000004IvDIAA0",
      "createdByName": "Edsel Lita",
      "createdDate": "2022-07-14T02:07:52.000Z",
      "fileName": "layouts/Lead-Lead Layout.layout",
      "fullName": "Lead-Lead Layout",
      "id": "00h5i000007haDnAAI",
      "lastModifiedById": "0055i000004IvDIAA0",
      "lastModifiedByName": "Edsel Lita",
      "lastModifiedDate": "2022-07-14T02:07:52.000Z",
      "manageableState": "unmanaged",
      "type": "Layout"
    },
    {
      "createdById": "0055i000004uSGZAA2",
      "createdByName": "salesforce.com, inc.",
      "createdDate": "2022-07-14T02:07:52.000Z",
      "fileName": "layouts/DandBCompany-D%26B Company Layout.layout",
      "fullName": "DandBCompany-D%26B Company Layout",
      "id": "00h5i000007haFNAAY",
      "lastModifiedById": "0055i000004uSGZAA2",
      "lastModifiedByName": "salesforce.com, inc.",
      "lastModifiedDate": "2022-07-14T02:07:52.000Z",
      "manageableState": "unmanaged",
      "type": "Layout"
    },
    {
      "createdById": "0055i000004uSGZAA2",
      "createdByName": "salesforce.com, inc.",
      "createdDate": "2022-07-14T02:10:05.000Z",
      "fileName": "layouts/AuthorizationFormText-Authorization Form Text Layout.layout",
      "fullName": "AuthorizationFormText-Authorization Form Text Layout",
      "id": "00h5i000005GSdSAAW",
      "lastModifiedById": "0055i000004IvDIAA0",
      "lastModifiedByName": "Edsel Lita",
      "lastModifiedDate": "2022-07-14T02:10:06.000Z",
      "manageableState": "unmanaged",
      "type": "Layout"
    },
    {
      "createdById": "0055i000004uSGZAA2",
      "createdByName": "salesforce.com, inc.",
      "createdDate": "2022-07-14T02:07:52.000Z",
      "fileName": "layouts/Invoice-Invoice Layout.layout",
      "fullName": "Invoice-Invoice Layout",
      "id": "00h5i000007haEKAAY",
      "lastModifiedById": "0055i000004uSGZAA2",
      "lastModifiedByName": "salesforce.com, inc.",
      "lastModifiedDate": "2022-07-14T02:07:52.000Z",
      "manageableState": "unmanaged",
      "type": "Layout"
    },
    {
      "createdById": "0055i000004uSGYAA2",
      "createdByName": "Automated Process",
      "createdDate": "2022-07-14T02:07:52.000Z",
      "fileName": "layouts/AssignedResource-Assigned Resource Layout.layout",
      "fullName": "AssignedResource-Assigned Resource Layout",
      "id": "00h5i000007haEZAAY",
      "lastModifiedById": "0055i000004uSGYAA2",
      "lastModifiedByName": "Automated Process",
      "lastModifiedDate": "2022-07-14T02:07:52.000Z",
      "manageableState": "unmanaged",
      "type": "Layout"
    },
    {
      "createdById": "0055i000004uSGZAA2",
      "createdByName": "salesforce.com, inc.",
      "createdDate": "2022-07-14T02:10:16.000Z",
      "fileName": "layouts/SessionHijackingEventStore-Session Hijacking Event Store Layout.layout",
      "fullName": "SessionHijackingEventStore-Session Hijacking Event Store Layout",
      "id": "00h5i000005GSdqAAG",
      "lastModifiedById": "0055i000004uSGZAA2",
      "lastModifiedByName": "salesforce.com, inc.",
      "lastModifiedDate": "2022-07-14T02:10:16.000Z",
      "manageableState": "unmanaged",
      "type": "Layout"
    },
    {
      "createdById": "0055i000004uSGZAA2",
      "createdByName": "salesforce.com, inc.",
      "createdDate": "2022-07-14T02:10:06.000Z",
      "fileName": "layouts/DataUsePurpose-Data Use Purpose Layout.layout",
      "fullName": "DataUsePurpose-Data Use Purpose Layout",
      "id": "00h5i000005GSdbAAG",
      "lastModifiedById": "0055i000004IvDIAA0",
      "lastModifiedByName": "Edsel Lita",
      "lastModifiedDate": "2022-07-14T02:10:06.000Z",
      "manageableState": "unmanaged",
      "type": "Layout"
    },
    {
      "createdById": "0055i000004uSGYAA2",
      "createdByName": "Automated Process",
      "createdDate": "2022-07-14T02:07:52.000Z",
      "fileName": "layouts/ServiceTerritoryMember-Service Territory Member Layout.layout",
      "fullName": "ServiceTerritoryMember-Service Territory Member Layout",
      "id": "00h5i000007haERAAY",
      "lastModifiedById": "0055i000004uSGYAA2",
      "lastModifiedByName": "Automated Process",
      "lastModifiedDate": "2022-07-14T02:07:52.000Z",
      "manageableState": "unmanaged",
      "type": "Layout"
    },
    {
      "createdById": "0055i000004IvDIAA0",
      "createdByName": "Edsel Lita",
      "createdDate": "2022-07-14T02:07:52.000Z",
      "fileName": "layouts/Task-Task Layout.layout",
      "fullName": "Task-Task Layout",
      "id": "00h5i000007haDpAAI",
      "lastModifiedById": "0055i000004IvDIAA0",
      "lastModifiedByName": "Edsel Lita",
      "lastModifiedDate": "2022-07-14T02:10:34.000Z",
      "manageableState": "unmanaged",
      "type": "Layout"
    },
    {
      "createdById": "0055i000004uSGZAA2",
      "createdByName": "salesforce.com, inc.",
      "createdDate": "2022-07-14T02:10:52.000Z",
      "fileName": "layouts/WorkPlan-Work Plan Layout.layout",
      "fullName": "WorkPlan-Work Plan Layout",
      "id": "00h5i000005GSeGAAW",
      "lastModifiedById": "0055i000004uSGZAA2",
      "lastModifiedByName": "salesforce.com, inc.",
      "lastModifiedDate": "2022-07-14T02:10:52.000Z",
      "manageableState": "unmanaged",
      "type": "Layout"
    },
    {
      "createdById": "0055i000004uSGZAA2",
      "createdByName": "salesforce.com, inc.",
      "createdDate": "2022-07-14T02:10:06.000Z",
      "fileName": "layouts/ContactPointTypeConsent-Contact Point Type Consent Layout.layout",
      "fullName": "ContactPointTypeConsent-Contact Point Type Consent Layout",
      "id": "00h5i000005GSdaAAG",
      "lastModifiedById": "0055i000004IvDIAA0",
      "lastModifiedByName": "Edsel Lita",
      "lastModifiedDate": "2022-07-14T02:10:06.000Z",
      "manageableState": "unmanaged",
      "type": "Layout"
    },
    {
      "createdById": "0055i000004uSGZAA2",
      "createdByName": "salesforce.com, inc.",
      "createdDate": "2022-07-14T02:10:02.000Z",
      "fileName": "layouts/PaymentAuthAdjustment-Payment Authorization Adjustment Layout.layout",
      "fullName": "PaymentAuthAdjustment-Payment Authorization Adjustment Layout",
      "id": "00h5i000005GSdFAAW",
      "lastModifiedById": "0055i000004uSGZAA2",
      "lastModifiedByName": "salesforce.com, inc.",
      "lastModifiedDate": "2022-07-14T02:10:02.000Z",
      "manageableState": "unmanaged",
      "type": "Layout"
    },
    {
      "createdById": "0055i000004IvDIAA0",
      "createdByName": "Edsel Lita",
      "createdDate": "2022-07-14T02:07:52.000Z",
      "fileName": "layouts/Scorecard-Scorecard Layout.layout",
      "fullName": "Scorecard-Scorecard Layout",
      "id": "00h5i000007haG9AAI",
      "lastModifiedById": "0055i000004IvDIAA0",
      "lastModifiedByName": "Edsel Lita",
      "lastModifiedDate": "2022-07-14T02:07:52.000Z",
      "manageableState": "unmanaged",
      "type": "Layout"
    },
    {
      "createdById": "0055i000004uSGYAA2",
      "createdByName": "Automated Process",
      "createdDate": "2022-07-14T02:07:52.000Z",
      "fileName": "layouts/CommunityMemberLayout-Community Member Layout.layout",
      "fullName": "CommunityMemberLayout-Community Member Layout",
      "id": "00h5i000007haG8AAI",
      "lastModifiedById": "0055i000004uSGYAA2",
      "lastModifiedByName": "Automated Process",
      "lastModifiedDate": "2022-07-14T02:07:52.000Z",
      "manageableState": "unmanaged",
      "type": "Layout"
    },
    {
      "createdById": "0055i000004uSGZAA2",
      "createdByName": "salesforce.com, inc.",
      "createdDate": "2022-07-14T02:07:52.000Z",
      "fileName": "layouts/ProcessException-Process Exception Layout.layout",
      "fullName": "ProcessException-Process Exception Layout",
      "id": "00h5i000007haF6AAI",
      "lastModifiedById": "0055i000004uSGZAA2",
      "lastModifiedByName": "salesforce.com, inc.",
      "lastModifiedDate": "2022-07-14T02:07:52.000Z",
      "manageableState": "unmanaged",
      "type": "Layout"
    },
    {
      "createdById": "0055i000004uSGYAA2",
      "createdByName": "Automated Process",
      "createdDate": "2022-07-14T02:07:52.000Z",
      "fileName": "layouts/ResourcePreference-Resource Preference Layout.layout",
      "fullName": "ResourcePreference-Resource Preference Layout",
      "id": "00h5i000007haEWAAY",
      "lastModifiedById": "0055i000004uSGYAA2",
      "lastModifiedByName": "Automated Process",
      "lastModifiedDate": "2022-07-14T02:07:52.000Z",
      "manageableState": "unmanaged",
      "type": "Layout"
    },
    {
      "createdById": "0055i000004uSGZAA2",
      "createdByName": "salesforce.com, inc.",
      "createdDate": "2022-07-14T02:07:52.000Z",
      "fileName": "layouts/DuplicateRecordSet-Duplicate Record Set Layout.layout",
      "fullName": "DuplicateRecordSet-Duplicate Record Set Layout",
      "id": "00h5i000007haFMAAY",
      "lastModifiedById": "0055i000004uSGZAA2",
      "lastModifiedByName": "salesforce.com, inc.",
      "lastModifiedDate": "2022-07-14T02:07:52.000Z",
      "manageableState": "unmanaged",
      "type": "Layout"
    },
    {
      "createdById": "0055i000004IvDIAA0",
      "createdByName": "Edsel Lita",
      "createdDate": "2022-07-14T02:07:52.000Z",
      "fileName": "layouts/DelegatedAccount-External Managed Account Layout.layout",
      "fullName": "DelegatedAccount-External Managed Account Layout",
      "id": "00h5i000007haEuAAI",
      "lastModifiedById": "0055i000004IvDIAA0",
      "lastModifiedByName": "Edsel Lita",
      "lastModifiedDate": "2022-07-14T02:07:52.000Z",
      "manageableState": "unmanaged",
      "type": "Layout"
    },
    {
      "createdById": "0055i000004IvDIAA0",
      "createdByName": "Edsel Lita",
      "createdDate": "2022-07-14T02:07:52.000Z",
      "fileName": "layouts/ContactPointEmail-Contact Point Email Layout.layout",
      "fullName": "ContactPointEmail-Contact Point Email Layout",
      "id": "00h5i000007haEGAAY",
      "lastModifiedById": "0055i000004IvDIAA0",
      "lastModifiedByName": "Edsel Lita",
      "lastModifiedDate": "2022-07-14T02:07:52.000Z",
      "manageableState": "unmanaged",
      "type": "Layout"
    },
    {
      "createdById": "0055i000004uSGZAA2",
      "createdByName": "salesforce.com, inc.",
      "createdDate": "2022-07-16T07:22:15.000Z",
      "fileName": "layouts/UserAlt-User Profile Layout.layout",
      "fullName": "UserAlt-User Profile Layout",
      "id": "00h5i000005Gc9IAAS",
      "lastModifiedById": "0055i000004uSGZAA2",
      "lastModifiedByName": "salesforce.com, inc.",
      "lastModifiedDate": "2022-07-16T07:22:15.000Z",
      "manageableState": "unmanaged",
      "type": "Layout"
    },
    {
      "createdById": "0055i000004uSGYAA2",
      "createdByName": "Automated Process",
      "createdDate": "2022-07-14T02:11:46.000Z",
      "fileName": "layouts/AppointmentInvitation-Appointment Invitation Layout.layout",
      "fullName": "AppointmentInvitation-Appointment Invitation Layout",
      "id": "00h5i000005GSeLAAW",
      "lastModifiedById": "0055i000004uSGYAA2",
      "lastModifiedByName": "Automated Process",
      "lastModifiedDate": "2022-07-14T02:11:46.000Z",
      "manageableState": "unmanaged",
      "type": "Layout"
    },
    {
      "createdById": "0055i000004uSGZAA2",
      "createdByName": "salesforce.com, inc.",
      "createdDate": "2022-07-14T02:07:52.000Z",
      "fileName": "layouts/BusinessBrand-Business Brand Layout.layout",
      "fullName": "BusinessBrand-Business Brand Layout",
      "id": "00h5i000007haEhAAI",
      "lastModifiedById": "0055i000004uSGZAA2",
      "lastModifiedByName": "salesforce.com, inc.",
      "lastModifiedDate": "2022-07-14T02:07:52.000Z",
      "manageableState": "unmanaged",
      "type": "Layout"
    },
    {
      "createdById": "0055i000004uSGYAA2",
      "createdByName": "Automated Process",
      "createdDate": "2022-07-14T02:07:52.000Z",
      "fileName": "layouts/WorkType-Work Type Layout.layout",
      "fullName": "WorkType-Work Type Layout",
      "id": "00h5i000007haEOAAY",
      "lastModifiedById": "0055i000004uSGYAA2",
      "lastModifiedByName": "Automated Process",
      "lastModifiedDate": "2022-07-14T02:07:52.000Z",
      "manageableState": "unmanaged",
      "type": "Layout"
    },
    {
      "createdById": "0055i000004uSGYAA2",
      "createdByName": "Automated Process",
      "createdDate": "2022-07-14T02:07:52.000Z",
      "fileName": "layouts/WorkTypeGroup-Work Type Group Layout.layout",
      "fullName": "WorkTypeGroup-Work Type Group Layout",
      "id": "00h5i000007haEcAAI",
      "lastModifiedById": "0055i000004uSGYAA2",
      "lastModifiedByName": "Automated Process",
      "lastModifiedDate": "2022-07-14T02:07:52.000Z",
      "manageableState": "unmanaged",
      "type": "Layout"
    },
    {
      "createdById": "0055i000004uSGZAA2",
      "createdByName": "salesforce.com, inc.",
      "createdDate": "2022-07-14T02:10:16.000Z",
      "fileName": "layouts/ReportAnomalyEventStore-Report Anomaly Event Store Layout.layout",
      "fullName": "ReportAnomalyEventStore-Report Anomaly Event Store Layout",
      "id": "00h5i000005GSdpAAG",
      "lastModifiedById": "0055i000004uSGZAA2",
      "lastModifiedByName": "salesforce.com, inc.",
      "lastModifiedDate": "2022-07-14T02:10:16.000Z",
      "manageableState": "unmanaged",
      "type": "Layout"
    },
    {
      "createdById": "0055i000004uSGYAA2",
      "createdByName": "Automated Process",
      "createdDate": "2022-07-14T02:07:52.000Z",
      "fileName": "layouts/ContactPointAddress-Contact Point Address Layout.layout",
      "fullName": "ContactPointAddress-Contact Point Address Layout",
      "id": "00h5i000007haEdAAI",
      "lastModifiedById": "0055i000004uSGYAA2",
      "lastModifiedByName": "Automated Process",
      "lastModifiedDate": "2022-07-14T02:07:52.000Z",
      "manageableState": "unmanaged",
      "type": "Layout"
    },
    {
      "createdById": "0055i000004uSGZAA2",
      "createdByName": "salesforce.com, inc.",
      "createdDate": "2022-07-14T02:07:52.000Z",
      "fileName": "layouts/CreditMemoLine-Credit Memo Line Layout.layout",
      "fullName": "CreditMemoLine-Credit Memo Line Layout",
      "id": "00h5i000007haENAAY",
      "lastModifiedById": "0055i000004uSGZAA2",
      "lastModifiedByName": "salesforce.com, inc.",
      "lastModifiedDate": "2022-07-14T02:07:52.000Z",
      "manageableState": "unmanaged",
      "type": "Layout"
    },
    {
      "createdById": "0055i000004uSGZAA2",
      "createdByName": "salesforce.com, inc.",
      "createdDate": "2022-07-14T02:10:16.000Z",
      "fileName": "layouts/ThreatDetectionFeedback-Threat Detection Feedback Layout.layout",
      "fullName": "ThreatDetectionFeedback-Threat Detection Feedback Layout",
      "id": "00h5i000005GSdrAAG",
      "lastModifiedById": "0055i000004uSGZAA2",
      "lastModifiedByName": "salesforce.com, inc.",
      "lastModifiedDate": "2022-07-14T02:10:16.000Z",
      "manageableState": "unmanaged",
      "type": "Layout"
    },
    {
      "createdById": "0055i000004uSGZAA2",
      "createdByName": "salesforce.com, inc.",
      "createdDate": "2022-07-14T02:10:52.000Z",
      "fileName": "layouts/WorkStepTemplate-Work Step Template Layout.layout",
      "fullName": "WorkStepTemplate-Work Step Template Layout",
      "id": "00h5i000005GSeKAAW",
      "lastModifiedById": "0055i000004uSGZAA2",
      "lastModifiedByName": "salesforce.com, inc.",
      "lastModifiedDate": "2022-07-14T02:10:52.000Z",
      "manageableState": "unmanaged",
      "type": "Layout"
    },
    {
      "createdById": "0055i000004IvDIAA0",
      "createdByName": "Edsel Lita",
      "createdDate": "2022-07-14T02:07:52.000Z",
      "fileName": "layouts/PricebookEntry-Price Book Entry Layout.layout",
      "fullName": "PricebookEntry-Price Book Entry Layout",
      "id": "00h5i000007haFDAAY",
      "lastModifiedById": "0055i000004IvDIAA0",
      "lastModifiedByName": "Edsel Lita",
      "lastModifiedDate": "2022-07-14T02:07:52.000Z",
      "manageableState": "unmanaged",
      "type": "Layout"
    },
    {
      "createdById": "0055i000004IvDIAA0",
      "createdByName": "Edsel Lita",
      "createdDate": "2022-07-15T01:54:17.000Z",
      "fileName": "layouts/Voucher__c-Voucher Layout.layout",
      "fullName": "Voucher__c-Voucher Layout",
      "id": "00h5i000005GWrnAAG",
      "lastModifiedById": "0055i000004IvDIAA0",
      "lastModifiedByName": "Edsel Lita",
      "lastModifiedDate": "2022-07-18T06:05:01.000Z",
      "manageableState": "unmanaged",
      "type": "Layout"
    },
    {
      "createdById": "0055i000004uSGZAA2",
      "createdByName": "salesforce.com, inc.",
      "createdDate": "2022-07-14T02:07:52.000Z",
      "fileName": "layouts/Payment-Payment Layout.layout",
      "fullName": "Payment-Payment Layout",
      "id": "00h5i000007haE8AAI",
      "lastModifiedById": "0055i000004uSGZAA2",
      "lastModifiedByName": "salesforce.com, inc.",
      "lastModifiedDate": "2022-07-14T02:07:52.000Z",
      "manageableState": "unmanaged",
      "type": "Layout"
    },
    {
      "createdById": "0055i000004IvDIAA0",
      "createdByName": "Edsel Lita",
      "createdDate": "2022-07-14T02:07:52.000Z",
      "fileName": "layouts/Case-Case %28Marketing%29 Layout.layout",
      "fullName": "Case-Case %28Marketing%29 Layout",
      "id": "00h5i000007haDUAAY",
      "lastModifiedById": "0055i000004IvDIAA0",
      "lastModifiedByName": "Edsel Lita",
      "lastModifiedDate": "2022-07-14T02:07:52.000Z",
      "manageableState": "unmanaged",
      "type": "Layout"
    },
    {
      "createdById": "0055i000004uSGZAA2",
      "createdByName": "salesforce.com, inc.",
      "createdDate": "2022-07-14T02:10:52.000Z",
      "fileName": "layouts/WorkPlanTemplateEntry-Work Plan Template Entry Layout.layout",
      "fullName": "WorkPlanTemplateEntry-Work Plan Template Entry Layout",
      "id": "00h5i000005GSeJAAW",
      "lastModifiedById": "0055i000004uSGZAA2",
      "lastModifiedByName": "salesforce.com, inc.",
      "lastModifiedDate": "2022-07-14T02:10:52.000Z",
      "manageableState": "unmanaged",
      "type": "Layout"
    },
    {
      "createdById": "0055i000004uSGZAA2",
      "createdByName": "salesforce.com, inc.",
      "createdDate": "2022-07-14T02:07:52.000Z",
      "fileName": "layouts/FeedItem-Feed Item Layout.layout",
      "fullName": "FeedItem-Feed Item Layout",
      "id": "00h5i000007haF2AAI",
      "lastModifiedById": "0055i000004uSGZAA2",
      "lastModifiedByName": "salesforce.com, inc.",
      "lastModifiedDate": "2022-07-14T02:07:52.000Z",
      "manageableState": "unmanaged",
      "type": "Layout"
    },
    {
      "createdById": "0055i000004IvDIAA0",
      "createdByName": "Edsel Lita",
      "createdDate": "2022-07-14T02:07:52.000Z",
      "fileName": "layouts/Account-Account %28Support%29 Layout.layout",
      "fullName": "Account-Account %28Support%29 Layout",
      "id": "00h5i000007haDiAAI",
      "lastModifiedById": "0055i000004IvDIAA0",
      "lastModifiedByName": "Edsel Lita",
      "lastModifiedDate": "2022-07-14T02:07:52.000Z",
      "manageableState": "unmanaged",
      "type": "Layout"
    },
    {
      "createdById": "0055i000004uSGZAA2",
      "createdByName": "salesforce.com, inc.",
      "createdDate": "2022-07-14T02:07:52.000Z",
      "fileName": "layouts/AssetAction-Asset Action Layout.layout",
      "fullName": "AssetAction-Asset Action Layout",
      "id": "00h5i000007haEvAAI",
      "lastModifiedById": "0055i000004uSGZAA2",
      "lastModifiedByName": "salesforce.com, inc.",
      "lastModifiedDate": "2022-07-14T02:07:52.000Z",
      "manageableState": "unmanaged",
      "type": "Layout"
    },
    {
      "createdById": "0055i000004IvDIAA0",
      "createdByName": "Edsel Lita",
      "createdDate": "2022-07-15T01:49:55.000Z",
      "fileName": "layouts/Certification__c-Certification Layout.layout",
      "fullName": "Certification__c-Certification Layout",
      "id": "00h5i000005GWrYAAW",
      "lastModifiedById": "0055i000004IvDIAA0",
      "lastModifiedByName": "Edsel Lita",
      "lastModifiedDate": "2022-07-15T02:21:06.000Z",
      "manageableState": "unmanaged",
      "type": "Layout"
    },
    {
      "createdById": "0055i000004uSGZAA2",
      "createdByName": "salesforce.com, inc.",
      "createdDate": "2022-07-14T02:07:52.000Z",
      "fileName": "layouts/CardPaymentMethod-Card Payment Method Layout.layout",
      "fullName": "CardPaymentMethod-Card Payment Method Layout",
      "id": "00h5i000007haE9AAI",
      "lastModifiedById": "0055i000004uSGZAA2",
      "lastModifiedByName": "salesforce.com, inc.",
      "lastModifiedDate": "2022-07-14T02:07:52.000Z",
      "manageableState": "unmanaged",
      "type": "Layout"
    },
    {
      "createdById": "0055i000004IvDIAA0",
      "createdByName": "Edsel Lita",
      "createdDate": "2022-07-14T02:07:52.000Z",
      "fileName": "layouts/Contract-Contract Layout.layout",
      "fullName": "Contract-Contract Layout",
      "id": "00h5i000007haFmAAI",
      "lastModifiedById": "0055i000004IvDIAA0",
      "lastModifiedByName": "Edsel Lita",
      "lastModifiedDate": "2022-07-14T02:07:52.000Z",
      "manageableState": "unmanaged",
      "type": "Layout"
    },
    {
      "createdById": "0055i000004uSGZAA2",
      "createdByName": "salesforce.com, inc.",
      "createdDate": "2022-07-14T02:07:52.000Z",
      "fileName": "layouts/InvoiceLine-Invoice Line Layout.layout",
      "fullName": "InvoiceLine-Invoice Line Layout",
      "id": "00h5i000007haELAAY",
      "lastModifiedById": "0055i000004uSGZAA2",
      "lastModifiedByName": "salesforce.com, inc.",
      "lastModifiedDate": "2022-07-14T02:07:52.000Z",
      "manageableState": "unmanaged",
      "type": "Layout"
    },
    {
      "createdById": "0055i000004IvDIAA0",
      "createdByName": "Edsel Lita",
      "createdDate": "2022-07-17T14:46:21.000Z",
      "fileName": "layouts/Voucher__c-LayoutForAppUser.layout",
      "fullName": "Voucher__c-LayoutForAppUser",
      "id": "00h5i000005GdtTAAS",
      "lastModifiedById": "0055i000004IvDIAA0",
      "lastModifiedByName": "Edsel Lita",
      "lastModifiedDate": "2022-07-18T06:05:01.000Z",
      "manageableState": "unmanaged",
      "type": "Layout"
    },
    {
      "createdById": "0055i000004uSGZAA2",
      "createdByName": "salesforce.com, inc.",
      "createdDate": "2022-07-14T02:07:52.000Z",
      "fileName": "layouts/AssetActionSource-Asset Action Source Layout.layout",
      "fullName": "AssetActionSource-Asset Action Source Layout",
      "id": "00h5i000007haEwAAI",
      "lastModifiedById": "0055i000004uSGZAA2",
      "lastModifiedByName": "salesforce.com, inc.",
      "lastModifiedDate": "2022-07-14T02:07:52.000Z",
      "manageableState": "unmanaged",
      "type": "Layout"
    },
    {
      "createdById": "0055i000004uSGZAA2",
      "createdByName": "salesforce.com, inc.",
      "createdDate": "2022-07-14T02:07:52.000Z",
      "fileName": "layouts/Customer-Customer Layout.layout",
      "fullName": "Customer-Customer Layout",
      "id": "00h5i000007haEfAAI",
      "lastModifiedById": "0055i000004uSGZAA2",
      "lastModifiedByName": "salesforce.com, inc.",
      "lastModifiedDate": "2022-07-14T02:07:52.000Z",
      "manageableState": "unmanaged",
      "type": "Layout"
    },
    {
      "createdById": "0055i000004uSGZAA2",
      "createdByName": "salesforce.com, inc.",
      "createdDate": "2022-07-14T02:10:25.000Z",
      "fileName": "layouts/EmailMessage-Email Message Layout.layout",
      "fullName": "EmailMessage-Email Message Layout",
      "id": "00h5i000005GSdtAAG",
      "lastModifiedById": "0055i000004uSGZAA2",
      "lastModifiedByName": "salesforce.com, inc.",
      "lastModifiedDate": "2022-07-14T02:10:25.000Z",
      "manageableState": "unmanaged",
      "type": "Layout"
    },
    {
      "createdById": "0055i000004uSGZAA2",
      "createdByName": "salesforce.com, inc.",
      "createdDate": "2022-07-14T02:07:52.000Z",
      "fileName": "layouts/PaymentGroup-Payment Group Layout.layout",
      "fullName": "PaymentGroup-Payment Group Layout",
      "id": "00h5i000007haE6AAI",
      "lastModifiedById": "0055i000004uSGZAA2",
      "lastModifiedByName": "salesforce.com, inc.",
      "lastModifiedDate": "2022-07-14T02:07:52.000Z",
      "manageableState": "unmanaged",
      "type": "Layout"
    },
    {
      "createdById": "0055i000004IvDIAA0",
      "createdByName": "Edsel Lita",
      "createdDate": "2022-07-14T02:07:52.000Z",
      "fileName": "layouts/Opportunity-Opportunity Layout.layout",
      "fullName": "Opportunity-Opportunity Layout",
      "id": "00h5i000007haDbAAI",
      "lastModifiedById": "0055i000004IvDIAA0",
      "lastModifiedByName": "Edsel Lita",
      "lastModifiedDate": "2022-07-14T02:07:52.000Z",
      "manageableState": "unmanaged",
      "type": "Layout"
    },
    {
      "createdById": "0055i000004uSGZAA2",
      "createdByName": "salesforce.com, inc.",
      "createdDate": "2022-07-14T02:10:16.000Z",
      "fileName": "layouts/CredentialStuffingEventStore-Credential Stuffing Event Store Layout.layout",
      "fullName": "CredentialStuffingEventStore-Credential Stuffing Event Store Layout",
      "id": "00h5i000005GSdeAAG",
      "lastModifiedById": "0055i000004uSGZAA2",
      "lastModifiedByName": "salesforce.com, inc.",
      "lastModifiedDate": "2022-07-14T02:10:16.000Z",
      "manageableState": "unmanaged",
      "type": "Layout"
    },
    {
      "createdById": "0055i000004IvDIAA0",
      "createdByName": "Edsel Lita",
      "createdDate": "2022-07-14T02:07:52.000Z",
      "fileName": "layouts/Account-Account %28Marketing%29 Layout.layout",
      "fullName": "Account-Account %28Marketing%29 Layout",
      "id": "00h5i000007haDgAAI",
      "lastModifiedById": "0055i000004IvDIAA0",
      "lastModifiedByName": "Edsel Lita",
      "lastModifiedDate": "2022-07-14T02:07:52.000Z",
      "manageableState": "unmanaged",
      "type": "Layout"
    },
    {
      "createdById": "0055i000004uSGZAA2",
      "createdByName": "salesforce.com, inc.",
      "createdDate": "2022-07-14T02:10:06.000Z",
      "fileName": "layouts/AuthorizationFormDataUse-Authorization Form Data Use Layout.layout",
      "fullName": "AuthorizationFormDataUse-Authorization Form Data Use Layout",
      "id": "00h5i000005GSdUAAW",
      "lastModifiedById": "0055i000004IvDIAA0",
      "lastModifiedByName": "Edsel Lita",
      "lastModifiedDate": "2022-07-14T02:10:06.000Z",
      "manageableState": "unmanaged",
      "type": "Layout"
    },
    {
      "createdById": "0055i000004IvDIAA0",
      "createdByName": "Edsel Lita",
      "createdDate": "2022-07-14T02:11:28.000Z",
      "fileName": "layouts/ContractLineItem-Contract Line Item Layout.layout",
      "fullName": "ContractLineItem-Contract Line Item Layout",
      "id": "00h5i000005GSekAAG",
      "lastModifiedById": "0055i000004IvDIAA0",
      "lastModifiedByName": "Edsel Lita",
      "lastModifiedDate": "2022-07-14T02:11:28.000Z",
      "manageableState": "unmanaged",
      "type": "Layout"
    },
    {
      "createdById": "0055i000004uSGZAA2",
      "createdByName": "salesforce.com, inc.",
      "createdDate": "2022-07-14T02:10:27.000Z",
      "fileName": "layouts/UserProvAccount-User Provisioning Account Layout.layout",
      "fullName": "UserProvAccount-User Provisioning Account Layout",
      "id": "00h5i000005GSdwAAG",
      "lastModifiedById": "0055i000004uSGZAA2",
      "lastModifiedByName": "salesforce.com, inc.",
      "lastModifiedDate": "2022-07-14T02:10:27.000Z",
      "manageableState": "unmanaged",
      "type": "Layout"
    },
    {
      "createdById": "0055i000004uSGZAA2",
      "createdByName": "salesforce.com, inc.",
      "createdDate": "2022-07-14T02:07:52.000Z",
      "fileName": "layouts/PaymentGateway-Payment Gateway Layout.layout",
      "fullName": "PaymentGateway-Payment Gateway Layout",
      "id": "00h5i000007haE5AAI",
      "lastModifiedById": "0055i000004uSGZAA2",
      "lastModifiedByName": "salesforce.com, inc.",
      "lastModifiedDate": "2022-07-14T02:07:52.000Z",
      "manageableState": "unmanaged",
      "type": "Layout"
    },
    {
      "createdById": "0055i000004IvDIAA0",
      "createdByName": "Edsel Lita",
      "createdDate": "2022-07-14T02:07:52.000Z",
      "fileName": "layouts/ContentVersion-Content Version Layout.layout",
      "fullName": "ContentVersion-Content Version Layout",
      "id": "00h5i000007haFvAAI",
      "lastModifiedById": "0055i000004IvDIAA0",
      "lastModifiedByName": "Edsel Lita",
      "lastModifiedDate": "2022-07-14T02:07:52.000Z",
      "manageableState": "unmanaged",
      "type": "Layout"
    },
    {
      "createdById": "0055i000004uSGZAA2",
      "createdByName": "salesforce.com, inc.",
      "createdDate": "2022-07-14T02:07:52.000Z",
      "fileName": "layouts/RefundLinePayment-Refund Line Payment Layout.layout",
      "fullName": "RefundLinePayment-Refund Line Payment Layout",
      "id": "00h5i000007haE4AAI",
      "lastModifiedById": "0055i000004uSGZAA2",
      "lastModifiedByName": "salesforce.com, inc.",
      "lastModifiedDate": "2022-07-14T02:07:52.000Z",
      "manageableState": "unmanaged",
      "type": "Layout"
    },
    {
      "createdById": "0055i000004IvDIAA0",
      "createdByName": "Edsel Lita",
      "createdDate": "2022-07-14T02:07:52.000Z",
      "fileName": "layouts/User-User Layout.layout",
      "fullName": "User-User Layout",
      "id": "00h5i000007haFuAAI",
      "lastModifiedById": "0055i000004IvDIAA0",
      "lastModifiedByName": "Edsel Lita",
      "lastModifiedDate": "2022-07-14T02:07:52.000Z",
      "manageableState": "unmanaged",
      "type": "Layout"
    },
    {
      "createdById": "0055i000004uSGZAA2",
      "createdByName": "salesforce.com, inc.",
      "createdDate": "2022-07-14T02:07:52.000Z",
      "fileName": "layouts/ReturnOrderLineItem-Return Order Line Item Layout.layout",
      "fullName": "ReturnOrderLineItem-Return Order Line Item Layout",
      "id": "00h5i000007haEzAAI",
      "lastModifiedById": "0055i000004uSGZAA2",
      "lastModifiedByName": "salesforce.com, inc.",
      "lastModifiedDate": "2022-07-14T02:07:52.000Z",
      "manageableState": "unmanaged",
      "type": "Layout"
    },
    {
      "createdById": "0055i000004uSGZAA2",
      "createdByName": "salesforce.com, inc.",
      "createdDate": "2022-07-14T02:10:27.000Z",
      "fileName": "layouts/UserProvisioningRequest-User Provisioning Request Layout.layout",
      "fullName": "UserProvisioningRequest-User Provisioning Request Layout",
      "id": "00h5i000005GSduAAG",
      "lastModifiedById": "0055i000004uSGZAA2",
      "lastModifiedByName": "salesforce.com, inc.",
      "lastModifiedDate": "2022-07-14T02:10:27.000Z",
      "manageableState": "unmanaged",
      "type": "Layout"
    },
    {
      "createdById": "0055i000004uSGZAA2",
      "createdByName": "salesforce.com, inc.",
      "createdDate": "2022-07-14T02:10:06.000Z",
      "fileName": "layouts/DataUseLegalBasis-Data Use Legal Basis Layout.layout",
      "fullName": "DataUseLegalBasis-Data Use Legal Basis Layout",
      "id": "00h5i000005GSdcAAG",
      "lastModifiedById": "0055i000004IvDIAA0",
      "lastModifiedByName": "Edsel Lita",
      "lastModifiedDate": "2022-07-14T02:10:06.000Z",
      "manageableState": "unmanaged",
      "type": "Layout"
    },
    {
      "createdById": "0055i000004IvDIAA0",
      "createdByName": "Edsel Lita",
      "createdDate": "2022-07-15T01:48:48.000Z",
      "fileName": "layouts/Employee__c-Employee Layout.layout",
      "fullName": "Employee__c-Employee Layout",
      "id": "00h5i000005GWrEAAW",
      "lastModifiedById": "0055i000004IvDIAA0",
      "lastModifiedByName": "Edsel Lita",
      "lastModifiedDate": "2022-07-15T07:21:22.000Z",
      "manageableState": "unmanaged",
      "type": "Layout"
    },
    {
      "createdById": "0055i000004IvDIAA0",
      "createdByName": "Edsel Lita",
      "createdDate": "2022-07-14T02:07:52.000Z",
      "fileName": "layouts/Contact-Contact Layout.layout",
      "fullName": "Contact-Contact Layout",
      "id": "00h5i000007haDfAAI",
      "lastModifiedById": "0055i000004IvDIAA0",
      "lastModifiedByName": "Edsel Lita",
      "lastModifiedDate": "2022-07-14T02:07:52.000Z",
      "manageableState": "unmanaged",
      "type": "Layout"
    },
    {
      "createdById": "0055i000004IvDIAA0",
      "createdByName": "Edsel Lita",
      "createdDate": "2022-07-14T02:07:52.000Z",
      "fileName": "layouts/ScorecardMetric-Scorecard Metric Layout.layout",
      "fullName": "ScorecardMetric-Scorecard Metric Layout",
      "id": "00h5i000007haGAAAY",
      "lastModifiedById": "0055i000004IvDIAA0",
      "lastModifiedByName": "Edsel Lita",
      "lastModifiedDate": "2022-07-14T02:07:52.000Z",
      "manageableState": "unmanaged",
      "type": "Layout"
    },
    {
      "createdById": "0055i000004IvDIAA0",
      "createdByName": "Edsel Lita",
      "createdDate": "2022-07-14T02:07:52.000Z",
      "fileName": "layouts/Lead-Lead %28Marketing%29 Layout.layout",
      "fullName": "Lead-Lead %28Marketing%29 Layout",
      "id": "00h5i000007haDkAAI",
      "lastModifiedById": "0055i000004IvDIAA0",
      "lastModifiedByName": "Edsel Lita",
      "lastModifiedDate": "2022-07-14T02:07:52.000Z",
      "manageableState": "unmanaged",
      "type": "Layout"
    },
    {
      "createdById": "0055i000004IvDIAA0",
      "createdByName": "Edsel Lita",
      "createdDate": "2022-07-14T02:11:27.000Z",
      "fileName": "layouts/ServiceContract-Service Contract Layout.layout",
      "fullName": "ServiceContract-Service Contract Layout",
      "id": "00h5i000005GSejAAG",
      "lastModifiedById": "0055i000004IvDIAA0",
      "lastModifiedByName": "Edsel Lita",
      "lastModifiedDate": "2022-07-14T02:11:27.000Z",
      "manageableState": "unmanaged",
      "type": "Layout"
    },
    {
      "createdById": "0055i000004uSGZAA2",
      "createdByName": "salesforce.com, inc.",
      "createdDate": "2022-07-14T02:10:17.000Z",
      "fileName": "layouts/ApiAnomalyEventStore-API Anomaly Event Store Layout.layout",
      "fullName": "ApiAnomalyEventStore-API Anomaly Event Store Layout",
      "id": "00h5i000005GSdsAAG",
      "lastModifiedById": "0055i000004uSGZAA2",
      "lastModifiedByName": "salesforce.com, inc.",
      "lastModifiedDate": "2022-07-14T02:10:17.000Z",
      "manageableState": "unmanaged",
      "type": "Layout"
    },
    {
      "createdById": "0055i000004IvDIAA0",
      "createdByName": "Edsel Lita",
      "createdDate": "2022-07-14T02:07:52.000Z",
      "fileName": "layouts/Campaign-Campaign Layout.layout",
      "fullName": "Campaign-Campaign Layout",
      "id": "00h5i000007haDqAAI",
      "lastModifiedById": "0055i000004IvDIAA0",
      "lastModifiedByName": "Edsel Lita",
      "lastModifiedDate": "2022-07-14T02:10:33.000Z",
      "manageableState": "unmanaged",
      "type": "Layout"
    },
    {
      "createdById": "0055i000004IvDIAA0",
      "createdByName": "Edsel Lita",
      "createdDate": "2022-07-14T02:07:52.000Z",
      "fileName": "layouts/Contact-Contact %28Marketing%29 Layout.layout",
      "fullName": "Contact-Contact %28Marketing%29 Layout",
      "id": "00h5i000007haDcAAI",
      "lastModifiedById": "0055i000004IvDIAA0",
      "lastModifiedByName": "Edsel Lita",
      "lastModifiedDate": "2022-07-14T02:07:52.000Z",
      "manageableState": "unmanaged",
      "type": "Layout"
    },
    {
      "createdById": "0055i000004uSGYAA2",
      "createdByName": "Automated Process",
      "createdDate": "2022-07-14T02:07:52.000Z",
      "fileName": "layouts/ServiceTerritory-Service Territory Layout.layout",
      "fullName": "ServiceTerritory-Service Territory Layout",
      "id": "00h5i000007haEQAAY",
      "lastModifiedById": "0055i000004uSGYAA2",
      "lastModifiedByName": "Automated Process",
      "lastModifiedDate": "2022-07-14T02:07:52.000Z",
      "manageableState": "unmanaged",
      "type": "Layout"
    },
    {
      "createdById": "0055i000004IvDIAA0",
      "createdByName": "Edsel Lita",
      "createdDate": "2022-07-14T02:07:52.000Z",
      "fileName": "layouts/Case-Case %28Support%29 Layout.layout",
      "fullName": "Case-Case %28Support%29 Layout",
      "id": "00h5i000007haDWAAY",
      "lastModifiedById": "0055i000004IvDIAA0",
      "lastModifiedByName": "Edsel Lita",
      "lastModifiedDate": "2022-07-14T02:07:52.000Z",
      "manageableState": "unmanaged",
      "type": "Layout"
    },
    {
      "createdById": "0055i000004uSGZAA2",
      "createdByName": "salesforce.com, inc.",
      "createdDate": "2022-07-14T02:10:52.000Z",
      "fileName": "layouts/WorkPlanTemplate-Work Plan Template Layout.layout",
      "fullName": "WorkPlanTemplate-Work Plan Template Layout",
      "id": "00h5i000005GSeIAAW",
      "lastModifiedById": "0055i000004uSGZAA2",
      "lastModifiedByName": "salesforce.com, inc.",
      "lastModifiedDate": "2022-07-14T02:10:52.000Z",
      "manageableState": "unmanaged",
      "type": "Layout"
    },
    {
      "createdById": "0055i000004IvDIAA0",
      "createdByName": "Edsel Lita",
      "createdDate": "2022-07-14T02:07:52.000Z",
      "fileName": "layouts/OrderItem-Order Product Layout.layout",
      "fullName": "OrderItem-Order Product Layout",
      "id": "00h5i000007haFrAAI",
      "lastModifiedById": "0055i000004IvDIAA0",
      "lastModifiedByName": "Edsel Lita",
      "lastModifiedDate": "2022-07-14T02:07:52.000Z",
      "manageableState": "unmanaged",
      "type": "Layout"
    },
    {
      "createdById": "0055i000004IvDIAA0",
      "createdByName": "Edsel Lita",
      "createdDate": "2022-07-14T02:07:52.000Z",
      "fileName": "layouts/Individual-Individual Layout.layout",
      "fullName": "Individual-Individual Layout",
      "id": "00h5i000007haF8AAI",
      "lastModifiedById": "0055i000004IvDIAA0",
      "lastModifiedByName": "Edsel Lita",
      "lastModifiedDate": "2022-07-14T02:07:52.000Z",
      "manageableState": "unmanaged",
      "type": "Layout"
    },
    {
      "createdById": "0055i000004uSGZAA2",
      "createdByName": "salesforce.com, inc.",
      "createdDate": "2022-07-14T02:10:52.000Z",
      "fileName": "layouts/WorkStep-Work Step Layout.layout",
      "fullName": "WorkStep-Work Step Layout",
      "id": "00h5i000005GSeHAAW",
      "lastModifiedById": "0055i000004uSGZAA2",
      "lastModifiedByName": "salesforce.com, inc.",
      "lastModifiedDate": "2022-07-14T02:10:52.000Z",
      "manageableState": "unmanaged",
      "type": "Layout"
    },
    {
      "createdById": "0055i000004uSGYAA2",
      "createdByName": "Automated Process",
      "createdDate": "2022-07-14T02:07:52.000Z",
      "fileName": "layouts/ServiceResource-Service Resource Layout.layout",
      "fullName": "ServiceResource-Service Resource Layout",
      "id": "00h5i000007haEPAAY",
      "lastModifiedById": "0055i000004uSGYAA2",
      "lastModifiedByName": "Automated Process",
      "lastModifiedDate": "2022-07-14T02:07:52.000Z",
      "manageableState": "unmanaged",
      "type": "Layout"
    },
    {
      "createdById": "0055i000004IvDIAA0",
      "createdByName": "Edsel Lita",
      "createdDate": "2022-07-14T02:07:52.000Z",
      "fileName": "layouts/Case-Case %28Sales%29 Layout.layout",
      "fullName": "Case-Case %28Sales%29 Layout",
      "id": "00h5i000007haDVAAY",
      "lastModifiedById": "0055i000004IvDIAA0",
      "lastModifiedByName": "Edsel Lita",
      "lastModifiedDate": "2022-07-14T02:07:52.000Z",
      "manageableState": "unmanaged",
      "type": "Layout"
    },
    {
      "createdById": "0055i000004IvDIAA0",
      "createdByName": "Edsel Lita",
      "createdDate": "2022-07-14T02:07:52.000Z",
      "fileName": "layouts/Contact-Contact %28Support%29 Layout.layout",
      "fullName": "Contact-Contact %28Support%29 Layout",
      "id": "00h5i000007haDeAAI",
      "lastModifiedById": "0055i000004IvDIAA0",
      "lastModifiedByName": "Edsel Lita",
      "lastModifiedDate": "2022-07-14T02:07:52.000Z",
      "manageableState": "unmanaged",
      "type": "Layout"
    },
    {
      "createdById": "0055i000004IvDIAA0",
      "createdByName": "Edsel Lita",
      "createdDate": "2022-07-14T02:07:52.000Z",
      "fileName": "layouts/Account-Account Layout.layout",
      "fullName": "Account-Account Layout",
      "id": "00h5i000007haDjAAI",
      "lastModifiedById": "0055i000004IvDIAA0",
      "lastModifiedByName": "Edsel Lita",
      "lastModifiedDate": "2022-07-14T02:07:52.000Z",
      "manageableState": "unmanaged",
      "type": "Layout"
    },
    {
      "createdById": "0055i000004uSGZAA2",
      "createdByName": "salesforce.com, inc.",
      "createdDate": "2022-07-14T02:07:52.000Z",
      "fileName": "layouts/ConsumptionSchedule-Consumption Schedule Layout.layout",
      "fullName": "ConsumptionSchedule-Consumption Schedule Layout",
      "id": "00h5i000007haF9AAI",
      "lastModifiedById": "0055i000004uSGZAA2",
      "lastModifiedByName": "salesforce.com, inc.",
      "lastModifiedDate": "2022-07-14T02:07:52.000Z",
      "manageableState": "unmanaged",
      "type": "Layout"
    },
    {
      "createdById": "0055i000004IvDIAA0",
      "createdByName": "Edsel Lita",
      "createdDate": "2022-07-14T02:11:28.000Z",
      "fileName": "layouts/EntityMilestone-Object Milestone Layout.layout",
      "fullName": "EntityMilestone-Object Milestone Layout",
      "id": "00h5i000005GSemAAG",
      "lastModifiedById": "0055i000004IvDIAA0",
      "lastModifiedByName": "Edsel Lita",
      "lastModifiedDate": "2022-07-14T02:11:28.000Z",
      "manageableState": "unmanaged",
      "type": "Layout"
    },
    {
      "createdById": "0055i000004IvDIAA0",
      "createdByName": "Edsel Lita",
      "createdDate": "2022-07-14T02:07:52.000Z",
      "fileName": "layouts/CaseClose-Close Case Layout.layout",
      "fullName": "CaseClose-Close Case Layout",
      "id": "00h5i000007haFlAAI",
      "lastModifiedById": "0055i000004IvDIAA0",
      "lastModifiedByName": "Edsel Lita",
      "lastModifiedDate": "2022-07-14T02:07:52.000Z",
      "manageableState": "unmanaged",
      "type": "Layout"
    },
    {
      "createdById": "0055i000004IvDIAA0",
      "createdByName": "Edsel Lita",
      "createdDate": "2022-07-14T02:07:52.000Z",
      "fileName": "layouts/Case-Case Layout.layout",
      "fullName": "Case-Case Layout",
      "id": "00h5i000007haDXAAY",
      "lastModifiedById": "0055i000004IvDIAA0",
      "lastModifiedByName": "Edsel Lita",
      "lastModifiedDate": "2022-07-14T02:07:52.000Z",
      "manageableState": "unmanaged",
      "type": "Layout"
    },
    {
      "createdById": "0055i000004IvDIAA0",
      "createdByName": "Edsel Lita",
      "createdDate": "2022-07-14T02:07:52.000Z",
      "fileName": "layouts/ContactPointPhone-Contact Point Phone Layout.layout",
      "fullName": "ContactPointPhone-Contact Point Phone Layout",
      "id": "00h5i000007haEFAAY",
      "lastModifiedById": "0055i000004IvDIAA0",
      "lastModifiedByName": "Edsel Lita",
      "lastModifiedDate": "2022-07-14T02:07:52.000Z",
      "manageableState": "unmanaged",
      "type": "Layout"
    },
    {
      "createdById": "0055i000004uSGYAA2",
      "createdByName": "Automated Process",
      "createdDate": "2022-07-14T02:07:52.000Z",
      "fileName": "layouts/WorkTypeGroupMember-Work Type Group Member Layout.layout",
      "fullName": "WorkTypeGroupMember-Work Type Group Member Layout",
      "id": "00h5i000007haEbAAI",
      "lastModifiedById": "0055i000004uSGYAA2",
      "lastModifiedByName": "Automated Process",
      "lastModifiedDate": "2022-07-14T02:07:52.000Z",
      "manageableState": "unmanaged",
      "type": "Layout"
    },
    {
      "createdById": "0055i000004uSGZAA2",
      "createdByName": "salesforce.com, inc.",
      "createdDate": "2022-07-14T02:07:52.000Z",
      "fileName": "layouts/LegalEntity-Legal Entity Layout.layout",
      "fullName": "LegalEntity-Legal Entity Layout",
      "id": "00h5i000007haF5AAI",
      "lastModifiedById": "0055i000004uSGZAA2",
      "lastModifiedByName": "salesforce.com, inc.",
      "lastModifiedDate": "2022-07-14T02:07:52.000Z",
      "manageableState": "unmanaged",
      "type": "Layout"
    },
    {
      "createdById": "0055i000004uSGZAA2",
      "createdByName": "salesforce.com, inc.",
      "createdDate": "2022-07-14T02:07:52.000Z",
      "fileName": "layouts/WebStoreConfig-Web Store Configuration Layout.layout",
      "fullName": "WebStoreConfig-Web Store Configuration Layout",
      "id": "00h5i000007haErAAI",
      "lastModifiedById": "0055i000004uSGZAA2",
      "lastModifiedByName": "salesforce.com, inc.",
      "lastModifiedDate": "2022-07-14T02:07:52.000Z",
      "manageableState": "unmanaged",
      "type": "Layout"
    },
    {
      "createdById": "0055i000004uSGYAA2",
      "createdByName": "Automated Process",
      "createdDate": "2022-07-14T02:07:52.000Z",
      "fileName": "layouts/SkillRequirement-Skill Requirement Layout.layout",
      "fullName": "SkillRequirement-Skill Requirement Layout",
      "id": "00h5i000007haETAAY",
      "lastModifiedById": "0055i000004uSGYAA2",
      "lastModifiedByName": "Automated Process",
      "lastModifiedDate": "2022-07-14T02:07:52.000Z",
      "manageableState": "unmanaged",
      "type": "Layout"
    },
    {
      "createdById": "0055i000004uSGZAA2",
      "createdByName": "salesforce.com, inc.",
      "createdDate": "2022-07-14T02:10:05.000Z",
      "fileName": "layouts/AuthorizationForm-Authorization Form Layout.layout",
      "fullName": "AuthorizationForm-Authorization Form Layout",
      "id": "00h5i000005GSdRAAW",
      "lastModifiedById": "0055i000004IvDIAA0",
      "lastModifiedByName": "Edsel Lita",
      "lastModifiedDate": "2022-07-14T02:10:06.000Z",
      "manageableState": "unmanaged",
      "type": "Layout"
    },
    {
      "createdById": "0055i000004uSGZAA2",
      "createdByName": "salesforce.com, inc.",
      "createdDate": "2022-07-14T02:07:52.000Z",
      "fileName": "layouts/WebStore-Store Layout.layout",
      "fullName": "WebStore-Store Layout",
      "id": "00h5i000007haEiAAI",
      "lastModifiedById": "0055i000004uSGZAA2",
      "lastModifiedByName": "salesforce.com, inc.",
      "lastModifiedDate": "2022-07-14T02:07:52.000Z",
      "manageableState": "unmanaged",
      "type": "Layout"
    },
    {
      "createdById": "0055i000004uSGZAA2",
      "createdByName": "salesforce.com, inc.",
      "createdDate": "2022-07-14T02:07:52.000Z",
      "fileName": "layouts/AssetStatePeriod-Asset State Period Layout.layout",
      "fullName": "AssetStatePeriod-Asset State Period Layout",
      "id": "00h5i000007haExAAI",
      "lastModifiedById": "0055i000004uSGZAA2",
      "lastModifiedByName": "salesforce.com, inc.",
      "lastModifiedDate": "2022-07-14T02:07:52.000Z",
      "manageableState": "unmanaged",
      "type": "Layout"
    },
    {
      "createdById": "0055i000004uSGZAA2",
      "createdByName": "salesforce.com, inc.",
      "createdDate": "2022-07-14T02:07:52.000Z",
      "fileName": "layouts/PaymentLineInvoice-Payment Line Invoice Layout.layout",
      "fullName": "PaymentLineInvoice-Payment Line Invoice Layout",
      "id": "00h5i000007haEBAAY",
      "lastModifiedById": "0055i000004uSGZAA2",
      "lastModifiedByName": "salesforce.com, inc.",
      "lastModifiedDate": "2022-07-14T02:07:52.000Z",
      "manageableState": "unmanaged",
      "type": "Layout"
    },
    {
      "createdById": "0055i000004uSGYAA2",
      "createdByName": "Automated Process",
      "createdDate": "2022-07-14T02:07:52.000Z",
      "fileName": "layouts/OperatingHours-Operating Hours Layout.layout",
      "fullName": "OperatingHours-Operating Hours Layout",
      "id": "00h5i000007haEUAAY",
      "lastModifiedById": "0055i000004uSGYAA2",
      "lastModifiedByName": "Automated Process",
      "lastModifiedDate": "2022-07-14T02:07:52.000Z",
      "manageableState": "unmanaged",
      "type": "Layout"
    },
    {
      "createdById": "0055i000004uSGZAA2",
      "createdByName": "salesforce.com, inc.",
      "createdDate": "2022-07-14T02:07:52.000Z",
      "fileName": "layouts/FinanceTransaction-Finance Transaction Layout.layout",
      "fullName": "FinanceTransaction-Finance Transaction Layout",
      "id": "00h5i000007haF4AAI",
      "lastModifiedById": "0055i000004uSGZAA2",
      "lastModifiedByName": "salesforce.com, inc.",
      "lastModifiedDate": "2022-07-14T02:07:52.000Z",
      "manageableState": "unmanaged",
      "type": "Layout"
    },
    {
      "createdById": "0055i000004IvDIAA0",
      "createdByName": "Edsel Lita",
      "createdDate": "2022-07-14T02:07:52.000Z",
      "fileName": "layouts/Asset-Asset Layout.layout",
      "fullName": "Asset-Asset Layout",
      "id": "00h5i000007haFkAAI",
      "lastModifiedById": "0055i000004IvDIAA0",
      "lastModifiedByName": "Edsel Lita",
      "lastModifiedDate": "2022-07-14T02:07:52.000Z",
      "manageableState": "unmanaged",
      "type": "Layout"
    },
    {
      "createdById": "0055i000004IvDIAA0",
      "createdByName": "Edsel Lita",
      "createdDate": "2022-07-14T02:11:27.000Z",
      "fileName": "layouts/Entitlement-Entitlement Layout.layout",
      "fullName": "Entitlement-Entitlement Layout",
      "id": "00h5i000005GSeiAAG",
      "lastModifiedById": "0055i000004IvDIAA0",
      "lastModifiedByName": "Edsel Lita",
      "lastModifiedDate": "2022-07-14T02:11:27.000Z",
      "manageableState": "unmanaged",
      "type": "Layout"
    },
    {
      "createdById": "0055i000004IvDIAA0",
      "createdByName": "Edsel Lita",
      "createdDate": "2022-07-14T02:07:52.000Z",
      "fileName": "layouts/Event-Event Layout.layout",
      "fullName": "Event-Event Layout",
      "id": "00h5i000007haFnAAI",
      "lastModifiedById": "0055i000004IvDIAA0",
      "lastModifiedByName": "Edsel Lita",
      "lastModifiedDate": "2022-07-14T02:10:55.000Z",
      "manageableState": "unmanaged",
      "type": "Layout"
    },
    {
      "createdById": "0055i000004uSGYAA2",
      "createdByName": "Automated Process",
      "createdDate": "2022-07-14T02:07:52.000Z",
      "fileName": "layouts/ResourceAbsence-Resource Absence Layout.layout",
      "fullName": "ResourceAbsence-Resource Absence Layout",
      "id": "00h5i000007haEVAAY",
      "lastModifiedById": "0055i000004uSGYAA2",
      "lastModifiedByName": "Automated Process",
      "lastModifiedDate": "2022-07-14T02:07:52.000Z",
      "manageableState": "unmanaged",
      "type": "Layout"
    },
    {
      "createdById": "0055i000004uSGZAA2",
      "createdByName": "salesforce.com, inc.",
      "createdDate": "2022-07-14T02:10:05.000Z",
      "fileName": "layouts/AuthorizationFormConsent-Authorization Form Consent Layout.layout",
      "fullName": "AuthorizationFormConsent-Authorization Form Consent Layout",
      "id": "00h5i000005GSdTAAW",
      "lastModifiedById": "0055i000004IvDIAA0",
      "lastModifiedByName": "Edsel Lita",
      "lastModifiedDate": "2022-07-14T02:10:06.000Z",
      "manageableState": "unmanaged",
      "type": "Layout"
    },
    {
      "createdById": "0055i000004IvDIAA0",
      "createdByName": "Edsel Lita",
      "createdDate": "2022-07-14T02:07:52.000Z",
      "fileName": "layouts/Order-Order Layout.layout",
      "fullName": "Order-Order Layout",
      "id": "00h5i000007haFqAAI",
      "lastModifiedById": "0055i000004IvDIAA0",
      "lastModifiedByName": "Edsel Lita",
      "lastModifiedDate": "2022-07-14T02:07:52.000Z",
      "manageableState": "unmanaged",
      "type": "Layout"
    },
    {
      "createdById": "0055i000004uSGYAA2",
      "createdByName": "Automated Process",
      "createdDate": "2022-07-14T02:07:52.000Z",
      "fileName": "layouts/ScorecardAssociation-Scorecard Association Layout.layout",
      "fullName": "ScorecardAssociation-Scorecard Association Layout",
      "id": "00h5i000007haGCAAY",
      "lastModifiedById": "0055i000004uSGYAA2",
      "lastModifiedByName": "Automated Process",
      "lastModifiedDate": "2022-07-14T02:07:52.000Z",
      "manageableState": "unmanaged",
      "type": "Layout"
    },
    {
      "createdById": "0055i000004uSGYAA2",
      "createdByName": "Automated Process",
      "createdDate": "2022-07-14T02:07:52.000Z",
      "fileName": "layouts/TimeSlot-Time Slot Layout.layout",
      "fullName": "TimeSlot-Time Slot Layout",
      "id": "00h5i000007haEXAAY",
      "lastModifiedById": "0055i000004uSGYAA2",
      "lastModifiedByName": "Automated Process",
      "lastModifiedDate": "2022-07-14T02:07:52.000Z",
      "manageableState": "unmanaged",
      "type": "Layout"
    },
    {
      "createdById": "0055i000004IvDIAA0",
      "createdByName": "Edsel Lita",
      "createdDate": "2022-07-14T02:07:52.000Z",
      "fileName": "layouts/CampaignMember-Campaign Member Page Layout.layout",
      "fullName": "CampaignMember-Campaign Member Page Layout",
      "id": "00h5i000007haFFAAY",
      "lastModifiedById": "0055i000004IvDIAA0",
      "lastModifiedByName": "Edsel Lita",
      "lastModifiedDate": "2022-07-14T02:07:52.000Z",
      "manageableState": "unmanaged",
      "type": "Layout"
    },
    {
      "createdById": "0055i000004IvDIAA0",
      "createdByName": "Edsel Lita",
      "createdDate": "2022-07-14T02:07:52.000Z",
      "fileName": "layouts/Opportunity-Opportunity %28Sales%29 Layout.layout",
      "fullName": "Opportunity-Opportunity %28Sales%29 Layout",
      "id": "00h5i000007haDZAAY",
      "lastModifiedById": "0055i000004IvDIAA0",
      "lastModifiedByName": "Edsel Lita",
      "lastModifiedDate": "2022-07-14T02:07:52.000Z",
      "manageableState": "unmanaged",
      "type": "Layout"
    },
    {
      "createdById": "0055i000004uSGZAA2",
      "createdByName": "salesforce.com, inc.",
      "createdDate": "2022-07-14T02:07:52.000Z",
      "fileName": "layouts/Seller-Seller Layout.layout",
      "fullName": "Seller-Seller Layout",
      "id": "00h5i000007haEgAAI",
      "lastModifiedById": "0055i000004uSGZAA2",
      "lastModifiedByName": "salesforce.com, inc.",
      "lastModifiedDate": "2022-07-14T02:07:52.000Z",
      "manageableState": "unmanaged",
      "type": "Layout"
    },
    {
      "createdById": "0055i000004IvDIAA0",
      "createdByName": "Edsel Lita",
      "createdDate": "2022-07-14T02:07:52.000Z",
      "fileName": "layouts/OpportunityLineItem-Opportunity Product Layout.layout",
      "fullName": "OpportunityLineItem-Opportunity Product Layout",
      "id": "00h5i000007haFpAAI",
      "lastModifiedById": "0055i000004IvDIAA0",
      "lastModifiedByName": "Edsel Lita",
      "lastModifiedDate": "2022-07-14T02:07:52.000Z",
      "manageableState": "unmanaged",
      "type": "Layout"
    },
    {
      "createdById": "0055i000004uSGYAA2",
      "createdByName": "Automated Process",
      "createdDate": "2022-07-14T02:07:52.000Z",
      "fileName": "layouts/ServiceResourceSkill-Service Resource Skill Layout.layout",
      "fullName": "ServiceResourceSkill-Service Resource Skill Layout",
      "id": "00h5i000007haESAAY",
      "lastModifiedById": "0055i000004uSGYAA2",
      "lastModifiedByName": "Automated Process",
      "lastModifiedDate": "2022-07-14T02:07:52.000Z",
      "manageableState": "unmanaged",
      "type": "Layout"
    },
    {
      "createdById": "0055i000004uSGZAA2",
      "createdByName": "salesforce.com, inc.",
      "createdDate": "2022-07-14T02:07:52.000Z",
      "fileName": "layouts/CreditMemo-Credit Memo Layout.layout",
      "fullName": "CreditMemo-Credit Memo Layout",
      "id": "00h5i000007haEMAAY",
      "lastModifiedById": "0055i000004uSGZAA2",
      "lastModifiedByName": "salesforce.com, inc.",
      "lastModifiedDate": "2022-07-14T02:07:52.000Z",
      "manageableState": "unmanaged",
      "type": "Layout"
    },
    {
      "createdById": "0055i000004IvDIAA0",
      "createdByName": "Edsel Lita",
      "createdDate": "2022-07-14T02:07:52.000Z",
      "fileName": "layouts/Pricebook2-Price Book Layout.layout",
      "fullName": "Pricebook2-Price Book Layout",
      "id": "00h5i000007haFEAAY",
      "lastModifiedById": "0055i000004IvDIAA0",
      "lastModifiedByName": "Edsel Lita",
      "lastModifiedDate": "2022-07-14T02:07:52.000Z",
      "manageableState": "unmanaged",
      "type": "Layout"
    },
    {
      "createdById": "0055i000004IvDIAA0",
      "createdByName": "Edsel Lita",
      "createdDate": "2022-07-14T02:07:52.000Z",
      "fileName": "layouts/Opportunity-Opportunity %28Marketing%29 Layout.layout",
      "fullName": "Opportunity-Opportunity %28Marketing%29 Layout",
      "id": "00h5i000007haDYAAY",
      "lastModifiedById": "0055i000004IvDIAA0",
      "lastModifiedByName": "Edsel Lita",
      "lastModifiedDate": "2022-07-14T02:07:52.000Z",
      "manageableState": "unmanaged",
      "type": "Layout"
    },
    {
      "createdById": "0055i000004uSGZAA2",
      "createdByName": "salesforce.com, inc.",
      "createdDate": "2022-07-14T02:07:52.000Z",
      "fileName": "layouts/ConsumptionRate-Consumption Rate Layout.layout",
      "fullName": "ConsumptionRate-Consumption Rate Layout",
      "id": "00h5i000007haFAAAY",
      "lastModifiedById": "0055i000004uSGZAA2",
      "lastModifiedByName": "salesforce.com, inc.",
      "lastModifiedDate": "2022-07-14T02:07:52.000Z",
      "manageableState": "unmanaged",
      "type": "Layout"
    },
    {
      "createdById": "0055i000004IvDIAA0",
      "createdByName": "Edsel Lita",
      "createdDate": "2022-07-14T02:10:46.000Z",
      "fileName": "layouts/WorkOrder-Work Order Layout.layout",
      "fullName": "WorkOrder-Work Order Layout",
      "id": "00h5i000005GSeEAAW",
      "lastModifiedById": "0055i000004IvDIAA0",
      "lastModifiedByName": "Edsel Lita",
      "lastModifiedDate": "2022-07-14T02:10:46.000Z",
      "manageableState": "unmanaged",
      "type": "Layout"
    },
    {
      "createdById": "0055i000004IvDIAA0",
      "createdByName": "Edsel Lita",
      "createdDate": "2022-07-14T02:07:52.000Z",
      "fileName": "layouts/Product2-Product Layout.layout",
      "fullName": "Product2-Product Layout",
      "id": "00h5i000007haFsAAI",
      "lastModifiedById": "0055i000004IvDIAA0",
      "lastModifiedByName": "Edsel Lita",
      "lastModifiedDate": "2022-07-14T02:07:52.000Z",
      "manageableState": "unmanaged",
      "type": "Layout"
    },
    {
      "createdById": "0055i000004uSGYAA2",
      "createdByName": "Automated Process",
      "createdDate": "2022-07-14T02:07:52.000Z",
      "fileName": "layouts/QuickText-Quick Text Layout.layout",
      "fullName": "QuickText-Quick Text Layout",
      "id": "00h5i000007haGBAAY",
      "lastModifiedById": "0055i000004uSGYAA2",
      "lastModifiedByName": "Automated Process",
      "lastModifiedDate": "2022-07-14T02:07:52.000Z",
      "manageableState": "unmanaged",
      "type": "Layout"
    },
    {
      "createdById": "0055i000004IvDIAA0",
      "createdByName": "Edsel Lita",
      "createdDate": "2022-07-14T02:07:52.000Z",
      "fileName": "layouts/Opportunity-Opportunity %28Support%29 Layout.layout",
      "fullName": "Opportunity-Opportunity %28Support%29 Layout",
      "id": "00h5i000007haDaAAI",
      "lastModifiedById": "0055i000004IvDIAA0",
      "lastModifiedByName": "Edsel Lita",
      "lastModifiedDate": "2022-07-14T02:07:52.000Z",
      "manageableState": "unmanaged",
      "type": "Layout"
    },
    {
      "createdById": "0055i000004IvDIAA0",
      "createdByName": "Edsel Lita",
      "createdDate": "2022-07-14T02:07:52.000Z",
      "fileName": "layouts/Contact-Contact %28Sales%29 Layout.layout",
      "fullName": "Contact-Contact %28Sales%29 Layout",
      "id": "00h5i000007haDdAAI",
      "lastModifiedById": "0055i000004IvDIAA0",
      "lastModifiedByName": "Edsel Lita",
      "lastModifiedDate": "2022-07-14T02:07:52.000Z",
      "manageableState": "unmanaged",
      "type": "Layout"
    },
    {
      "createdById": "0055i000004uSGZAA2",
      "createdByName": "salesforce.com, inc.",
      "createdDate": "2022-07-14T02:10:27.000Z",
      "fileName": "layouts/UserProvisioningLog-User Provisioning Log Layout.layout",
      "fullName": "UserProvisioningLog-User Provisioning Log Layout",
      "id": "00h5i000005GSdvAAG",
      "lastModifiedById": "0055i000004uSGZAA2",
      "lastModifiedByName": "salesforce.com, inc.",
      "lastModifiedDate": "2022-07-14T02:10:27.000Z",
      "manageableState": "unmanaged",
      "type": "Layout"
    },
    {
      "createdById": "0055i000004IvDIAA0",
      "createdByName": "Edsel Lita",
      "createdDate": "2022-07-14T02:11:28.000Z",
      "fileName": "layouts/CaseMilestone-Case Milestone Layout.layout",
      "fullName": "CaseMilestone-Case Milestone Layout",
      "id": "00h5i000005GSelAAG",
      "lastModifiedById": "0055i000004IvDIAA0",
      "lastModifiedByName": "Edsel Lita",
      "lastModifiedDate": "2022-07-14T02:11:28.000Z",
      "manageableState": "unmanaged",
      "type": "Layout"
    },
    {
      "createdById": "0055i000004uSGZAA2",
      "createdByName": "salesforce.com, inc.",
      "createdDate": "2022-07-14T02:07:52.000Z",
      "fileName": "layouts/ReturnOrder-Return Order Layout.layout",
      "fullName": "ReturnOrder-Return Order Layout",
      "id": "00h5i000007haEyAAI",
      "lastModifiedById": "0055i000004uSGZAA2",
      "lastModifiedByName": "salesforce.com, inc.",
      "lastModifiedDate": "2022-07-14T02:07:52.000Z",
      "manageableState": "unmanaged",
      "type": "Layout"
    },
    {
      "createdById": "0055i000004uSGZAA2",
      "createdByName": "salesforce.com, inc.",
      "createdDate": "2022-07-14T02:07:52.000Z",
      "fileName": "layouts/PaymentGatewayLog-Payment Gateway Log Layout.layout",
      "fullName": "PaymentGatewayLog-Payment Gateway Log Layout",
      "id": "00h5i000007haE2AAI",
      "lastModifiedById": "0055i000004uSGZAA2",
      "lastModifiedByName": "salesforce.com, inc.",
      "lastModifiedDate": "2022-07-14T02:07:52.000Z",
      "manageableState": "unmanaged",
      "type": "Layout"
    },
    {
      "createdById": "0055i000004uSGZAA2",
      "createdByName": "salesforce.com, inc.",
      "createdDate": "2022-07-14T02:07:52.000Z",
      "fileName": "layouts/DigitalWallet-Digital Wallet Layout.layout",
      "fullName": "DigitalWallet-Digital Wallet Layout",
      "id": "00h5i000007haE7AAI",
      "lastModifiedById": "0055i000004uSGZAA2",
      "lastModifiedByName": "salesforce.com, inc.",
      "lastModifiedDate": "2022-07-14T02:07:52.000Z",
      "manageableState": "unmanaged",
      "type": "Layout"
    },
    {
      "createdById": "0055i000004uSGZAA2",
      "createdByName": "salesforce.com, inc.",
      "createdDate": "2022-07-14T02:07:52.000Z",
      "fileName": "layouts/Refund-Refund Layout.layout",
      "fullName": "Refund-Refund Layout",
      "id": "00h5i000007haE3AAI",
      "lastModifiedById": "0055i000004uSGZAA2",
      "lastModifiedByName": "salesforce.com, inc.",
      "lastModifiedDate": "2022-07-14T02:07:52.000Z",
      "manageableState": "unmanaged",
      "type": "Layout"
    },
    {
      "createdById": "0055i000004uSGZAA2",
      "createdByName": "salesforce.com, inc.",
      "createdDate": "2022-07-15T06:44:36.000Z",
      "fileName": "layouts/EnhancedLetterhead-Enhanced Letterhead Layout.layout",
      "fullName": "EnhancedLetterhead-Enhanced Letterhead Layout",
      "id": "00h5i000005GYdHAAW",
      "lastModifiedById": "0055i000004uSGZAA2",
      "lastModifiedByName": "salesforce.com, inc.",
      "lastModifiedDate": "2022-07-15T06:44:36.000Z",
      "manageableState": "unmanaged",
      "type": "Layout"
    },
    {
      "createdById": "0055i000004uSGZAA2",
      "createdByName": "salesforce.com, inc.",
      "createdDate": "2022-07-15T03:01:12.000Z",
      "fileName": "layouts/AccountBrand-Account Brand Layout.layout",
      "fullName": "AccountBrand-Account Brand Layout",
      "id": "00h5i000005GX64AAG",
      "lastModifiedById": "0055i000004uSGZAA2",
      "lastModifiedByName": "salesforce.com, inc.",
      "lastModifiedDate": "2022-07-15T03:01:12.000Z",
      "manageableState": "unmanaged",
      "type": "Layout"
    },
    {
      "createdById": "0055i000004IvDIAA0",
      "createdByName": "Edsel Lita",
      "createdDate": "2022-07-14T02:10:46.000Z",
      "fileName": "layouts/WorkOrderLineItem-Work Order Line Item Layout.layout",
      "fullName": "WorkOrderLineItem-Work Order Line Item Layout",
      "id": "00h5i000005GSeFAAW",
      "lastModifiedById": "0055i000004IvDIAA0",
      "lastModifiedByName": "Edsel Lita",
      "lastModifiedDate": "2022-07-14T02:10:46.000Z",
      "manageableState": "unmanaged",
      "type": "Layout"
    },
    {
      "createdById": "0055i000004IvDIAA0",
      "createdByName": "Edsel Lita",
      "createdDate": "2022-07-14T02:07:52.000Z",
      "fileName": "layouts/Idea-Idea Layout.layout",
      "fullName": "Idea-Idea Layout",
      "id": "00h5i000007haFoAAI",
      "lastModifiedById": "0055i000004IvDIAA0",
      "lastModifiedByName": "Edsel Lita",
      "lastModifiedDate": "2022-07-14T02:07:52.000Z",
      "manageableState": "unmanaged",
      "type": "Layout"
    },
    {
      "createdById": "0055i000004uSGZAA2",
      "createdByName": "salesforce.com, inc.",
      "createdDate": "2022-07-14T02:07:52.000Z",
      "fileName": "layouts/ReturnOrderItemTax-Return Order Item Tax Layout.layout",
      "fullName": "ReturnOrderItemTax-Return Order Item Tax Layout",
      "id": "00h5i000007haF1AAI",
      "lastModifiedById": "0055i000004uSGZAA2",
      "lastModifiedByName": "salesforce.com, inc.",
      "lastModifiedDate": "2022-07-14T02:07:52.000Z",
      "manageableState": "unmanaged",
      "type": "Layout"
    },
    {
      "createdById": "0055i000004IvDIAA0",
      "createdByName": "Edsel Lita",
      "createdDate": "2022-07-14T02:07:52.000Z",
      "fileName": "layouts/Lead-Lead %28Support%29 Layout.layout",
      "fullName": "Lead-Lead %28Support%29 Layout",
      "id": "00h5i000007haDmAAI",
      "lastModifiedById": "0055i000004IvDIAA0",
      "lastModifiedByName": "Edsel Lita",
      "lastModifiedDate": "2022-07-14T02:07:52.000Z",
      "manageableState": "unmanaged",
      "type": "Layout"
    },
    {
      "createdById": "0055i000004uSGZAA2",
      "createdByName": "salesforce.com, inc.",
      "createdDate": "2022-07-14T02:07:52.000Z",
      "fileName": "layouts/ReturnOrderItemAdjustment-Return Order Item Adjustment Layout.layout",
      "fullName": "ReturnOrderItemAdjustment-Return Order Item Adjustment Layout",
      "id": "00h5i000007haF0AAI",
      "lastModifiedById": "0055i000004uSGZAA2",
      "lastModifiedByName": "salesforce.com, inc.",
      "lastModifiedDate": "2022-07-14T02:07:52.000Z",
      "manageableState": "unmanaged",
      "type": "Layout"
    },
    {
      "createdById": "0055i000004uSGZAA2",
      "createdByName": "salesforce.com, inc.",
      "createdDate": "2022-07-14T02:07:52.000Z",
      "fileName": "layouts/SocialPersona-Social Persona Layout.layout",
      "fullName": "SocialPersona-Social Persona Layout",
      "id": "00h5i000007haFcAAI",
      "lastModifiedById": "0055i000004uSGZAA2",
      "lastModifiedByName": "salesforce.com, inc.",
      "lastModifiedDate": "2022-07-14T02:07:52.000Z",
      "manageableState": "unmanaged",
      "type": "Layout"
    },
    {
      "createdById": "0055i000004IvDIAA0",
      "createdByName": "Edsel Lita",
      "createdDate": "2022-07-14T02:07:52.000Z",
      "fileName": "layouts/Account-Account %28Sales%29 Layout.layout",
      "fullName": "Account-Account %28Sales%29 Layout",
      "id": "00h5i000007haDhAAI",
      "lastModifiedById": "0055i000004IvDIAA0",
      "lastModifiedByName": "Edsel Lita",
      "lastModifiedDate": "2022-07-14T02:07:52.000Z",
      "manageableState": "unmanaged",
      "type": "Layout"
    },
    {
      "createdById": "0055i000004IvDIAA0",
      "createdByName": "Edsel Lita",
      "createdDate": "2022-07-14T02:07:52.000Z",
      "fileName": "layouts/Global-Global Layout.layout",
      "fullName": "Global-Global Layout",
      "id": "00h5i000007haDoAAI",
      "lastModifiedById": "0055i000004IvDIAA0",
      "lastModifiedByName": "Edsel Lita",
      "lastModifiedDate": "2022-07-14T02:07:52.000Z",
      "manageableState": "unmanaged",
      "type": "Layout"
    },
    {
      "createdById": "0055i000004uSGZAA2",
      "createdByName": "salesforce.com, inc.",
      "createdDate": "2022-07-14T02:07:52.000Z",
      "fileName": "layouts/ProductConsumptionSchedule-Product Consumption Schedule Layout.layout",
      "fullName": "ProductConsumptionSchedule-Product Consumption Schedule Layout",
      "id": "00h5i000007haFBAAY",
      "lastModifiedById": "0055i000004uSGZAA2",
      "lastModifiedByName": "salesforce.com, inc.",
      "lastModifiedDate": "2022-07-14T02:07:52.000Z",
      "manageableState": "unmanaged",
      "type": "Layout"
    },
    {
      "createdById": "0055i000004uSGZAA2",
      "createdByName": "salesforce.com, inc.",
      "createdDate": "2022-07-14T02:07:52.000Z",
      "fileName": "layouts/FinanceBalanceSnapshot-Finance Balance Snapshot Layout.layout",
      "fullName": "FinanceBalanceSnapshot-Finance Balance Snapshot Layout",
      "id": "00h5i000007haF3AAI",
      "lastModifiedById": "0055i000004uSGZAA2",
      "lastModifiedByName": "salesforce.com, inc.",
      "lastModifiedDate": "2022-07-14T02:07:52.000Z",
      "manageableState": "unmanaged",
      "type": "Layout"
    },
    {
      "createdById": "0055i000004uSGZAA2",
      "createdByName": "salesforce.com, inc.",
      "createdDate": "2022-07-14T02:10:00.000Z",
      "fileName": "layouts/AlternativePaymentMethod-Alternative Payment Method Layout.layout",
      "fullName": "AlternativePaymentMethod-Alternative Payment Method Layout",
      "id": "00h5i000005GSdEAAW",
      "lastModifiedById": "0055i000004uSGZAA2",
      "lastModifiedByName": "salesforce.com, inc.",
      "lastModifiedDate": "2022-07-14T02:10:00.000Z",
      "manageableState": "unmanaged",
      "type": "Layout"
    }
  ]
}