{
  "status": 0,
  "result": [
    {
      "createdById": "0055i000004IvDIAA0",
      "createdByName": "Edsel Lita",
      "createdDate": "2022-07-18T00:53:11.000Z",
      "fileName": "permissionsets/Allow_App_User_to_Edit_Approved_Records.permissionset",
      "fullName": "Allow_App_User_to_Edit_Approved_Records",
      "id": "0PS5i000002nqOAGAY",
      "lastModifiedById": "0055i000004IvDIAA0",
      "lastModifiedByName": "Edsel Lita",
      "lastModifiedDate": "2022-07-18T00:53:11.000Z",
      "manageableState": "unmanaged",
      "type": "PermissionSet"
    },
    {
      "createdById": "0055i000004IvDIAA0",
      "createdByName": "Edsel Lita",
      "createdDate": "2022-07-14T02:07:52.000Z",
      "fileName": "permissionsets/Experience_Profile_Manager.permissionset",
      "fullName": "Experience_Profile_Manager",
      "id": "0PS5i000003bk7pGAA",
      "lastModifiedById": "0055i000004IvDIAA0",
      "lastModifiedByName": "Edsel Lita",
      "lastModifiedDate": "2022-07-14T02:07:52.000Z",
      "manageableState": "unmanaged",
      "type": "PermissionSet"
    }
  ]
}