{
  "status": 0,
  "result": {
    "createdById": "0055i000004IvDIAA0",
    "createdByName": "Edsel Lita",
    "createdDate": "2022-07-15T03:43:03.000Z",
    "fileName": "profileSessionSettings/Employee_Center_Profile_profileSessionSetting1657856583156.profileSessionSetting",
    "fullName": "Employee_Center_Profile_profileSessionSetting1657856583156",
    "id": "0HU5i000000oo1CGAQ",
    "lastModifiedById": "0055i000004IvDIAA0",
    "lastModifiedByName": "Edsel Lita",
    "lastModifiedDate": "2022-07-15T03:43:03.000Z",
    "manageableState": "unmanaged",
    "type": "ProfileSessionSetting"
  }
}