{
  "status": 0,
  "result": [
    {
      "createdById": "0055i000004IvDIAA0",
      "createdByName": "Edsel Lita",
      "createdDate": "2022-07-15T03:06:17.000Z",
      "fileName": "quickActions/GuestCommunityCase.quickAction",
      "fullName": "GuestCommunityCase",
      "id": "09D5i000008tlTAEAY",
      "lastModifiedById": "0055i000004IvDIAA0",
      "lastModifiedByName": "Edsel Lita",
      "lastModifiedDate": "2022-07-15T03:06:17.000Z",
      "manageableState": "unmanaged",
      "type": "QuickAction"
    },
    {
      "createdById": "0055i000004IvDIAA0",
      "createdByName": "Edsel Lita",
      "createdDate": "2022-07-14T02:07:52.000Z",
      "fileName": "quickActions/NewCase.quickAction",
      "fullName": "NewCase",
      "id": "09D5i000008tJGTEA2",
      "lastModifiedById": "0055i000004IvDIAA0",
      "lastModifiedByName": "Edsel Lita",
      "lastModifiedDate": "2022-07-14T02:07:52.000Z",
      "manageableState": "unmanaged",
      "type": "QuickAction"
    },
    {
      "createdById": "0055i000004IvDIAA0",
      "createdByName": "Edsel Lita",
      "createdDate": "2022-07-14T02:07:52.000Z",
      "fileName": "quickActions/NewTask.quickAction",
      "fullName": "NewTask",
      "id": "09D5i000008tJGKEA2",
      "lastModifiedById": "0055i000004IvDIAA0",
      "lastModifiedByName": "Edsel Lita",
      "lastModifiedDate": "2022-07-14T02:07:52.000Z",
      "manageableState": "unmanaged",
      "type": "QuickAction"
    },
    {
      "createdById": "0055i000004IvDIAA0",
      "createdByName": "Edsel Lita",
      "createdDate": "2022-07-14T02:07:52.000Z",
      "fileName": "quickActions/NewLead.quickAction",
      "fullName": "NewLead",
      "id": "09D5i000008tJGUEA2",
      "lastModifiedById": "0055i000004IvDIAA0",
      "lastModifiedByName": "Edsel Lita",
      "lastModifiedDate": "2022-07-14T02:07:52.000Z",
      "manageableState": "unmanaged",
      "type": "QuickAction"
    },
    {
      "createdById": "0055i000004IvDIAA0",
      "createdByName": "Edsel Lita",
      "createdDate": "2022-07-14T02:07:52.000Z",
      "fileName": "quickActions/NewAccount.quickAction",
      "fullName": "NewAccount",
      "id": "09D5i000008tJGYEA2",
      "lastModifiedById": "0055i000004IvDIAA0",
      "lastModifiedByName": "Edsel Lita",
      "lastModifiedDate": "2022-07-14T02:07:52.000Z",
      "manageableState": "unmanaged",
      "type": "QuickAction"
    },
    {
      "createdById": "0055i000004IvDIAA0",
      "createdByName": "Edsel Lita",
      "createdDate": "2022-07-14T02:07:52.000Z",
      "fileName": "quickActions/CollaborationGroup.NewGroupMember.quickAction",
      "fullName": "CollaborationGroup.NewGroupMember",
      "id": "09D5i000008tJGbEAM",
      "lastModifiedById": "0055i000004IvDIAA0",
      "lastModifiedByName": "Edsel Lita",
      "lastModifiedDate": "2022-07-14T02:07:52.000Z",
      "manageableState": "unmanaged",
      "type": "QuickAction"
    },
    {
      "createdById": "0055i000004IvDIAA0",
      "createdByName": "Edsel Lita",
      "createdDate": "2022-07-15T03:06:17.000Z",
      "fileName": "quickActions/NewCommunityCase.quickAction",
      "fullName": "NewCommunityCase",
      "id": "09D5i000008tlT9EAI",
      "lastModifiedById": "0055i000004IvDIAA0",
      "lastModifiedByName": "Edsel Lita",
      "lastModifiedDate": "2022-07-15T03:06:17.000Z",
      "manageableState": "unmanaged",
      "type": "QuickAction"
    },
    {
      "createdById": "0055i000004IvDIAA0",
      "createdByName": "Edsel Lita",
      "createdDate": "2022-07-14T02:07:52.000Z",
      "fileName": "quickActions/NewOpportunity.quickAction",
      "fullName": "NewOpportunity",
      "id": "09D5i000008tJGSEA2",
      "lastModifiedById": "0055i000004IvDIAA0",
      "lastModifiedByName": "Edsel Lita",
      "lastModifiedDate": "2022-07-14T02:07:52.000Z",
      "manageableState": "unmanaged",
      "type": "QuickAction"
    },
    {
      "createdById": "0055i000004IvDIAA0",
      "createdByName": "Edsel Lita",
      "createdDate": "2022-07-14T02:07:52.000Z",
      "fileName": "quickActions/Task.EditDescription.quickAction",
      "fullName": "Task.EditDescription",
      "id": "09D5i000008tJGNEA2",
      "lastModifiedById": "0055i000004IvDIAA0",
      "lastModifiedByName": "Edsel Lita",
      "lastModifiedDate": "2022-07-14T02:07:52.000Z",
      "manageableState": "unmanaged",
      "type": "QuickAction"
    },
    {
      "createdById": "0055i000004IvDIAA0",
      "createdByName": "Edsel Lita",
      "createdDate": "2022-07-14T02:07:52.000Z",
      "fileName": "quickActions/NewNote.quickAction",
      "fullName": "NewNote",
      "id": "09D5i000008tJGWEA2",
      "lastModifiedById": "0055i000004IvDIAA0",
      "lastModifiedByName": "Edsel Lita",
      "lastModifiedDate": "2022-07-14T02:07:52.000Z",
      "manageableState": "unmanaged",
      "type": "QuickAction"
    },
    {
      "createdById": "0055i000004IvDIAA0",
      "createdByName": "Edsel Lita",
      "createdDate": "2022-07-14T02:07:52.000Z",
      "fileName": "quickActions/NewEvent.quickAction",
      "fullName": "NewEvent",
      "id": "09D5i000008tJGMEA2",
      "lastModifiedById": "0055i000004IvDIAA0",
      "lastModifiedByName": "Edsel Lita",
      "lastModifiedDate": "2022-07-14T02:07:52.000Z",
      "manageableState": "unmanaged",
      "type": "QuickAction"
    },
    {
      "createdById": "0055i000004IvDIAA0",
      "createdByName": "Edsel Lita",
      "createdDate": "2022-07-14T02:07:52.000Z",
      "fileName": "quickActions/CollaborationGroup.NewGroupRecord.quickAction",
      "fullName": "CollaborationGroup.NewGroupRecord",
      "id": "09D5i000008tJGcEAM",
      "lastModifiedById": "0055i000004IvDIAA0",
      "lastModifiedByName": "Edsel Lita",
      "lastModifiedDate": "2022-07-14T02:07:52.000Z",
      "manageableState": "unmanaged",
      "type": "QuickAction"
    },
    {
      "createdById": "0055i000004IvDIAA0",
      "createdByName": "Edsel Lita",
      "createdDate": "2022-07-14T02:10:54.000Z",
      "fileName": "quickActions/Case.LogACall.quickAction",
      "fullName": "Case.LogACall",
      "id": "09D5i000008tJPIEA2",
      "lastModifiedById": "0055i000004IvDIAA0",
      "lastModifiedByName": "Edsel Lita",
      "lastModifiedDate": "2022-07-14T02:10:54.000Z",
      "manageableState": "unmanaged",
      "type": "QuickAction"
    },
    {
      "createdById": "0055i000004IvDIAA0",
      "createdByName": "Edsel Lita",
      "createdDate": "2022-07-14T02:07:52.000Z",
      "fileName": "quickActions/Case.NewChildCase.quickAction",
      "fullName": "Case.NewChildCase",
      "id": "09D5i000008tJGZEA2",
      "lastModifiedById": "0055i000004IvDIAA0",
      "lastModifiedByName": "Edsel Lita",
      "lastModifiedDate": "2022-07-14T02:07:52.000Z",
      "manageableState": "unmanaged",
      "type": "QuickAction"
    },
    {
      "createdById": "0055i000004IvDIAA0",
      "createdByName": "Edsel Lita",
      "createdDate": "2022-07-14T02:07:52.000Z",
      "fileName": "quickActions/NewContact.quickAction",
      "fullName": "NewContact",
      "id": "09D5i000008tJGREA2",
      "lastModifiedById": "0055i000004IvDIAA0",
      "lastModifiedByName": "Edsel Lita",
      "lastModifiedDate": "2022-07-14T02:07:52.000Z",
      "manageableState": "unmanaged",
      "type": "QuickAction"
    },
    {
      "createdById": "0055i000004IvDIAA0",
      "createdByName": "Edsel Lita",
      "createdDate": "2022-07-14T02:07:52.000Z",
      "fileName": "quickActions/NewGroup.quickAction",
      "fullName": "NewGroup",
      "id": "09D5i000008tJGaEAM",
      "lastModifiedById": "0055i000004IvDIAA0",
      "lastModifiedByName": "Edsel Lita",
      "lastModifiedDate": "2022-07-14T02:07:52.000Z",
      "manageableState": "unmanaged",
      "type": "QuickAction"
    },
    {
      "createdById": "0055i000004uSGYAA2",
      "createdByName": "Automated Process",
      "createdDate": "2022-07-14T02:07:52.000Z",
      "fileName": "quickActions/SendEmail.quickAction",
      "fullName": "SendEmail",
      "id": "09D5i000008tJGVEA2",
      "lastModifiedById": "0055i000004uSGYAA2",
      "lastModifiedByName": "Automated Process",
      "lastModifiedDate": "2022-07-14T02:07:52.000Z",
      "manageableState": "unmanaged",
      "type": "QuickAction"
    },
    {
      "createdById": "0055i000004IvDIAA0",
      "createdByName": "Edsel Lita",
      "createdDate": "2022-07-14T02:07:52.000Z",
      "fileName": "quickActions/Task.UpdateStatus.quickAction",
      "fullName": "Task.UpdateStatus",
      "id": "09D5i000008tJGPEA2",
      "lastModifiedById": "0055i000004IvDIAA0",
      "lastModifiedByName": "Edsel Lita",
      "lastModifiedDate": "2022-07-14T02:07:52.000Z",
      "manageableState": "unmanaged",
      "type": "QuickAction"
    },
    {
      "createdById": "0055i000004IvDIAA0",
      "createdByName": "Edsel Lita",
      "createdDate": "2022-07-14T02:07:52.000Z",
      "fileName": "quickActions/Task.UpdatePriority.quickAction",
      "fullName": "Task.UpdatePriority",
      "id": "09D5i000008tJGQEA2",
      "lastModifiedById": "0055i000004IvDIAA0",
      "lastModifiedByName": "Edsel Lita",
      "lastModifiedDate": "2022-07-14T02:07:52.000Z",
      "manageableState": "unmanaged",
      "type": "QuickAction"
    },
    {
      "createdById": "0055i000004IvDIAA0",
      "createdByName": "Edsel Lita",
      "createdDate": "2022-07-14T02:07:52.000Z",
      "fileName": "quickActions/LogACall.quickAction",
      "fullName": "LogACall",
      "id": "09D5i000008tJGLEA2",
      "lastModifiedById": "0055i000004IvDIAA0",
      "lastModifiedByName": "Edsel Lita",
      "lastModifiedDate": "2022-07-14T02:07:52.000Z",
      "manageableState": "unmanaged",
      "type": "QuickAction"
    },
    {
      "createdById": "0055i000004IvDIAA0",
      "createdByName": "Edsel Lita",
      "createdDate": "2022-07-14T02:07:52.000Z",
      "fileName": "quickActions/Task.Defer.quickAction",
      "fullName": "Task.Defer",
      "id": "09D5i000008tJGOEA2",
      "lastModifiedById": "0055i000004IvDIAA0",
      "lastModifiedByName": "Edsel Lita",
      "lastModifiedDate": "2022-07-14T02:07:52.000Z",
      "manageableState": "unmanaged",
      "type": "QuickAction"
    },
    {
      "createdById": "0055i000004IvDIAA0",
      "createdByName": "Edsel Lita",
      "createdDate": "2022-07-14T02:07:52.000Z",
      "fileName": "quickActions/FeedItem.NewTaskFromFeedItem.quickAction",
      "fullName": "FeedItem.NewTaskFromFeedItem",
      "id": "09D5i000008tJGXEA2",
      "lastModifiedById": "0055i000004IvDIAA0",
      "lastModifiedByName": "Edsel Lita",
      "lastModifiedDate": "2022-07-14T02:07:52.000Z",
      "manageableState": "unmanaged",
      "type": "QuickAction"
    }
  ]
}