{
  "status": 0,
  "result": [
    {
      "createdById": "0055i000004uSGYAA2",
      "createdByName": "Automated Process",
      "createdDate": "2022-07-14T02:07:52.000Z",
      "fileName": "reports/EinsteinBotReports",
      "fullName": "EinsteinBotReports",
      "id": "00l5i000001r2x2AAA",
      "lastModifiedById": "0055i000004uSGYAA2",
      "lastModifiedByName": "Automated Process",
      "lastModifiedDate": "2022-07-14T02:07:52.000Z",
      "manageableState": "unmanaged",
      "type": "ReportFolder"
    },
    {
      "createdById": "0055i000004IvDIAA0",
      "createdByName": "Edsel Lita",
      "createdDate": "1970-01-01T00:00:00.000Z",
      "fileName": "unfiled$public",
      "fullName": "unfiled$public",
      "id": "",
      "lastModifiedById": "0055i000004IvDIAA0",
      "lastModifiedByName": "Edsel Lita",
      "lastModifiedDate": "1970-01-01T00:00:00.000Z",
      "manageableState": "unmanaged",
      "namespacePrefix": "",
      "type": "ReportFolder"
    },
    {
      "createdById": "0055i000004uSGYAA2",
      "createdByName": "Automated Process",
      "createdDate": "2022-07-14T02:07:52.000Z",
      "fileName": "reports/EinsteinBotReports_v2",
      "fullName": "EinsteinBotReports_v2",
      "id": "00l5i000001r2x3AAA",
      "lastModifiedById": "0055i000004uSGYAA2",
      "lastModifiedByName": "Automated Process",
      "lastModifiedDate": "2022-07-14T02:07:52.000Z",
      "manageableState": "unmanaged",
      "type": "ReportFolder"
    }
  ]
}