{
  "status": 0,
  "result": {
    "createdById": "0055i000004uSGYAA2",
    "createdByName": "Automated Process",
    "createdDate": "2022-07-14T02:07:52.000Z",
    "fileName": "reportTypes/screen_flows_prebuilt_crt.reportType",
    "fullName": "screen_flows_prebuilt_crt",
    "id": "0705i000001EZrFAAW",
    "lastModifiedById": "0055i000004uSGYAA2",
    "lastModifiedByName": "Automated Process",
    "lastModifiedDate": "2022-07-14T02:07:52.000Z",
    "manageableState": "unmanaged",
    "type": "ReportType"
  }
}