{
  "status": 0,
  "result": [
    {
      "createdById": "0055i000004IvDIAA0",
      "createdByName": "Edsel Lita",
      "createdDate": "1970-01-01T00:00:00.000Z",
      "fileName": "roles/VPMarketing.role",
      "fullName": "VPMarketing",
      "id": "00E5i000001mFB4EAM",
      "lastModifiedById": "0055i000004IvDIAA0",
      "lastModifiedByName": "Edsel Lita",
      "lastModifiedDate": "2022-07-14T02:07:52.000Z",
      "type": "Role"
    },
    {
      "createdById": "0055i000004IvDIAA0",
      "createdByName": "Edsel Lita",
      "createdDate": "1970-01-01T00:00:00.000Z",
      "fileName": "roles/VPInternationalSales.role",
      "fullName": "VPInternationalSales",
      "id": "00E5i000001mFBFEA2",
      "lastModifiedById": "0055i000004IvDIAA0",
      "lastModifiedByName": "Edsel Lita",
      "lastModifiedDate": "2022-07-14T02:07:52.000Z",
      "type": "Role"
    },
    {
      "createdById": "0055i000004IvDIAA0",
      "createdByName": "Edsel Lita",
      "createdDate": "1970-01-01T00:00:00.000Z",
      "fileName": "roles/SVPSalesMarketing.role",
      "fullName": "SVPSalesMarketing",
      "id": "00E5i000001mFB1EAM",
      "lastModifiedById": "0055i000004IvDIAA0",
      "lastModifiedByName": "Edsel Lita",
      "lastModifiedDate": "2022-07-14T02:07:52.000Z",
      "type": "Role"
    },
    {
      "createdById": "0055i000004IvDIAA0",
      "createdByName": "Edsel Lita",
      "createdDate": "1970-01-01T00:00:00.000Z",
      "fileName": "roles/DirectorDirectSales.role",
      "fullName": "DirectorDirectSales",
      "id": "00E5i000001mFB3EAM",
      "lastModifiedById": "0055i000004IvDIAA0",
      "lastModifiedByName": "Edsel Lita",
      "lastModifiedDate": "2022-07-14T02:07:52.000Z",
      "type": "Role"
    },
    {
      "createdById": "0055i000004IvDIAA0",
      "createdByName": "Edsel Lita",
      "createdDate": "1970-01-01T00:00:00.000Z",
      "fileName": "roles/SVPCustomerServiceSupport.role",
      "fullName": "SVPCustomerServiceSupport",
      "id": "00E5i000001mFB5EAM",
      "lastModifiedById": "0055i000004IvDIAA0",
      "lastModifiedByName": "Edsel Lita",
      "lastModifiedDate": "2022-07-14T02:07:52.000Z",
      "type": "Role"
    },
    {
      "createdById": "0055i000004IvDIAA0",
      "createdByName": "Edsel Lita",
      "createdDate": "1970-01-01T00:00:00.000Z",
      "fileName": "roles/VPNorthAmericanSales.role",
      "fullName": "VPNorthAmericanSales",
      "id": "00E5i000001mFB2EAM",
      "lastModifiedById": "0055i000004IvDIAA0",
      "lastModifiedByName": "Edsel Lita",
      "lastModifiedDate": "2022-07-14T02:07:52.000Z",
      "type": "Role"
    },
    {
      "createdById": "0055i000004IvDIAA0",
      "createdByName": "Edsel Lita",
      "createdDate": "1970-01-01T00:00:00.000Z",
      "fileName": "roles/EasternSalesTeam.role",
      "fullName": "EasternSalesTeam",
      "id": "00E5i000001mFBDEA2",
      "lastModifiedById": "0055i000004IvDIAA0",
      "lastModifiedByName": "Edsel Lita",
      "lastModifiedDate": "2022-07-14T02:07:52.000Z",
      "type": "Role"
    },
    {
      "createdById": "0055i000004IvDIAA0",
      "createdByName": "Edsel Lita",
      "createdDate": "1970-01-01T00:00:00.000Z",
      "fileName": "roles/SVPHumanResources.role",
      "fullName": "SVPHumanResources",
      "id": "00E5i000001mFBGEA2",
      "lastModifiedById": "0055i000004IvDIAA0",
      "lastModifiedByName": "Edsel Lita",
      "lastModifiedDate": "2022-07-14T02:07:52.000Z",
      "type": "Role"
    },
    {
      "createdById": "0055i000004IvDIAA0",
      "createdByName": "Edsel Lita",
      "createdDate": "1970-01-01T00:00:00.000Z",
      "fileName": "roles/DirectorChannelSales.role",
      "fullName": "DirectorChannelSales",
      "id": "00E5i000001mFB6EAM",
      "lastModifiedById": "0055i000004IvDIAA0",
      "lastModifiedByName": "Edsel Lita",
      "lastModifiedDate": "2022-07-14T02:07:52.000Z",
      "type": "Role"
    },
    {
      "createdById": "0055i000004IvDIAA0",
      "createdByName": "Edsel Lita",
      "createdDate": "1970-01-01T00:00:00.000Z",
      "fileName": "roles/CustomerSupportNorthAmerica.role",
      "fullName": "CustomerSupportNorthAmerica",
      "id": "00E5i000001mFB9EAM",
      "lastModifiedById": "0055i000004IvDIAA0",
      "lastModifiedByName": "Edsel Lita",
      "lastModifiedDate": "2022-07-14T02:07:52.000Z",
      "type": "Role"
    },
    {
      "createdById": "0055i000004IvDIAA0",
      "createdByName": "Edsel Lita",
      "createdDate": "1970-01-01T00:00:00.000Z",
      "fileName": "roles/InstallationRepairServices.role",
      "fullName": "InstallationRepairServices",
      "id": "00E5i000001mFBCEA2",
      "lastModifiedById": "0055i000004IvDIAA0",
      "lastModifiedByName": "Edsel Lita",
      "lastModifiedDate": "2022-07-14T02:07:52.000Z",
      "type": "Role"
    },
    {
      "createdById": "0055i000004IvDIAA0",
      "createdByName": "Edsel Lita",
      "createdDate": "1970-01-01T00:00:00.000Z",
      "fileName": "roles/MarketingTeam.role",
      "fullName": "MarketingTeam",
      "id": "00E5i000001mFBBEA2",
      "lastModifiedById": "0055i000004IvDIAA0",
      "lastModifiedByName": "Edsel Lita",
      "lastModifiedDate": "2022-07-14T02:07:52.000Z",
      "type": "Role"
    },
    {
      "createdById": "0055i000004IvDIAA0",
      "createdByName": "Edsel Lita",
      "createdDate": "1970-01-01T00:00:00.000Z",
      "fileName": "roles/WesternSalesTeam.role",
      "fullName": "WesternSalesTeam",
      "id": "00E5i000001mFB8EAM",
      "lastModifiedById": "0055i000004IvDIAA0",
      "lastModifiedByName": "Edsel Lita",
      "lastModifiedDate": "2022-07-14T02:07:52.000Z",
      "type": "Role"
    },
    {
      "createdById": "0055i000004IvDIAA0",
      "createdByName": "Edsel Lita",
      "createdDate": "1970-01-01T00:00:00.000Z",
      "fileName": "roles/COO.role",
      "fullName": "COO",
      "id": "00E5i000001mFBHEA2",
      "lastModifiedById": "0055i000004IvDIAA0",
      "lastModifiedByName": "Edsel Lita",
      "lastModifiedDate": "2022-07-14T02:07:52.000Z",
      "type": "Role"
    },
    {
      "createdById": "0055i000004IvDIAA0",
      "createdByName": "Edsel Lita",
      "createdDate": "1970-01-01T00:00:00.000Z",
      "fileName": "roles/CEO.role",
      "fullName": "CEO",
      "id": "00E5i000001mFB0EAM",
      "lastModifiedById": "0055i000004IvDIAA0",
      "lastModifiedByName": "Edsel Lita",
      "lastModifiedDate": "2022-07-14T02:07:52.000Z",
      "type": "Role"
    },
    {
      "createdById": "0055i000004IvDIAA0",
      "createdByName": "Edsel Lita",
      "createdDate": "1970-01-01T00:00:00.000Z",
      "fileName": "roles/CustomerSupportInternational.role",
      "fullName": "CustomerSupportInternational",
      "id": "00E5i000001mFBEEA2",
      "lastModifiedById": "0055i000004IvDIAA0",
      "lastModifiedByName": "Edsel Lita",
      "lastModifiedDate": "2022-07-14T02:07:52.000Z",
      "type": "Role"
    },
    {
      "createdById": "0055i000004IvDIAA0",
      "createdByName": "Edsel Lita",
      "createdDate": "1970-01-01T00:00:00.000Z",
      "fileName": "roles/CFO.role",
      "fullName": "CFO",
      "id": "00E5i000001mFB7EAM",
      "lastModifiedById": "0055i000004IvDIAA0",
      "lastModifiedByName": "Edsel Lita",
      "lastModifiedDate": "2022-07-14T02:07:52.000Z",
      "type": "Role"
    },
    {
      "createdById": "0055i000004IvDIAA0",
      "createdByName": "Edsel Lita",
      "createdDate": "1970-01-01T00:00:00.000Z",
      "fileName": "roles/ChannelSalesTeam.role",
      "fullName": "ChannelSalesTeam",
      "id": "00E5i000001mFBAEA2",
      "lastModifiedById": "0055i000004IvDIAA0",
      "lastModifiedByName": "Edsel Lita",
      "lastModifiedDate": "2022-07-14T02:07:52.000Z",
      "type": "Role"
    }
  ]
}