{
  "status": 0,
  "result": [
    {
      "createdById": "0055i000004IvDIAA0",
      "createdByName": "Edsel Lita",
      "createdDate": "2022-07-15T03:29:36.000Z",
      "fileName": "staticresources/SNA_Employee_Center1_sf_default_cdn_k7KsQ.resource",
      "fullName": "SNA_Employee_Center1_sf_default_cdn_k7KsQ",
      "id": "0815i000000QTurAAG",
      "lastModifiedById": "0055i000004IvDIAA0",
      "lastModifiedByName": "Edsel Lita",
      "lastModifiedDate": "2022-07-15T03:50:10.000Z",
      "manageableState": "unmanaged",
      "type": "StaticResource"
    },
    {
      "createdById": "0055i000004IvDIAA0",
      "createdByName": "Edsel Lita",
      "createdDate": "2022-07-15T03:01:36.000Z",
      "fileName": "staticresources/SiteSamples.resource",
      "fullName": "SiteSamples",
      "id": "0815i000000QTt5AAG",
      "lastModifiedById": "0055i000004IvDIAA0",
      "lastModifiedByName": "Edsel Lita",
      "lastModifiedDate": "2022-07-15T03:01:36.000Z",
      "manageableState": "unmanaged",
      "type": "StaticResource"
    }
  ]
}