{
  "status": 0,
  "result": [
    {
      "createdById": "0055i000004IvDIAA0",
      "createdByName": "Edsel Lita",
      "createdDate": "2022-07-15T03:06:21.000Z",
      "fileName": "userCriteria/Employee Center.Members_without_contribution.userCriteria",
      "fullName": "Employee Center.Members_without_contribution",
      "id": "0LV5i000000YD4MGAW",
      "lastModifiedById": "0055i000004IvDIAA0",
      "lastModifiedByName": "Edsel Lita",
      "lastModifiedDate": "2022-07-15T03:06:21.000Z",
      "type": "UserCriteria"
    },
    {
      "createdById": "0055i000004IvDIAA0",
      "createdByName": "Edsel Lita",
      "createdDate": "2022-07-15T03:06:21.000Z",
      "fileName": "userCriteria/Employee Center.Customer_Members.userCriteria",
      "fullName": "Employee Center.Customer_Members",
      "id": "0LV5i000000YD4LGAW",
      "lastModifiedById": "0055i000004IvDIAA0",
      "lastModifiedByName": "Edsel Lita",
      "lastModifiedDate": "2022-07-15T03:06:21.000Z",
      "type": "UserCriteria"
    },
    {
      "createdById": "0055i000004IvDIAA0",
      "createdByName": "Edsel Lita",
      "createdDate": "2022-07-15T03:06:21.000Z",
      "fileName": "userCriteria/Employee Center.Partner_and_Customer_members.userCriteria",
      "fullName": "Employee Center.Partner_and_Customer_members",
      "id": "0LV5i000000YD4NGAW",
      "lastModifiedById": "0055i000004IvDIAA0",
      "lastModifiedByName": "Edsel Lita",
      "lastModifiedDate": "2022-07-15T03:06:21.000Z",
      "type": "UserCriteria"
    }
  ]
}