<?xml version="1.0" encoding="UTF-8"?>
<CustomField xmlns="http://soap.sforce.com/2006/04/metadata">
    <fullName>EmailID__c</fullName>
    <caseSensitive>true</caseSensitive>
    <description>Email Address</description>
    <externalId>false</externalId>
    <inlineHelpText>Email Address needs to be entered</inlineHelpText>
    <label>EmailID</label>
    <required>true</required>
    <trackHistory>false</trackHistory>
    <trackTrending>false</trackTrending>
    <type>Email</type>
    <unique>true</unique>
</CustomField>
