<?xml version="1.0" encoding="UTF-8"?>
<AppMenu xmlns="http://soap.sforce.com/2006/04/metadata">
    <appMenuItems>
        <name>EinsteinInsights</name>
        <type>StandardAppMenuItem</type>
    </appMenuItems>
    <appMenuItems>
        <name>Feed</name>
        <type>StandardAppMenuItem</type>
    </appMenuItems>
    <appMenuItems>
        <name>MyDay</name>
        <type>StandardAppMenuItem</type>
    </appMenuItems>
    <appMenuItems>
        <name>Dashboards</name>
        <type>StandardAppMenuItem</type>
    </appMenuItems>
    <appMenuItems>
        <name>Tasks</name>
        <type>StandardAppMenuItem</type>
    </appMenuItems>
    <appMenuItems>
        <name>Search</name>
        <type>StandardAppMenuItem</type>
    </appMenuItems>
    <appMenuItems>
        <name>People</name>
        <type>StandardAppMenuItem</type>
    </appMenuItems>
    <appMenuItems>
        <name>Groups</name>
        <type>StandardAppMenuItem</type>
    </appMenuItems>
    <appMenuItems>
        <name>Reports</name>
        <type>StandardAppMenuItem</type>
    </appMenuItems>
    <appMenuItems>
        <name>Events</name>
        <type>StandardAppMenuItem</type>
    </appMenuItems>
    <appMenuItems>
        <name>ProcessInstanceWorkitem</name>
        <type>StandardAppMenuItem</type>
    </appMenuItems>
    <appMenuItems>
        <name>PendingInterviews</name>
        <type>StandardAppMenuItem</type>
    </appMenuItems>
    <appMenuItems>
        <name>LightningInstrumentation</name>
        <type>StandardAppMenuItem</type>
    </appMenuItems>
    <appMenuItems>
        <name>ProductCatalog</name>
        <type>StandardAppMenuItem</type>
    </appMenuItems>
    <appMenuItems>
        <name>ProductCategory</name>
        <type>StandardAppMenuItem</type>
    </appMenuItems>
    <appMenuItems>
        <name>MedicalSales</name>
        <type>StandardAppMenuItem</type>
    </appMenuItems>
    <appMenuItems>
        <name>ProductsStatus</name>
        <type>StandardAppMenuItem</type>
    </appMenuItems>
    <appMenuItems>
        <name>RequestsIn</name>
        <type>StandardAppMenuItem</type>
    </appMenuItems>
    <appMenuItems>
        <name>RequestsOut</name>
        <type>StandardAppMenuItem</type>
    </appMenuItems>
    <appMenuItems>
        <name>MobileHome</name>
        <type>StandardAppMenuItem</type>
    </appMenuItems>
</AppMenu>
