<?xml version="1.0" encoding="UTF-8"?>
<Flow xmlns="http://soap.sforce.com/2006/04/metadata">
    <apiVersion>55.0</apiVersion>
    <assignments>
        <name>Allow_Save_0</name>
        <label>Allow Save</label>
        <locationX>314</locationX>
        <locationY>551</locationY>
        <assignmentItems>
            <assignToReference>$Record.Prevent_Save__c</assignToReference>
            <operator>Assign</operator>
            <value>
                <booleanValue>false</booleanValue>
            </value>
        </assignmentItems>
    </assignments>
    <assignments>
        <name>Allow_Save_0_0</name>
        <label>Allow Save</label>
        <locationX>578</locationX>
        <locationY>551</locationY>
        <assignmentItems>
            <assignToReference>$Record.Prevent_Save__c</assignToReference>
            <operator>Assign</operator>
            <value>
                <booleanValue>false</booleanValue>
            </value>
        </assignmentItems>
    </assignments>
    <assignments>
        <name>Prevent_Save</name>
        <label>Prevent Save</label>
        <locationX>50</locationX>
        <locationY>551</locationY>
        <assignmentItems>
            <assignToReference>$Record.Prevent_Save__c</assignToReference>
            <operator>Assign</operator>
            <value>
                <booleanValue>true</booleanValue>
            </value>
        </assignmentItems>
    </assignments>
    <decisions>
        <name>Status_Monitoring_Rules</name>
        <label>Status Monitoring Rules</label>
        <locationX>446</locationX>
        <locationY>431</locationY>
        <defaultConnectorLabel>Other Scenario</defaultConnectorLabel>
        <rules>
            <name>Duplicate_Active_Record</name>
            <conditionLogic>1 AND (2 OR 3 OR 4)</conditionLogic>
            <conditions>
                <leftValueReference>Duplicate_PB_Records</leftValueReference>
                <operator>IsNull</operator>
                <rightValue>
                    <booleanValue>false</booleanValue>
                </rightValue>
            </conditions>
            <conditions>
                <leftValueReference>$Record.Status__c</leftValueReference>
                <operator>EqualTo</operator>
                <rightValue>
                    <stringValue>New</stringValue>
                </rightValue>
            </conditions>
            <conditions>
                <leftValueReference>$Record.Status__c</leftValueReference>
                <operator>EqualTo</operator>
                <rightValue>
                    <stringValue>Sent for Approval</stringValue>
                </rightValue>
            </conditions>
            <conditions>
                <leftValueReference>$Record.Status__c</leftValueReference>
                <operator>IsNull</operator>
                <rightValue>
                    <booleanValue>true</booleanValue>
                </rightValue>
            </conditions>
            <connector>
                <targetReference>Prevent_Save</targetReference>
            </connector>
            <label>Duplicate Active Record</label>
        </rules>
        <rules>
            <name>Completed_Records</name>
            <conditionLogic>or</conditionLogic>
            <conditions>
                <leftValueReference>$Record.Status__c</leftValueReference>
                <operator>EqualTo</operator>
                <rightValue>
                    <stringValue>Approved</stringValue>
                </rightValue>
            </conditions>
            <conditions>
                <leftValueReference>$Record.Status__c</leftValueReference>
                <operator>EqualTo</operator>
                <rightValue>
                    <stringValue>Rejected</stringValue>
                </rightValue>
            </conditions>
            <conditions>
                <leftValueReference>$Record.Status__c</leftValueReference>
                <operator>IsNull</operator>
                <rightValue>
                    <booleanValue>false</booleanValue>
                </rightValue>
            </conditions>
            <connector>
                <targetReference>Allow_Save_0</targetReference>
            </connector>
            <label>Completed Records</label>
        </rules>
        <rules>
            <name>New_Active_Records</name>
            <conditionLogic>1 AND (2 OR 3)</conditionLogic>
            <conditions>
                <leftValueReference>Duplicate_PB_Records</leftValueReference>
                <operator>IsNull</operator>
                <rightValue>
                    <booleanValue>true</booleanValue>
                </rightValue>
            </conditions>
            <conditions>
                <leftValueReference>$Record.Status__c</leftValueReference>
                <operator>EqualTo</operator>
                <rightValue>
                    <stringValue>New</stringValue>
                </rightValue>
            </conditions>
            <conditions>
                <leftValueReference>$Record.Status__c</leftValueReference>
                <operator>EqualTo</operator>
                <rightValue>
                    <stringValue>Sent for Approval</stringValue>
                </rightValue>
            </conditions>
            <connector>
                <targetReference>Allow_Save_0_0</targetReference>
            </connector>
            <label>New Active Records</label>
        </rules>
    </decisions>
    <interviewLabel>Avoid Creating Duplicate Active Records {!$Flow.CurrentDateTime}</interviewLabel>
    <label>Avoid Creating Duplicate Active Records</label>
    <processMetadataValues>
        <name>BuilderType</name>
        <value>
            <stringValue>LightningFlowBuilder</stringValue>
        </value>
    </processMetadataValues>
    <processMetadataValues>
        <name>CanvasMode</name>
        <value>
            <stringValue>AUTO_LAYOUT_CANVAS</stringValue>
        </value>
    </processMetadataValues>
    <processMetadataValues>
        <name>OriginBuilderType</name>
        <value>
            <stringValue>LightningFlowBuilder</stringValue>
        </value>
    </processMetadataValues>
    <processType>AutoLaunchedFlow</processType>
    <recordLookups>
        <name>Fetch_Duplicate_Incomplete_Record</name>
        <label>Fetch Duplicate Incomplete Record</label>
        <locationX>446</locationX>
        <locationY>311</locationY>
        <assignNullValuesIfNoRecordsFound>true</assignNullValuesIfNoRecordsFound>
        <connector>
            <targetReference>Status_Monitoring_Rules</targetReference>
        </connector>
        <filterLogic>(1 AND 2) AND (3 OR 4 OR 5)</filterLogic>
        <filters>
            <field>Property__c</field>
            <operator>EqualTo</operator>
            <value>
                <elementReference>$Record.Property__c</elementReference>
            </value>
        </filters>
        <filters>
            <field>Customer__c</field>
            <operator>EqualTo</operator>
            <value>
                <elementReference>$Record.Customer__c</elementReference>
            </value>
        </filters>
        <filters>
            <field>Status__c</field>
            <operator>EqualTo</operator>
            <value>
                <stringValue>New</stringValue>
            </value>
        </filters>
        <filters>
            <field>Status__c</field>
            <operator>EqualTo</operator>
            <value>
                <stringValue>Sent for Approval</stringValue>
            </value>
        </filters>
        <filters>
            <field>Status__c</field>
            <operator>IsNull</operator>
            <value>
                <booleanValue>true</booleanValue>
            </value>
        </filters>
        <object>Property_Booking__c</object>
        <outputReference>Duplicate_PB_Records</outputReference>
        <queriedFields>Id</queriedFields>
    </recordLookups>
    <start>
        <locationX>320</locationX>
        <locationY>0</locationY>
        <connector>
            <targetReference>Fetch_Duplicate_Incomplete_Record</targetReference>
        </connector>
        <filterLogic>or</filterLogic>
        <filters>
            <field>Status__c</field>
            <operator>NotEqualTo</operator>
            <value>
                <stringValue>Approved</stringValue>
            </value>
        </filters>
        <filters>
            <field>Status__c</field>
            <operator>NotEqualTo</operator>
            <value>
                <stringValue>Rejected</stringValue>
            </value>
        </filters>
        <object>Property_Booking__c</object>
        <recordTriggerType>CreateAndUpdate</recordTriggerType>
        <triggerType>RecordBeforeSave</triggerType>
    </start>
    <status>Active</status>
    <variables>
        <name>Completed_PB_Records</name>
        <dataType>SObject</dataType>
        <isCollection>false</isCollection>
        <isInput>false</isInput>
        <isOutput>false</isOutput>
        <objectType>Property_Booking__c</objectType>
    </variables>
    <variables>
        <name>Duplicate_PB_Records</name>
        <dataType>SObject</dataType>
        <isCollection>false</isCollection>
        <isInput>false</isInput>
        <isOutput>false</isOutput>
        <objectType>Property_Booking__c</objectType>
    </variables>
</Flow>
