<?xml version="1.0" encoding="UTF-8"?>
<Flow xmlns="http://soap.sforce.com/2006/04/metadata" xmlns:xsi="http://www.w3.org/2001/XMLSchema-instance">
    <apiVersion>55.0</apiVersion>
    <decisions>
        <name>Fetch_Account_Data</name>
        <label>Fetch Account Data</label>
        <locationX>969</locationX>
        <locationY>277</locationY>
        <defaultConnectorLabel>Default Outcome</defaultConnectorLabel>
        <rules>
            <name>Account</name>
            <conditionLogic>and</conditionLogic>
            <conditions>
                <leftValueReference>Fetch_Account</leftValueReference>
                <operator>IsNull</operator>
                <rightValue>
                    <booleanValue>true</booleanValue>
                </rightValue>
            </conditions>
            <connector>
                <targetReference>No_Contact_0</targetReference>
            </connector>
            <label>Account is Null</label>
        </rules>
        <rules>
            <name>Account_is_Not_Null</name>
            <conditionLogic>and</conditionLogic>
            <conditions>
                <leftValueReference>Fetch_Account</leftValueReference>
                <operator>IsNull</operator>
                <rightValue>
                    <booleanValue>false</booleanValue>
                </rightValue>
            </conditions>
            <connector>
                <targetReference>Create_Service_Ticket</targetReference>
            </connector>
            <label>Account is Not Null</label>
        </rules>
    </decisions>
    <decisions>
        <name>Fetched_Contact_Data</name>
        <label>Fetched Contact Data</label>
        <locationX>582</locationX>
        <locationY>279</locationY>
        <defaultConnectorLabel>Default Outcome</defaultConnectorLabel>
        <rules>
            <name>Contact_is_Null</name>
            <conditionLogic>and</conditionLogic>
            <conditions>
                <leftValueReference>Contact_Data</leftValueReference>
                <operator>IsNull</operator>
                <rightValue>
                    <booleanValue>true</booleanValue>
                </rightValue>
            </conditions>
            <connector>
                <targetReference>No_Contact</targetReference>
            </connector>
            <label>Contact is Null</label>
        </rules>
        <rules>
            <name>Contact_is_Not_Null</name>
            <conditionLogic>and</conditionLogic>
            <conditions>
                <leftValueReference>Contact_Data</leftValueReference>
                <operator>IsNull</operator>
                <rightValue>
                    <booleanValue>false</booleanValue>
                </rightValue>
            </conditions>
            <connector>
                <targetReference>Fetch_Account</targetReference>
            </connector>
            <label>Contact is Not Null</label>
        </rules>
    </decisions>
    <dynamicChoiceSets>
        <name>CaseOriginData</name>
        <dataType>Picklist</dataType>
        <displayField xsi:nil="true"/>
        <object xsi:nil="true"/>
        <picklistField>Origin</picklistField>
        <picklistObject>Case</picklistObject>
    </dynamicChoiceSets>
    <dynamicChoiceSets>
        <name>IndustryData</name>
        <dataType>Picklist</dataType>
        <displayField xsi:nil="true"/>
        <object xsi:nil="true"/>
        <picklistField>Industry</picklistField>
        <picklistObject>Account</picklistObject>
    </dynamicChoiceSets>
    <dynamicChoiceSets>
        <name>PriorityData</name>
        <dataType>Picklist</dataType>
        <displayField xsi:nil="true"/>
        <object xsi:nil="true"/>
        <picklistField>Priority</picklistField>
        <picklistObject>Case</picklistObject>
    </dynamicChoiceSets>
    <dynamicChoiceSets>
        <name>StatusData</name>
        <dataType>Picklist</dataType>
        <displayField xsi:nil="true"/>
        <object xsi:nil="true"/>
        <picklistField>Status</picklistField>
        <picklistObject>Case</picklistObject>
    </dynamicChoiceSets>
    <interviewLabel>Case Escalation Form {!$Flow.CurrentDateTime}</interviewLabel>
    <label>Case Escalation Form</label>
    <processMetadataValues>
        <name>BuilderType</name>
        <value>
            <stringValue>LightningFlowBuilder</stringValue>
        </value>
    </processMetadataValues>
    <processMetadataValues>
        <name>CanvasMode</name>
        <value>
            <stringValue>FREE_FORM_CANVAS</stringValue>
        </value>
    </processMetadataValues>
    <processMetadataValues>
        <name>OriginBuilderType</name>
        <value>
            <stringValue>LightningFlowBuilder</stringValue>
        </value>
    </processMetadataValues>
    <processType>Flow</processType>
    <recordCreates>
        <name>Create_Case</name>
        <label>Create Case</label>
        <locationX>1348</locationX>
        <locationY>274</locationY>
        <connector>
            <targetReference>Case_Created</targetReference>
        </connector>
        <inputAssignments>
            <field>Description</field>
            <value>
                <elementReference>Description</elementReference>
            </value>
        </inputAssignments>
        <inputAssignments>
            <field>Origin</field>
            <value>
                <elementReference>Case_Origin</elementReference>
            </value>
        </inputAssignments>
        <inputAssignments>
            <field>Priority</field>
            <value>
                <elementReference>Priority</elementReference>
            </value>
        </inputAssignments>
        <inputAssignments>
            <field>Status</field>
            <value>
                <elementReference>Status</elementReference>
            </value>
        </inputAssignments>
        <inputAssignments>
            <field>Subject</field>
            <value>
                <elementReference>Subject</elementReference>
            </value>
        </inputAssignments>
        <inputAssignments>
            <field>SuppliedName</field>
            <value>
                <elementReference>Fetch_Account.Name</elementReference>
            </value>
        </inputAssignments>
        <inputAssignments>
            <field>SuppliedPhone</field>
            <value>
                <elementReference>Contact_Data.Phone</elementReference>
            </value>
        </inputAssignments>
        <object>Case</object>
        <storeOutputAutomatically>true</storeOutputAutomatically>
    </recordCreates>
    <recordLookups>
        <name>Contact_Data</name>
        <label>Contact Data</label>
        <locationX>381</locationX>
        <locationY>277</locationY>
        <assignNullValuesIfNoRecordsFound>false</assignNullValuesIfNoRecordsFound>
        <connector>
            <targetReference>Fetched_Contact_Data</targetReference>
        </connector>
        <filterLogic>and</filterLogic>
        <filters>
            <field>Name</field>
            <operator>EqualTo</operator>
            <value>
                <elementReference>Name</elementReference>
            </value>
        </filters>
        <filters>
            <field>Phone</field>
            <operator>EqualTo</operator>
            <value>
                <elementReference>Phone.value</elementReference>
            </value>
        </filters>
        <getFirstRecordOnly>true</getFirstRecordOnly>
        <object>Contact</object>
        <storeOutputAutomatically>true</storeOutputAutomatically>
    </recordLookups>
    <recordLookups>
        <name>Fetch_Account</name>
        <label>Fetch Account</label>
        <locationX>791</locationX>
        <locationY>276</locationY>
        <assignNullValuesIfNoRecordsFound>false</assignNullValuesIfNoRecordsFound>
        <connector>
            <targetReference>Fetch_Account_Data</targetReference>
        </connector>
        <filterLogic>and</filterLogic>
        <filters>
            <field>Id</field>
            <operator>EqualTo</operator>
            <value>
                <elementReference>Contact_Data.AccountId</elementReference>
            </value>
        </filters>
        <filters>
            <field>AccountNumber</field>
            <operator>EqualTo</operator>
            <value>
                <elementReference>Account_No</elementReference>
            </value>
        </filters>
        <filters>
            <field>Industry</field>
            <operator>EqualTo</operator>
            <value>
                <elementReference>Industry</elementReference>
            </value>
        </filters>
        <getFirstRecordOnly>true</getFirstRecordOnly>
        <object>Account</object>
        <storeOutputAutomatically>true</storeOutputAutomatically>
    </recordLookups>
    <screens>
        <name>Account_Verification</name>
        <label>Account Verification</label>
        <locationX>163</locationX>
        <locationY>278</locationY>
        <allowBack>true</allowBack>
        <allowFinish>true</allowFinish>
        <allowPause>true</allowPause>
        <connector>
            <targetReference>Contact_Data</targetReference>
        </connector>
        <fields>
            <name>Name</name>
            <dataType>String</dataType>
            <fieldText>Name</fieldText>
            <fieldType>InputField</fieldType>
            <isRequired>true</isRequired>
        </fields>
        <fields>
            <name>Phone</name>
            <extensionName>flowruntime:phone</extensionName>
            <fieldType>ComponentInstance</fieldType>
            <inputParameters>
                <name>required</name>
                <value>
                    <booleanValue>true</booleanValue>
                </value>
            </inputParameters>
            <inputsOnNextNavToAssocScrn>UseStoredValues</inputsOnNextNavToAssocScrn>
            <isRequired>true</isRequired>
            <storeOutputAutomatically>true</storeOutputAutomatically>
        </fields>
        <fields>
            <name>Account_No</name>
            <dataType>String</dataType>
            <fieldText>Account No</fieldText>
            <fieldType>InputField</fieldType>
            <isRequired>true</isRequired>
        </fields>
        <fields>
            <name>Industry</name>
            <choiceReferences>IndustryData</choiceReferences>
            <dataType>String</dataType>
            <fieldText>Industry</fieldText>
            <fieldType>DropdownBox</fieldType>
            <isRequired>true</isRequired>
        </fields>
        <showFooter>true</showFooter>
        <showHeader>true</showHeader>
    </screens>
    <screens>
        <name>Case_Created</name>
        <label>Case Created</label>
        <locationX>1538</locationX>
        <locationY>273</locationY>
        <allowBack>true</allowBack>
        <allowFinish>true</allowFinish>
        <allowPause>true</allowPause>
        <fields>
            <name>text1</name>
            <fieldText>&lt;p&gt;Your service ticket no. is:&lt;/p&gt;</fieldText>
            <fieldType>DisplayText</fieldType>
        </fields>
        <fields>
            <name>Case_Created_Info</name>
            <fieldText>&lt;p&gt;{!Create_Case}&lt;/p&gt;</fieldText>
            <fieldType>DisplayText</fieldType>
        </fields>
        <fields>
            <name>link_info</name>
            <fieldText>&lt;p&gt;You may also &lt;a href=&quot;https://collabera-aa-dev-ed.lightning.force.com/lightning/r/Case/{!Create_Case}/view&quot; rel=&quot;noopener noreferrer&quot; target=&quot;_blank&quot; style=&quot;color: rgb(5, 186, 0);&quot;&gt;&lt;strong&gt;CLICK HERE&lt;/strong&gt;&lt;/a&gt; to go to your case detail. Thanks for continued support.&lt;/p&gt;</fieldText>
            <fieldType>DisplayText</fieldType>
        </fields>
        <showFooter>true</showFooter>
        <showHeader>true</showHeader>
    </screens>
    <screens>
        <name>Create_Service_Ticket</name>
        <label>Create Service Ticket</label>
        <locationX>1178</locationX>
        <locationY>274</locationY>
        <allowBack>true</allowBack>
        <allowFinish>true</allowFinish>
        <allowPause>true</allowPause>
        <connector>
            <targetReference>Create_Case</targetReference>
        </connector>
        <fields>
            <name>ID</name>
            <dataType>String</dataType>
            <defaultValue>
                <elementReference>Fetch_Account.Id</elementReference>
            </defaultValue>
            <fieldText>ID</fieldText>
            <fieldType>InputField</fieldType>
            <isRequired>true</isRequired>
        </fields>
        <fields>
            <name>Case_Name</name>
            <dataType>String</dataType>
            <defaultValue>
                <elementReference>Fetch_Account.Name</elementReference>
            </defaultValue>
            <fieldText>Case Name</fieldText>
            <fieldType>InputField</fieldType>
            <isRequired>true</isRequired>
        </fields>
        <fields>
            <name>CasePhoneNo</name>
            <extensionName>flowruntime:phone</extensionName>
            <fieldType>ComponentInstance</fieldType>
            <inputParameters>
                <name>required</name>
                <value>
                    <booleanValue>true</booleanValue>
                </value>
            </inputParameters>
            <inputParameters>
                <name>value</name>
                <value>
                    <elementReference>Contact_Data.Phone</elementReference>
                </value>
            </inputParameters>
            <inputsOnNextNavToAssocScrn>UseStoredValues</inputsOnNextNavToAssocScrn>
            <isRequired>true</isRequired>
            <storeOutputAutomatically>true</storeOutputAutomatically>
        </fields>
        <fields>
            <name>Status</name>
            <choiceReferences>StatusData</choiceReferences>
            <dataType>String</dataType>
            <fieldText>Status</fieldText>
            <fieldType>DropdownBox</fieldType>
            <isRequired>true</isRequired>
        </fields>
        <fields>
            <name>Priority</name>
            <choiceReferences>PriorityData</choiceReferences>
            <dataType>String</dataType>
            <fieldText>Priority</fieldText>
            <fieldType>DropdownBox</fieldType>
            <isRequired>true</isRequired>
        </fields>
        <fields>
            <name>Case_Origin</name>
            <choiceReferences>CaseOriginData</choiceReferences>
            <dataType>String</dataType>
            <fieldText>Case Origin</fieldText>
            <fieldType>DropdownBox</fieldType>
            <isRequired>true</isRequired>
        </fields>
        <fields>
            <name>Subject</name>
            <dataType>String</dataType>
            <fieldText>Subject</fieldText>
            <fieldType>InputField</fieldType>
            <isRequired>true</isRequired>
        </fields>
        <fields>
            <name>Description</name>
            <fieldText>Description</fieldText>
            <fieldType>LargeTextArea</fieldType>
            <isRequired>false</isRequired>
        </fields>
        <showFooter>true</showFooter>
        <showHeader>true</showHeader>
    </screens>
    <screens>
        <name>No_Contact</name>
        <label>No Contact</label>
        <locationX>590</locationX>
        <locationY>112</locationY>
        <allowBack>true</allowBack>
        <allowFinish>true</allowFinish>
        <allowPause>true</allowPause>
        <fields>
            <name>Error_Info</name>
            <fieldText>&lt;p&gt;Sorry, &lt;span style=&quot;color: rgb(255, 0, 0);&quot;&gt;the contact information you entered is wrong&lt;/span&gt;. Please check the details and try again.&lt;/p&gt;</fieldText>
            <fieldType>DisplayText</fieldType>
        </fields>
        <showFooter>true</showFooter>
        <showHeader>true</showHeader>
    </screens>
    <screens>
        <name>No_Contact_0</name>
        <label>No Contact</label>
        <locationX>977</locationX>
        <locationY>116</locationY>
        <allowBack>true</allowBack>
        <allowFinish>true</allowFinish>
        <allowPause>true</allowPause>
        <fields>
            <name>Error_Info_0</name>
            <fieldText>&lt;p&gt;Sorry, &lt;span style=&quot;color: rgb(255, 0, 0);&quot;&gt;there is no existing account under the entered contact info&lt;/span&gt;. Please check the details and try again.&lt;/p&gt;</fieldText>
            <fieldType>DisplayText</fieldType>
        </fields>
        <showFooter>true</showFooter>
        <showHeader>true</showHeader>
    </screens>
    <start>
        <locationX>37</locationX>
        <locationY>42</locationY>
        <connector>
            <targetReference>Account_Verification</targetReference>
        </connector>
    </start>
    <status>Active</status>
</Flow>
