<?xml version="1.0" encoding="UTF-8"?>
<Flow xmlns="http://soap.sforce.com/2006/04/metadata">
    <actionCalls>
        <name>Quotation_Record_cant_Delete</name>
        <label>Quotation Record cant Delete</label>
        <locationX>536</locationX>
        <locationY>435</locationY>
        <actionName>DeleteQuotationError</actionName>
        <actionType>apex</actionType>
        <flowTransactionModel>CurrentTransaction</flowTransactionModel>
    </actionCalls>
    <apiVersion>55.0</apiVersion>
    <decisions>
        <name>Is_Currrent_User_a_Contractor</name>
        <label>Is Currrent User a Contractor ?</label>
        <locationX>856</locationX>
        <locationY>360</locationY>
        <defaultConnectorLabel>None of The Above</defaultConnectorLabel>
        <rules>
            <name>Yes_He_is_Contractor</name>
            <conditionLogic>and</conditionLogic>
            <conditions>
                <leftValueReference>$User.Id</leftValueReference>
                <operator>Contains</operator>
                <rightValue>
                    <stringValue>0055i000003pv5h</stringValue>
                </rightValue>
            </conditions>
            <label>Yes, He is Contractor</label>
        </rules>
    </decisions>
    <interviewLabel>Quotation Cannot Be Deleted By Contractor {!$Flow.CurrentDateTime}</interviewLabel>
    <label>Quotation Cannot Be Deleted By Contractor</label>
    <processMetadataValues>
        <name>BuilderType</name>
        <value>
            <stringValue>LightningFlowBuilder</stringValue>
        </value>
    </processMetadataValues>
    <processMetadataValues>
        <name>CanvasMode</name>
        <value>
            <stringValue>FREE_FORM_CANVAS</stringValue>
        </value>
    </processMetadataValues>
    <processMetadataValues>
        <name>OriginBuilderType</name>
        <value>
            <stringValue>LightningFlowBuilder</stringValue>
        </value>
    </processMetadataValues>
    <processType>AutoLaunchedFlow</processType>
    <recordDeletes>
        <name>Dont_Delete</name>
        <label>Dont Delete</label>
        <locationX>884</locationX>
        <locationY>506</locationY>
        <inputReference>$Record</inputReference>
    </recordDeletes>
    <start>
        <locationX>410</locationX>
        <locationY>48</locationY>
        <connector>
            <targetReference>Quotation_Record_cant_Delete</targetReference>
        </connector>
        <object>Quotation__c</object>
        <recordTriggerType>Delete</recordTriggerType>
        <triggerType>RecordBeforeDelete</triggerType>
    </start>
    <status>Active</status>
</Flow>
