{
  "status": 0,
  "result": {
    "createdById": "0055i000005UjC4AAK",
    "createdByName": "Edsel Lita",
    "createdDate": "2022-07-27T06:47:22.000Z",
    "fileName": "AccountForecastSettings/AccountForecastSettings.accountForecastSetting",
    "fullName": "AccountForecastSettings",
    "id": "0yu5i000000TN9JAAW",
    "lastModifiedById": "0055i000005NMYZAA4",
    "lastModifiedByName": "Automated Process",
    "lastModifiedDate": "2022-08-01T09:02:46.000Z",
    "type": "AccountForecastSettings"
  }
}