{
  "status": 0,
  "result": {
    "createdById": "0055i000005UjC4AAK",
    "createdByName": "Edsel Lita",
    "createdDate": "2022-07-27T06:47:22.000Z",
    "fileName": "AdvAcctForecastPeriodGroup/DefaultForecastPeriodGroup.advAcctForecastPeriodGroup",
    "fullName": "DefaultForecastPeriodGroup",
    "id": "0nl5i000000boeKAAQ",
    "lastModifiedById": "0055i000005UjC4AAK",
    "lastModifiedByName": "Edsel Lita",
    "lastModifiedDate": "2022-07-27T06:47:22.000Z",
    "type": "AdvAcctForecastPeriodGroup"
  }
}