{
  "status": 0,
  "result": [
    {
      "createdById": "0055i000005UjC4AAK",
      "createdByName": "Edsel Lita",
      "createdDate": "2022-07-30T08:14:10.000Z",
      "fileName": "animationRules/Automotive_Design_and_Manufacture.animationRule",
      "fullName": "Automotive_Design_and_Manufacture",
      "id": "4Zu5i000000wnGUCAY",
      "lastModifiedById": "0055i000005UjC4AAK",
      "lastModifiedByName": "Edsel Lita",
      "lastModifiedDate": "2022-08-07T22:52:35.000Z",
      "type": "AnimationRule"
    },
    {
      "createdById": "0055i000005UjC4AAK",
      "createdByName": "Edsel Lita",
      "createdDate": "2022-08-07T21:49:00.000Z",
      "fileName": "animationRules/Booking_and_Delivery_Monitoring.animationRule",
      "fullName": "Booking_and_Delivery_Monitoring",
      "id": "4Zu5i000000wnSmCAI",
      "lastModifiedById": "0055i000005UjC4AAK",
      "lastModifiedByName": "Edsel Lita",
      "lastModifiedDate": "2022-08-09T19:15:12.000Z",
      "type": "AnimationRule"
    }
  ]
}