{
  "status": 0,
  "result": [
    {
      "createdById": "0055i000005UjC4AAK",
      "createdByName": "Edsel Lita",
      "createdDate": "2022-08-09T19:21:46.000Z",
      "fileName": "triggers/DontAllowRegionalHeadToJumpStatusTrigger.trigger",
      "fullName": "DontAllowRegionalHeadToJumpStatusTrigger",
      "id": "01q5i000000xhJqAAI",
      "lastModifiedById": "0055i000005UjC4AAK",
      "lastModifiedByName": "Edsel Lita",
      "lastModifiedDate": "2022-08-09T19:25:00.000Z",
      "manageableState": "unmanaged",
      "namespacePrefix": "nitroMySpace",
      "type": "ApexTrigger"
    },
    {
      "createdById": "0055i000005UjC4AAK",
      "createdByName": "Edsel Lita",
      "createdDate": "2022-08-07T20:37:35.000Z",
      "fileName": "triggers/CatchNewBookingsTrigger.trigger",
      "fullName": "CatchNewBookingsTrigger",
      "id": "01q5i000000xfhiAAA",
      "lastModifiedById": "0055i000005UjC4AAK",
      "lastModifiedByName": "Edsel Lita",
      "lastModifiedDate": "2022-08-09T23:04:05.000Z",
      "manageableState": "unmanaged",
      "namespacePrefix": "nitroMySpace",
      "type": "ApexTrigger"
    },
    {
      "createdById": "0055i000005UjC4AAK",
      "createdByName": "Edsel Lita",
      "createdDate": "2022-08-08T23:46:20.000Z",
      "fileName": "triggers/DontAllowDealerToJumpStatus.trigger",
      "fullName": "DontAllowDealerToJumpStatus",
      "id": "01q5i000000xgk1AAA",
      "lastModifiedById": "0055i000005UjC4AAK",
      "lastModifiedByName": "Edsel Lita",
      "lastModifiedDate": "2022-08-09T19:18:20.000Z",
      "manageableState": "unmanaged",
      "namespacePrefix": "nitroMySpace",
      "type": "ApexTrigger"
    },
    {
      "createdById": "0055i000005UjC4AAK",
      "createdByName": "Edsel Lita",
      "createdDate": "2022-08-09T19:33:11.000Z",
      "fileName": "triggers/ConvertBookingintoClosedOppIfDeliveredTrigger.trigger",
      "fullName": "ConvertBookingintoClosedOppIfDeliveredTrigger",
      "id": "01q5i000000xhK0AAI",
      "lastModifiedById": "0055i000005UjC4AAK",
      "lastModifiedByName": "Edsel Lita",
      "lastModifiedDate": "2022-08-09T23:04:10.000Z",
      "manageableState": "unmanaged",
      "namespacePrefix": "nitroMySpace",
      "type": "ApexTrigger"
    },
    {
      "createdById": "0055i000005UjC4AAK",
      "createdByName": "Edsel Lita",
      "createdDate": "2022-08-09T19:24:19.000Z",
      "fileName": "triggers/DontAllowDeliverTeamToRecallStatusTrigger.trigger",
      "fullName": "DontAllowDeliverTeamToRecallStatusTrigger",
      "id": "01q5i000000xhJvAAI",
      "lastModifiedById": "0055i000005UjC4AAK",
      "lastModifiedByName": "Edsel Lita",
      "lastModifiedDate": "2022-08-09T19:26:28.000Z",
      "manageableState": "unmanaged",
      "namespacePrefix": "nitroMySpace",
      "type": "ApexTrigger"
    },
    {
      "createdById": "0055i000005UjC4AAK",
      "createdByName": "Edsel Lita",
      "createdDate": "2022-08-04T16:27:39.000Z",
      "fileName": "triggers/DontAllowFactoryUpdateonManufacturedTrigger.trigger",
      "fullName": "DontAllowFactoryUpdateonManufacturedTrigger",
      "id": "01q5i000000xenlAAA",
      "lastModifiedById": "0055i000005UjC4AAK",
      "lastModifiedByName": "Edsel Lita",
      "lastModifiedDate": "2022-08-04T18:45:49.000Z",
      "manageableState": "unmanaged",
      "namespacePrefix": "nitroMySpace",
      "type": "ApexTrigger"
    },
    {
      "createdById": "0055i000005UjC4AAK",
      "createdByName": "Edsel Lita",
      "createdDate": "2022-08-07T23:00:58.000Z",
      "fileName": "triggers/SendEmailNotifsEveryDeliveryStage.trigger",
      "fullName": "SendEmailNotifsEveryDeliveryStage",
      "id": "01q5i000000xfhnAAA",
      "lastModifiedById": "0055i000005UjC4AAK",
      "lastModifiedByName": "Edsel Lita",
      "lastModifiedDate": "2022-08-09T23:04:25.000Z",
      "manageableState": "unmanaged",
      "namespacePrefix": "nitroMySpace",
      "type": "ApexTrigger"
    }
  ]
}