{
  "status": 0,
  "result": [
    {
      "createdById": "0055i000005UjC4AAK",
      "createdByName": "Edsel Lita",
      "createdDate": "2022-07-27T06:47:22.000Z",
      "fileName": "classes/CommunitiesLoginControllerTest.cls",
      "fullName": "CommunitiesLoginControllerTest",
      "id": "01p5i00000EhW7eAAF",
      "lastModifiedById": "0055i000005UjC4AAK",
      "lastModifiedByName": "Edsel Lita",
      "lastModifiedDate": "2022-07-27T06:47:22.000Z",
      "manageableState": "unmanaged",
      "namespacePrefix": "nitroMySpace",
      "type": "ApexClass"
    },
    {
      "createdById": "0055i000005UjC4AAK",
      "createdByName": "Edsel Lita",
      "createdDate": "2022-07-30T10:30:59.000Z",
      "fileName": "classes/RHG__Test_Lexer.cls",
      "fullName": "RHG__Test_Lexer",
      "id": "01p5i00000E0Bc0AAF",
      "lastModifiedById": "0055i000005UjC4AAK",
      "lastModifiedByName": "Edsel Lita",
      "lastModifiedDate": "2022-07-30T10:30:59.000Z",
      "manageableState": "installed",
      "namespacePrefix": "RHG",
      "type": "ApexClass"
    },
    {
      "createdById": "0055i000005UjC4AAK",
      "createdByName": "Edsel Lita",
      "createdDate": "2022-07-27T06:47:22.000Z",
      "fileName": "classes/ForgotPasswordController.cls",
      "fullName": "ForgotPasswordController",
      "id": "01p5i00000EhW7SAAV",
      "lastModifiedById": "0055i000005UjC4AAK",
      "lastModifiedByName": "Edsel Lita",
      "lastModifiedDate": "2022-07-27T06:47:22.000Z",
      "manageableState": "unmanaged",
      "namespacePrefix": "nitroMySpace",
      "type": "ApexClass"
    },
    {
      "createdById": "0055i000005UjC4AAK",
      "createdByName": "Edsel Lita",
      "createdDate": "2022-08-04T14:41:44.000Z",
      "fileName": "classes/fetchAllCarModelData.cls",
      "fullName": "fetchAllCarModelData",
      "id": "01p5i00000FS8fwAAD",
      "lastModifiedById": "0055i000005UjC4AAK",
      "lastModifiedByName": "Edsel Lita",
      "lastModifiedDate": "2022-08-07T22:58:53.000Z",
      "manageableState": "unmanaged",
      "namespacePrefix": "nitroMySpace",
      "type": "ApexClass"
    },
    {
      "createdById": "0055i000005UjC4AAK",
      "createdByName": "Edsel Lita",
      "createdDate": "2022-07-30T10:30:59.000Z",
      "fileName": "classes/RHG__Test_SearchBoxController.cls",
      "fullName": "RHG__Test_SearchBoxController",
      "id": "01p5i00000E0Bc2AAF",
      "lastModifiedById": "0055i000005UjC4AAK",
      "lastModifiedByName": "Edsel Lita",
      "lastModifiedDate": "2022-07-30T10:30:59.000Z",
      "manageableState": "installed",
      "namespacePrefix": "RHG",
      "type": "ApexClass"
    },
    {
      "createdById": "0055i000005UjC4AAK",
      "createdByName": "Edsel Lita",
      "createdDate": "2022-07-27T06:47:22.000Z",
      "fileName": "classes/CommunitiesSelfRegControllerTest.cls",
      "fullName": "CommunitiesSelfRegControllerTest",
      "id": "01p5i00000EhW7gAAF",
      "lastModifiedById": "0055i000005UjC4AAK",
      "lastModifiedByName": "Edsel Lita",
      "lastModifiedDate": "2022-07-27T06:47:22.000Z",
      "manageableState": "unmanaged",
      "namespacePrefix": "nitroMySpace",
      "type": "ApexClass"
    },
    {
      "createdById": "0055i000005UjC4AAK",
      "createdByName": "Edsel Lita",
      "createdDate": "2022-07-31T07:51:54.000Z",
      "fileName": "classes/manufacturedCarModelList.cls",
      "fullName": "manufacturedCarModelList",
      "id": "01p5i00000E0MIpAAN",
      "lastModifiedById": "0055i000005UjC4AAK",
      "lastModifiedByName": "Edsel Lita",
      "lastModifiedDate": "2022-07-31T09:58:28.000Z",
      "manageableState": "unmanaged",
      "namespacePrefix": "nitroMySpace",
      "type": "ApexClass"
    },
    {
      "createdById": "0055i000005UjC4AAK",
      "createdByName": "Edsel Lita",
      "createdDate": "2022-08-10T00:43:12.000Z",
      "fileName": "classes/testClass.cls",
      "fullName": "testClass",
      "id": "01p5i00000FTZavAAH",
      "lastModifiedById": "0055i000005UjC4AAK",
      "lastModifiedByName": "Edsel Lita",
      "lastModifiedDate": "2022-08-10T01:00:03.000Z",
      "manageableState": "unmanaged",
      "namespacePrefix": "nitroMySpace",
      "type": "ApexClass"
    },
    {
      "createdById": "0055i000005UjC4AAK",
      "createdByName": "Edsel Lita",
      "createdDate": "2022-07-30T10:30:59.000Z",
      "fileName": "classes/RHG__LocationFilterController.cls",
      "fullName": "RHG__LocationFilterController",
      "id": "01p5i00000E0BbwAAF",
      "lastModifiedById": "0055i000005UjC4AAK",
      "lastModifiedByName": "Edsel Lita",
      "lastModifiedDate": "2022-07-30T10:30:59.000Z",
      "manageableState": "installed",
      "namespacePrefix": "RHG",
      "type": "ApexClass"
    },
    {
      "createdById": "0055i000005UjC4AAK",
      "createdByName": "Edsel Lita",
      "createdDate": "2022-07-27T06:47:22.000Z",
      "fileName": "classes/ChangePasswordControllerTest.cls",
      "fullName": "ChangePasswordControllerTest",
      "id": "01p5i00000EhW7bAAF",
      "lastModifiedById": "0055i000005UjC4AAK",
      "lastModifiedByName": "Edsel Lita",
      "lastModifiedDate": "2022-07-27T06:47:22.000Z",
      "manageableState": "unmanaged",
      "namespacePrefix": "nitroMySpace",
      "type": "ApexClass"
    },
    {
      "createdById": "0055i000005UjC4AAK",
      "createdByName": "Edsel Lita",
      "createdDate": "2022-07-27T06:47:22.000Z",
      "fileName": "classes/LightningSelfRegisterControllerTest.cls",
      "fullName": "LightningSelfRegisterControllerTest",
      "id": "01p5i00000EhW7kAAF",
      "lastModifiedById": "0055i000005UjC4AAK",
      "lastModifiedByName": "Edsel Lita",
      "lastModifiedDate": "2022-07-27T06:47:22.000Z",
      "manageableState": "unmanaged",
      "namespacePrefix": "nitroMySpace",
      "type": "ApexClass"
    },
    {
      "createdById": "0055i000005UjC4AAK",
      "createdByName": "Edsel Lita",
      "createdDate": "2022-07-30T10:30:59.000Z",
      "fileName": "classes/RHG__DataTableWithFlowController.cls",
      "fullName": "RHG__DataTableWithFlowController",
      "id": "01p5i00000E0BbtAAF",
      "lastModifiedById": "0055i000005UjC4AAK",
      "lastModifiedByName": "Edsel Lita",
      "lastModifiedDate": "2022-07-30T10:30:59.000Z",
      "manageableState": "installed",
      "namespacePrefix": "RHG",
      "type": "ApexClass"
    },
    {
      "createdById": "0055i000005UjC4AAK",
      "createdByName": "Edsel Lita",
      "createdDate": "2022-07-30T10:30:59.000Z",
      "fileName": "classes/RHG__Lexer.cls",
      "fullName": "RHG__Lexer",
      "id": "01p5i00000E0BbvAAF",
      "lastModifiedById": "0055i000005UjC4AAK",
      "lastModifiedByName": "Edsel Lita",
      "lastModifiedDate": "2022-07-30T10:30:59.000Z",
      "manageableState": "installed",
      "namespacePrefix": "RHG",
      "type": "ApexClass"
    },
    {
      "createdById": "0055i000005UjC4AAK",
      "createdByName": "Edsel Lita",
      "createdDate": "2022-07-27T06:47:22.000Z",
      "fileName": "classes/ChangePasswordController.cls",
      "fullName": "ChangePasswordController",
      "id": "01p5i00000EhW7TAAV",
      "lastModifiedById": "0055i000005UjC4AAK",
      "lastModifiedByName": "Edsel Lita",
      "lastModifiedDate": "2022-07-27T06:47:22.000Z",
      "manageableState": "unmanaged",
      "namespacePrefix": "nitroMySpace",
      "type": "ApexClass"
    },
    {
      "createdById": "0055i000005UjC4AAK",
      "createdByName": "Edsel Lita",
      "createdDate": "2022-07-27T06:47:22.000Z",
      "fileName": "classes/LightningForgotPasswordController.cls",
      "fullName": "LightningForgotPasswordController",
      "id": "01p5i00000EhW7OAAV",
      "lastModifiedById": "0055i000005UjC4AAK",
      "lastModifiedByName": "Edsel Lita",
      "lastModifiedDate": "2022-07-27T06:47:22.000Z",
      "manageableState": "unmanaged",
      "namespacePrefix": "nitroMySpace",
      "type": "ApexClass"
    },
    {
      "createdById": "0055i000005UjC4AAK",
      "createdByName": "Edsel Lita",
      "createdDate": "2022-07-27T06:47:22.000Z",
      "fileName": "classes/CommunitiesSelfRegConfirmController.cls",
      "fullName": "CommunitiesSelfRegConfirmController",
      "id": "01p5i00000EhW7XAAV",
      "lastModifiedById": "0055i000005UjC4AAK",
      "lastModifiedByName": "Edsel Lita",
      "lastModifiedDate": "2022-07-27T06:47:22.000Z",
      "manageableState": "unmanaged",
      "namespacePrefix": "nitroMySpace",
      "type": "ApexClass"
    },
    {
      "createdById": "0055i000005UjC4AAK",
      "createdByName": "Edsel Lita",
      "createdDate": "2022-07-27T06:47:22.000Z",
      "fileName": "classes/CommunitiesLandingControllerTest.cls",
      "fullName": "CommunitiesLandingControllerTest",
      "id": "01p5i00000EhW7fAAF",
      "lastModifiedById": "0055i000005UjC4AAK",
      "lastModifiedByName": "Edsel Lita",
      "lastModifiedDate": "2022-07-27T06:47:22.000Z",
      "manageableState": "unmanaged",
      "namespacePrefix": "nitroMySpace",
      "type": "ApexClass"
    },
    {
      "createdById": "0055i000005UjC4AAK",
      "createdByName": "Edsel Lita",
      "createdDate": "2022-07-27T06:47:22.000Z",
      "fileName": "classes/MyProfilePageController.cls",
      "fullName": "MyProfilePageController",
      "id": "01p5i00000EhW7RAAV",
      "lastModifiedById": "0055i000005UjC4AAK",
      "lastModifiedByName": "Edsel Lita",
      "lastModifiedDate": "2022-07-27T06:47:22.000Z",
      "manageableState": "unmanaged",
      "namespacePrefix": "nitroMySpace",
      "type": "ApexClass"
    },
    {
      "createdById": "0055i000005UjC4AAK",
      "createdByName": "Edsel Lita",
      "createdDate": "2022-07-27T06:47:22.000Z",
      "fileName": "classes/LightningLoginFormController.cls",
      "fullName": "LightningLoginFormController",
      "id": "01p5i00000EhW7MAAV",
      "lastModifiedById": "0055i000005UjC4AAK",
      "lastModifiedByName": "Edsel Lita",
      "lastModifiedDate": "2022-07-27T06:47:22.000Z",
      "manageableState": "unmanaged",
      "namespacePrefix": "nitroMySpace",
      "type": "ApexClass"
    },
    {
      "createdById": "0055i000005UjC4AAK",
      "createdByName": "Edsel Lita",
      "createdDate": "2022-07-31T12:06:14.000Z",
      "fileName": "classes/ManageFiles.cls",
      "fullName": "ManageFiles",
      "id": "01p5i00000E0Nd3AAF",
      "lastModifiedById": "0055i000005UjC4AAK",
      "lastModifiedByName": "Edsel Lita",
      "lastModifiedDate": "2022-07-31T12:06:14.000Z",
      "manageableState": "unmanaged",
      "namespacePrefix": "nitroMySpace",
      "type": "ApexClass"
    },
    {
      "createdById": "0055i000005UjC4AAK",
      "createdByName": "Edsel Lita",
      "createdDate": "2022-07-27T06:47:22.000Z",
      "fileName": "classes/SiteRegisterController.cls",
      "fullName": "SiteRegisterController",
      "id": "01p5i00000EhW7QAAV",
      "lastModifiedById": "0055i000005UjC4AAK",
      "lastModifiedByName": "Edsel Lita",
      "lastModifiedDate": "2022-07-27T06:47:22.000Z",
      "manageableState": "unmanaged",
      "namespacePrefix": "nitroMySpace",
      "type": "ApexClass"
    },
    {
      "createdById": "0055i000005UjC4AAK",
      "createdByName": "Edsel Lita",
      "createdDate": "2022-07-27T06:47:22.000Z",
      "fileName": "classes/LightningLoginFormControllerTest.cls",
      "fullName": "LightningLoginFormControllerTest",
      "id": "01p5i00000EhW7iAAF",
      "lastModifiedById": "0055i000005UjC4AAK",
      "lastModifiedByName": "Edsel Lita",
      "lastModifiedDate": "2022-07-27T06:47:22.000Z",
      "manageableState": "unmanaged",
      "namespacePrefix": "nitroMySpace",
      "type": "ApexClass"
    },
    {
      "createdById": "0055i000005UjC4AAK",
      "createdByName": "Edsel Lita",
      "createdDate": "2022-07-27T06:47:22.000Z",
      "fileName": "classes/LightningSelfRegisterController.cls",
      "fullName": "LightningSelfRegisterController",
      "id": "01p5i00000EhW7NAAV",
      "lastModifiedById": "0055i000005UjC4AAK",
      "lastModifiedByName": "Edsel Lita",
      "lastModifiedDate": "2022-07-27T06:47:22.000Z",
      "manageableState": "unmanaged",
      "namespacePrefix": "nitroMySpace",
      "type": "ApexClass"
    },
    {
      "createdById": "0055i000005UjC4AAK",
      "createdByName": "Edsel Lita",
      "createdDate": "2022-07-27T06:47:22.000Z",
      "fileName": "classes/CommunitiesLandingController.cls",
      "fullName": "CommunitiesLandingController",
      "id": "01p5i00000EhW7WAAV",
      "lastModifiedById": "0055i000005UjC4AAK",
      "lastModifiedByName": "Edsel Lita",
      "lastModifiedDate": "2022-07-27T06:47:22.000Z",
      "manageableState": "unmanaged",
      "namespacePrefix": "nitroMySpace",
      "type": "ApexClass"
    },
    {
      "createdById": "0055i000005UjC4AAK",
      "createdByName": "Edsel Lita",
      "createdDate": "2022-07-27T06:47:22.000Z",
      "fileName": "classes/CommunitiesLoginController.cls",
      "fullName": "CommunitiesLoginController",
      "id": "01p5i00000EhW7VAAV",
      "lastModifiedById": "0055i000005UjC4AAK",
      "lastModifiedByName": "Edsel Lita",
      "lastModifiedDate": "2022-07-27T06:47:22.000Z",
      "manageableState": "unmanaged",
      "namespacePrefix": "nitroMySpace",
      "type": "ApexClass"
    },
    {
      "createdById": "0055i000005UjC4AAK",
      "createdByName": "Edsel Lita",
      "createdDate": "2022-08-07T19:52:31.000Z",
      "fileName": "classes/EmailDealerOfNewBooking.cls",
      "fullName": "EmailDealerOfNewBooking",
      "id": "01p5i00000FSlkoAAD",
      "lastModifiedById": "0055i000005UjC4AAK",
      "lastModifiedByName": "Edsel Lita",
      "lastModifiedDate": "2022-08-10T01:17:47.000Z",
      "manageableState": "unmanaged",
      "namespacePrefix": "nitroMySpace",
      "type": "ApexClass"
    },
    {
      "createdById": "0055i000005UjC4AAK",
      "createdByName": "Edsel Lita",
      "createdDate": "2022-07-27T06:47:22.000Z",
      "fileName": "classes/SiteLoginController.cls",
      "fullName": "SiteLoginController",
      "id": "01p5i00000EhW7PAAV",
      "lastModifiedById": "0055i000005UjC4AAK",
      "lastModifiedByName": "Edsel Lita",
      "lastModifiedDate": "2022-07-27T06:47:22.000Z",
      "manageableState": "unmanaged",
      "namespacePrefix": "nitroMySpace",
      "type": "ApexClass"
    },
    {
      "createdById": "0055i000005UjC4AAK",
      "createdByName": "Edsel Lita",
      "createdDate": "2022-08-04T11:50:01.000Z",
      "fileName": "classes/fetchCarModel.cls",
      "fullName": "fetchCarModel",
      "id": "01p5i00000FS6dVAAT",
      "lastModifiedById": "0055i000005UjC4AAK",
      "lastModifiedByName": "Edsel Lita",
      "lastModifiedDate": "2022-08-04T13:21:56.000Z",
      "manageableState": "unmanaged",
      "namespacePrefix": "nitroMySpace",
      "type": "ApexClass"
    },
    {
      "createdById": "0055i000005UjC4AAK",
      "createdByName": "Edsel Lita",
      "createdDate": "2022-07-27T06:47:22.000Z",
      "fileName": "classes/CommunitiesSelfRegConfirmControllerTest.cls",
      "fullName": "CommunitiesSelfRegConfirmControllerTest",
      "id": "01p5i00000EhW7hAAF",
      "lastModifiedById": "0055i000005UjC4AAK",
      "lastModifiedByName": "Edsel Lita",
      "lastModifiedDate": "2022-07-27T06:47:22.000Z",
      "manageableState": "unmanaged",
      "namespacePrefix": "nitroMySpace",
      "type": "ApexClass"
    },
    {
      "createdById": "0055i000005UjC4AAK",
      "createdByName": "Edsel Lita",
      "createdDate": "2022-07-27T06:47:22.000Z",
      "fileName": "classes/SiteLoginControllerTest.cls",
      "fullName": "SiteLoginControllerTest",
      "id": "01p5i00000EhW7ZAAV",
      "lastModifiedById": "0055i000005UjC4AAK",
      "lastModifiedByName": "Edsel Lita",
      "lastModifiedDate": "2022-07-27T06:47:22.000Z",
      "manageableState": "unmanaged",
      "namespacePrefix": "nitroMySpace",
      "type": "ApexClass"
    },
    {
      "createdById": "0055i000005UjC4AAK",
      "createdByName": "Edsel Lita",
      "createdDate": "2022-07-30T10:30:59.000Z",
      "fileName": "classes/RHG__Test_LocationFilterController.cls",
      "fullName": "RHG__Test_LocationFilterController",
      "id": "01p5i00000E0Bc1AAF",
      "lastModifiedById": "0055i000005UjC4AAK",
      "lastModifiedByName": "Edsel Lita",
      "lastModifiedDate": "2022-07-30T10:30:59.000Z",
      "manageableState": "installed",
      "namespacePrefix": "RHG",
      "type": "ApexClass"
    },
    {
      "createdById": "0055i000005UjC4AAK",
      "createdByName": "Edsel Lita",
      "createdDate": "2022-07-30T10:30:59.000Z",
      "fileName": "classes/RHG__SearchBoxController.cls",
      "fullName": "RHG__SearchBoxController",
      "id": "01p5i00000E0BbxAAF",
      "lastModifiedById": "0055i000005UjC4AAK",
      "lastModifiedByName": "Edsel Lita",
      "lastModifiedDate": "2022-07-30T10:30:59.000Z",
      "manageableState": "installed",
      "namespacePrefix": "RHG",
      "type": "ApexClass"
    },
    {
      "createdById": "0055i000005UjC4AAK",
      "createdByName": "Edsel Lita",
      "createdDate": "2022-07-30T10:30:59.000Z",
      "fileName": "classes/RHG__Test_Field.cls",
      "fullName": "RHG__Test_Field",
      "id": "01p5i00000E0BbzAAF",
      "lastModifiedById": "0055i000005UjC4AAK",
      "lastModifiedByName": "Edsel Lita",
      "lastModifiedDate": "2022-07-30T10:30:59.000Z",
      "manageableState": "installed",
      "namespacePrefix": "RHG",
      "type": "ApexClass"
    },
    {
      "createdById": "0055i000005UjC4AAK",
      "createdByName": "Edsel Lita",
      "createdDate": "2022-07-27T06:47:22.000Z",
      "fileName": "classes/ForgotPasswordControllerTest.cls",
      "fullName": "ForgotPasswordControllerTest",
      "id": "01p5i00000EhW7cAAF",
      "lastModifiedById": "0055i000005UjC4AAK",
      "lastModifiedByName": "Edsel Lita",
      "lastModifiedDate": "2022-07-27T06:47:22.000Z",
      "manageableState": "unmanaged",
      "namespacePrefix": "nitroMySpace",
      "type": "ApexClass"
    },
    {
      "createdById": "0055i000005NMYZAA4",
      "createdByName": "Automated Process",
      "createdDate": "2022-07-27T06:47:22.000Z",
      "fileName": "classes/MicrobatchSelfRegController.cls",
      "fullName": "MicrobatchSelfRegController",
      "id": "01p5i00000EhW7YAAV",
      "lastModifiedById": "0055i000005NMYZAA4",
      "lastModifiedByName": "Automated Process",
      "lastModifiedDate": "2022-07-27T06:47:22.000Z",
      "manageableState": "unmanaged",
      "namespacePrefix": "nitroMySpace",
      "type": "ApexClass"
    },
    {
      "createdById": "0055i000005UjC4AAK",
      "createdByName": "Edsel Lita",
      "createdDate": "2022-07-30T10:30:59.000Z",
      "fileName": "classes/RHG__Test_DataTableController.cls",
      "fullName": "RHG__Test_DataTableController",
      "id": "01p5i00000E0BbyAAF",
      "lastModifiedById": "0055i000005UjC4AAK",
      "lastModifiedByName": "Edsel Lita",
      "lastModifiedDate": "2022-07-30T10:30:59.000Z",
      "manageableState": "installed",
      "namespacePrefix": "RHG",
      "type": "ApexClass"
    },
    {
      "createdById": "0055i000005UjC4AAK",
      "createdByName": "Edsel Lita",
      "createdDate": "2022-08-09T10:44:21.000Z",
      "fileName": "classes/fetchNewBooking.cls",
      "fullName": "fetchNewBooking",
      "id": "01p5i00000FTU17AAH",
      "lastModifiedById": "0055i000005UjC4AAK",
      "lastModifiedByName": "Edsel Lita",
      "lastModifiedDate": "2022-08-09T11:23:26.000Z",
      "manageableState": "unmanaged",
      "namespacePrefix": "nitroMySpace",
      "type": "ApexClass"
    },
    {
      "createdById": "0055i000005UjC4AAK",
      "createdByName": "Edsel Lita",
      "createdDate": "2022-07-30T22:09:18.000Z",
      "fileName": "classes/fetchCarModels.cls",
      "fullName": "fetchCarModels",
      "id": "01p5i00000E0GnBAAV",
      "lastModifiedById": "0055i000005UjC4AAK",
      "lastModifiedByName": "Edsel Lita",
      "lastModifiedDate": "2022-07-30T22:33:46.000Z",
      "manageableState": "unmanaged",
      "namespacePrefix": "nitroMySpace",
      "type": "ApexClass"
    },
    {
      "createdById": "0055i000005UjC4AAK",
      "createdByName": "Edsel Lita",
      "createdDate": "2022-08-09T03:41:02.000Z",
      "fileName": "classes/CreateCarBooking.cls",
      "fullName": "CreateCarBooking",
      "id": "01p5i00000FTH5XAAX",
      "lastModifiedById": "0055i000005UjC4AAK",
      "lastModifiedByName": "Edsel Lita",
      "lastModifiedDate": "2022-08-09T11:43:10.000Z",
      "manageableState": "unmanaged",
      "namespacePrefix": "nitroMySpace",
      "type": "ApexClass"
    },
    {
      "createdById": "0055i000005UjC4AAK",
      "createdByName": "Edsel Lita",
      "createdDate": "2022-07-27T06:47:22.000Z",
      "fileName": "classes/SiteRegisterControllerTest.cls",
      "fullName": "SiteRegisterControllerTest",
      "id": "01p5i00000EhW7aAAF",
      "lastModifiedById": "0055i000005UjC4AAK",
      "lastModifiedByName": "Edsel Lita",
      "lastModifiedDate": "2022-07-27T06:47:22.000Z",
      "manageableState": "unmanaged",
      "namespacePrefix": "nitroMySpace",
      "type": "ApexClass"
    },
    {
      "createdById": "0055i000005UjC4AAK",
      "createdByName": "Edsel Lita",
      "createdDate": "2022-07-30T10:30:59.000Z",
      "fileName": "classes/RHG__Field.cls",
      "fullName": "RHG__Field",
      "id": "01p5i00000E0BbuAAF",
      "lastModifiedById": "0055i000005UjC4AAK",
      "lastModifiedByName": "Edsel Lita",
      "lastModifiedDate": "2022-07-30T10:30:59.000Z",
      "manageableState": "installed",
      "namespacePrefix": "RHG",
      "type": "ApexClass"
    },
    {
      "createdById": "0055i000005UjC4AAK",
      "createdByName": "Edsel Lita",
      "createdDate": "2022-07-27T06:47:22.000Z",
      "fileName": "classes/MyProfilePageControllerTest.cls",
      "fullName": "MyProfilePageControllerTest",
      "id": "01p5i00000EhW7dAAF",
      "lastModifiedById": "0055i000005UjC4AAK",
      "lastModifiedByName": "Edsel Lita",
      "lastModifiedDate": "2022-07-27T06:47:22.000Z",
      "manageableState": "unmanaged",
      "namespacePrefix": "nitroMySpace",
      "type": "ApexClass"
    },
    {
      "createdById": "0055i000005UjC4AAK",
      "createdByName": "Edsel Lita",
      "createdDate": "2022-07-31T19:59:42.000Z",
      "fileName": "classes/digitalMarketingData.cls",
      "fullName": "digitalMarketingData",
      "id": "01p5i00000E0QwEAAV",
      "lastModifiedById": "0055i000005UjC4AAK",
      "lastModifiedByName": "Edsel Lita",
      "lastModifiedDate": "2022-08-04T20:15:59.000Z",
      "manageableState": "unmanaged",
      "namespacePrefix": "nitroMySpace",
      "type": "ApexClass"
    },
    {
      "createdById": "0055i000005UjC4AAK",
      "createdByName": "Edsel Lita",
      "createdDate": "2022-07-27T06:47:22.000Z",
      "fileName": "classes/LightningForgotPasswordControllerTest.cls",
      "fullName": "LightningForgotPasswordControllerTest",
      "id": "01p5i00000EhW7jAAF",
      "lastModifiedById": "0055i000005UjC4AAK",
      "lastModifiedByName": "Edsel Lita",
      "lastModifiedDate": "2022-07-27T06:47:22.000Z",
      "manageableState": "unmanaged",
      "namespacePrefix": "nitroMySpace",
      "type": "ApexClass"
    },
    {
      "createdById": "0055i000005UjC4AAK",
      "createdByName": "Edsel Lita",
      "createdDate": "2022-07-30T10:30:59.000Z",
      "fileName": "classes/RHG__DataTableController.cls",
      "fullName": "RHG__DataTableController",
      "id": "01p5i00000E0BbsAAF",
      "lastModifiedById": "0055i000005UjC4AAK",
      "lastModifiedByName": "Edsel Lita",
      "lastModifiedDate": "2022-07-30T10:30:59.000Z",
      "manageableState": "installed",
      "namespacePrefix": "RHG",
      "type": "ApexClass"
    },
    {
      "createdById": "0055i000005UjC4AAK",
      "createdByName": "Edsel Lita",
      "createdDate": "2022-07-31T15:31:07.000Z",
      "fileName": "classes/FileUploaderClass.cls",
      "fullName": "FileUploaderClass",
      "id": "01p5i00000E0PdJAAV",
      "lastModifiedById": "0055i000005UjC4AAK",
      "lastModifiedByName": "Edsel Lita",
      "lastModifiedDate": "2022-07-31T16:01:45.000Z",
      "manageableState": "unmanaged",
      "namespacePrefix": "nitroMySpace",
      "type": "ApexClass"
    },
    {
      "createdById": "0055i000005UjC4AAK",
      "createdByName": "Edsel Lita",
      "createdDate": "2022-07-31T21:55:33.000Z",
      "fileName": "classes/recentlyLaunchedCarModels.cls",
      "fullName": "recentlyLaunchedCarModels",
      "id": "01p5i00000E0R4jAAF",
      "lastModifiedById": "0055i000005UjC4AAK",
      "lastModifiedByName": "Edsel Lita",
      "lastModifiedDate": "2022-08-07T01:47:46.000Z",
      "manageableState": "unmanaged",
      "namespacePrefix": "nitroMySpace",
      "type": "ApexClass"
    },
    {
      "createdById": "0055i000005NMYZAA4",
      "createdByName": "Automated Process",
      "createdDate": "2022-07-27T06:47:22.000Z",
      "fileName": "classes/MicrobatchSelfRegControllerTest.cls",
      "fullName": "MicrobatchSelfRegControllerTest",
      "id": "01p5i00000EhW7lAAF",
      "lastModifiedById": "0055i000005NMYZAA4",
      "lastModifiedByName": "Automated Process",
      "lastModifiedDate": "2022-07-27T06:47:22.000Z",
      "manageableState": "unmanaged",
      "namespacePrefix": "nitroMySpace",
      "type": "ApexClass"
    },
    {
      "createdById": "0055i000005UjC4AAK",
      "createdByName": "Edsel Lita",
      "createdDate": "2022-07-27T06:47:22.000Z",
      "fileName": "classes/CommunitiesSelfRegController.cls",
      "fullName": "CommunitiesSelfRegController",
      "id": "01p5i00000EhW7UAAV",
      "lastModifiedById": "0055i000005UjC4AAK",
      "lastModifiedByName": "Edsel Lita",
      "lastModifiedDate": "2022-07-27T06:47:22.000Z",
      "manageableState": "unmanaged",
      "namespacePrefix": "nitroMySpace",
      "type": "ApexClass"
    },
    {
      "createdById": "0055i000005UjC4AAK",
      "createdByName": "Edsel Lita",
      "createdDate": "2022-08-07T23:12:57.000Z",
      "fileName": "classes/SendEmailEveryUpdate.cls",
      "fullName": "SendEmailEveryUpdate",
      "id": "01p5i00000FSlt9AAD",
      "lastModifiedById": "0055i000005UjC4AAK",
      "lastModifiedByName": "Edsel Lita",
      "lastModifiedDate": "2022-08-07T23:27:37.000Z",
      "manageableState": "unmanaged",
      "namespacePrefix": "nitroMySpace",
      "type": "ApexClass"
    },
    {
      "createdById": "0055i000005UjC4AAK",
      "createdByName": "Edsel Lita",
      "createdDate": "2022-08-07T19:19:12.000Z",
      "fileName": "classes/addAccount.cls",
      "fullName": "addAccount",
      "id": "01p5i00000FSlgbAAD",
      "lastModifiedById": "0055i000005UjC4AAK",
      "lastModifiedByName": "Edsel Lita",
      "lastModifiedDate": "2022-08-07T19:22:15.000Z",
      "manageableState": "unmanaged",
      "namespacePrefix": "nitroMySpace",
      "type": "ApexClass"
    },
    {
      "createdById": "0055i000005UjC4AAK",
      "createdByName": "Edsel Lita",
      "createdDate": "2022-07-27T10:58:28.000Z",
      "fileName": "classes/CarDataController.cls",
      "fullName": "CarDataController",
      "id": "01p5i00000DzEeLAAV",
      "lastModifiedById": "0055i000005UjC4AAK",
      "lastModifiedByName": "Edsel Lita",
      "lastModifiedDate": "2022-07-28T08:50:04.000Z",
      "manageableState": "unmanaged",
      "namespacePrefix": "nitroMySpace",
      "type": "ApexClass"
    }
  ]
}