{
  "status": 0,
  "result": {
    "createdById": "0055i000005UjC4AAK",
    "createdByName": "Edsel Lita",
    "createdDate": "2022-08-07T22:47:40.000Z",
    "fileName": "approvalProcesses/Car_Booking__c.Car_Booking_Approval_Process.approvalProcess",
    "fullName": "Car_Booking__c.Car_Booking_Approval_Process",
    "id": "04a5i000000t3WXAAY",
    "lastModifiedById": "0055i000005UjC4AAK",
    "lastModifiedByName": "Edsel Lita",
    "lastModifiedDate": "2022-08-09T19:19:52.000Z",
    "type": "ApprovalProcess"
  }
}