{
  "status": 0,
  "result": [
    {
      "createdById": "0055i000005UjC4AAK",
      "createdByName": "Edsel Lita",
      "createdDate": "2022-07-31T23:41:52.000Z",
      "fileName": "audience/Digital_Marketers.audience",
      "fullName": "Digital_Marketers",
      "id": "6Au5i000000g2QjCAI",
      "lastModifiedById": "0055i000005UjC4AAK",
      "lastModifiedByName": "Edsel Lita",
      "lastModifiedDate": "2022-08-04T08:46:22.000Z",
      "type": "Audience"
    },
    {
      "createdById": "0055i000005UjC4AAK",
      "createdByName": "Edsel Lita",
      "createdDate": "2022-08-04T09:18:45.000Z",
      "fileName": "audience/Sales_User.audience",
      "fullName": "Sales_User",
      "id": "6Au5i000000g2dgCAA",
      "lastModifiedById": "0055i000005UjC4AAK",
      "lastModifiedByName": "Edsel Lita",
      "lastModifiedDate": "2022-08-04T09:18:45.000Z",
      "type": "Audience"
    },
    {
      "createdById": "0055i000005UjC4AAK",
      "createdByName": "Edsel Lita",
      "createdDate": "2022-08-09T22:32:29.000Z",
      "fileName": "audience/Sales_Executive_and_Sales_User.audience",
      "fullName": "Sales_Executive_and_Sales_User",
      "id": "6Au5i000000g2sqCAA",
      "lastModifiedById": "0055i000005UjC4AAK",
      "lastModifiedByName": "Edsel Lita",
      "lastModifiedDate": "2022-08-09T22:32:30.000Z",
      "type": "Audience"
    },
    {
      "createdById": "0055i000005UjC4AAK",
      "createdByName": "Edsel Lita",
      "createdDate": "2022-07-31T23:46:33.000Z",
      "fileName": "audience/Customer.audience",
      "fullName": "Customer",
      "id": "6Au5i000000g2QkCAI",
      "lastModifiedById": "0055i000005UjC4AAK",
      "lastModifiedByName": "Edsel Lita",
      "lastModifiedDate": "2022-08-04T08:46:12.000Z",
      "type": "Audience"
    },
    {
      "createdById": "0055i000005UjC4AAK",
      "createdByName": "Edsel Lita",
      "createdDate": "2022-07-31T05:39:58.000Z",
      "fileName": "audience/Company_Executives.audience",
      "fullName": "Company_Executives",
      "id": "6Au5i000000g2Q0CAI",
      "lastModifiedById": "0055i000005UjC4AAK",
      "lastModifiedByName": "Edsel Lita",
      "lastModifiedDate": "2022-07-31T09:50:27.000Z",
      "type": "Audience"
    },
    {
      "createdById": "0055i000005UjC4AAK",
      "createdByName": "Edsel Lita",
      "createdDate": "2022-07-31T07:16:50.000Z",
      "fileName": "audience/Quality_Analyst.audience",
      "fullName": "Quality_Analyst",
      "id": "6Au5i000000g2QFCAY",
      "lastModifiedById": "0055i000005UjC4AAK",
      "lastModifiedByName": "Edsel Lita",
      "lastModifiedDate": "2022-08-04T08:46:42.000Z",
      "type": "Audience"
    },
    {
      "createdById": "0055i000005UjC4AAK",
      "createdByName": "Edsel Lita",
      "createdDate": "2022-07-31T05:49:19.000Z",
      "fileName": "audience/ALL.audience",
      "fullName": "ALL",
      "id": "6Au5i000000g2Q5CAI",
      "lastModifiedById": "0055i000005UjC4AAK",
      "lastModifiedByName": "Edsel Lita",
      "lastModifiedDate": "2022-08-07T21:59:41.000Z",
      "type": "Audience"
    },
    {
      "createdById": "0055i000005UjC4AAK",
      "createdByName": "Edsel Lita",
      "createdDate": "2022-08-04T09:37:29.000Z",
      "fileName": "audience/Delivery_Personnel.audience",
      "fullName": "Delivery_Personnel",
      "id": "6Au5i000000g2e0CAA",
      "lastModifiedById": "0055i000005UjC4AAK",
      "lastModifiedByName": "Edsel Lita",
      "lastModifiedDate": "2022-08-04T09:37:29.000Z",
      "type": "Audience"
    },
    {
      "createdById": "0055i000005UjC4AAK",
      "createdByName": "Edsel Lita",
      "createdDate": "2022-07-27T06:47:22.000Z",
      "fileName": "audience/Default.audience",
      "fullName": "Default",
      "id": "6Au5i000000g2FlCAI",
      "lastModifiedById": "0055i000005UjC4AAK",
      "lastModifiedByName": "Edsel Lita",
      "lastModifiedDate": "2022-07-27T06:47:22.000Z",
      "type": "Audience"
    },
    {
      "createdById": "0055i000005UjC4AAK",
      "createdByName": "Edsel Lita",
      "createdDate": "2022-08-04T09:34:40.000Z",
      "fileName": "audience/Customer_Service_Rep.audience",
      "fullName": "Customer_Service_Rep",
      "id": "6Au5i000000g2dvCAA",
      "lastModifiedById": "0055i000005UjC4AAK",
      "lastModifiedByName": "Edsel Lita",
      "lastModifiedDate": "2022-08-04T09:34:40.000Z",
      "type": "Audience"
    },
    {
      "createdById": "0055i000005UjC4AAK",
      "createdByName": "Edsel Lita",
      "createdDate": "2022-08-05T01:14:25.000Z",
      "fileName": "audience/Sales_User2.audience",
      "fullName": "Sales_User2",
      "id": "6Au5i000000g2eoCAA",
      "lastModifiedById": "0055i000005UjC4AAK",
      "lastModifiedByName": "Edsel Lita",
      "lastModifiedDate": "2022-08-07T02:29:52.000Z",
      "type": "Audience"
    },
    {
      "createdById": "0055i000005UjC4AAK",
      "createdByName": "Edsel Lita",
      "createdDate": "2022-08-04T09:29:42.000Z",
      "fileName": "audience/Car_Dealer.audience",
      "fullName": "Car_Dealer",
      "id": "6Au5i000000g2dqCAA",
      "lastModifiedById": "0055i000005UjC4AAK",
      "lastModifiedByName": "Edsel Lita",
      "lastModifiedDate": "2022-08-04T09:29:42.000Z",
      "type": "Audience"
    },
    {
      "createdById": "0055i000005UjC4AAK",
      "createdByName": "Edsel Lita",
      "createdDate": "2022-07-27T09:13:39.000Z",
      "fileName": "audience/Default1.audience",
      "fullName": "Default1",
      "id": "6Au5i000000g2GPCAY",
      "lastModifiedById": "0055i000005UjC4AAK",
      "lastModifiedByName": "Edsel Lita",
      "lastModifiedDate": "2022-07-27T09:13:41.000Z",
      "type": "Audience"
    },
    {
      "createdById": "0055i000005UjC4AAK",
      "createdByName": "Edsel Lita",
      "createdDate": "2022-07-31T23:45:30.000Z",
      "fileName": "audience/Sales_Executive.audience",
      "fullName": "Sales_Executive",
      "id": "6Au5i000000g2QoCAI",
      "lastModifiedById": "0055i000005UjC4AAK",
      "lastModifiedByName": "Edsel Lita",
      "lastModifiedDate": "2022-08-04T08:46:51.000Z",
      "type": "Audience"
    },
    {
      "createdById": "0055i000005UjC4AAK",
      "createdByName": "Edsel Lita",
      "createdDate": "2022-08-04T09:42:41.000Z",
      "fileName": "audience/Regional_Head.audience",
      "fullName": "Regional_Head",
      "id": "6Au5i000000g2dwCAA",
      "lastModifiedById": "0055i000005UjC4AAK",
      "lastModifiedByName": "Edsel Lita",
      "lastModifiedDate": "2022-08-04T09:42:42.000Z",
      "type": "Audience"
    },
    {
      "createdById": "0055i000005UjC4AAK",
      "createdByName": "Edsel Lita",
      "createdDate": "2022-07-31T07:14:39.000Z",
      "fileName": "audience/Factory_Executive.audience",
      "fullName": "Factory_Executive",
      "id": "6Au5i000000g2QACAY",
      "lastModifiedById": "0055i000005UjC4AAK",
      "lastModifiedByName": "Edsel Lita",
      "lastModifiedDate": "2022-08-04T08:46:29.000Z",
      "type": "Audience"
    }
  ]
}