{
  "status": 0,
  "result": [
    {
      "createdById": "0055i000005UjC4AAK",
      "createdByName": "Edsel Lita",
      "createdDate": "2022-07-28T05:38:27.000Z",
      "fileName": "aura/test",
      "fullName": "test",
      "id": "0Ab5i000002Sx3sCAC",
      "lastModifiedById": "0055i000005UjC4AAK",
      "lastModifiedByName": "Edsel Lita",
      "lastModifiedDate": "2022-08-04T12:34:43.000Z",
      "manageableState": "unmanaged",
      "namespacePrefix": "nitroMySpace",
      "type": "AuraDefinitionBundle"
    },
    {
      "createdById": "0055i000005UjC4AAK",
      "createdByName": "Edsel Lita",
      "createdDate": "2022-07-30T10:30:57.000Z",
      "fileName": "aura/RHG__DataTable",
      "fullName": "RHG__DataTable",
      "id": "0Ab5i000002T8RXCA0",
      "lastModifiedById": "0055i000005UjC4AAK",
      "lastModifiedByName": "Edsel Lita",
      "lastModifiedDate": "2022-07-30T10:30:57.000Z",
      "manageableState": "installed",
      "namespacePrefix": "RHG",
      "type": "AuraDefinitionBundle"
    },
    {
      "createdById": "0055i000005UjC4AAK",
      "createdByName": "Edsel Lita",
      "createdDate": "2022-07-27T06:47:22.000Z",
      "fileName": "aura/forgotPassword",
      "fullName": "forgotPassword",
      "id": "0Ab5i000002SqJHCA0",
      "lastModifiedById": "0055i000005UjC4AAK",
      "lastModifiedByName": "Edsel Lita",
      "lastModifiedDate": "2022-07-27T06:47:22.000Z",
      "manageableState": "unmanaged",
      "namespacePrefix": "nitroMySpace",
      "type": "AuraDefinitionBundle"
    },
    {
      "createdById": "0055i000005UjC4AAK",
      "createdByName": "Edsel Lita",
      "createdDate": "2022-07-30T11:06:29.000Z",
      "fileName": "aura/PicklistWidget",
      "fullName": "PicklistWidget",
      "id": "0Ab5i000002T8ddCAC",
      "lastModifiedById": "0055i000005UjC4AAK",
      "lastModifiedByName": "Edsel Lita",
      "lastModifiedDate": "2022-07-30T11:06:29.000Z",
      "manageableState": "unmanaged",
      "namespacePrefix": "nitroMySpace",
      "type": "AuraDefinitionBundle"
    },
    {
      "createdById": "0055i000005UjC4AAK",
      "createdByName": "Edsel Lita",
      "createdDate": "2022-08-01T12:06:45.000Z",
      "fileName": "aura/testing",
      "fullName": "testing",
      "id": "0Ab5i000002TGK0CAO",
      "lastModifiedById": "0055i000005UjC4AAK",
      "lastModifiedByName": "Edsel Lita",
      "lastModifiedDate": "2022-08-08T00:07:06.000Z",
      "manageableState": "unmanaged",
      "namespacePrefix": "nitroMySpace",
      "type": "AuraDefinitionBundle"
    },
    {
      "createdById": "0055i000005UjC4AAK",
      "createdByName": "Edsel Lita",
      "createdDate": "2022-07-29T02:00:21.000Z",
      "fileName": "aura/testApp",
      "fullName": "testApp",
      "id": "0Ab5i000002T2G7CAK",
      "lastModifiedById": "0055i000005UjC4AAK",
      "lastModifiedByName": "Edsel Lita",
      "lastModifiedDate": "2022-07-29T11:55:30.000Z",
      "manageableState": "unmanaged",
      "namespacePrefix": "nitroMySpace",
      "type": "AuraDefinitionBundle"
    },
    {
      "createdById": "0055i000005UjC4AAK",
      "createdByName": "Edsel Lita",
      "createdDate": "2022-07-30T10:30:57.000Z",
      "fileName": "aura/RHG__MultiSelect",
      "fullName": "RHG__MultiSelect",
      "id": "0Ab5i000002T8RYCA0",
      "lastModifiedById": "0055i000005UjC4AAK",
      "lastModifiedByName": "Edsel Lita",
      "lastModifiedDate": "2022-07-30T10:30:57.000Z",
      "manageableState": "installed",
      "namespacePrefix": "RHG",
      "type": "AuraDefinitionBundle"
    },
    {
      "createdById": "0055i000005UjC4AAK",
      "createdByName": "Edsel Lita",
      "createdDate": "2022-07-30T10:30:57.000Z",
      "fileName": "aura/RHG__SearchBox",
      "fullName": "RHG__SearchBox",
      "id": "0Ab5i000002T8RcCAK",
      "lastModifiedById": "0055i000005UjC4AAK",
      "lastModifiedByName": "Edsel Lita",
      "lastModifiedDate": "2022-07-30T10:30:57.000Z",
      "manageableState": "installed",
      "namespacePrefix": "RHG",
      "type": "AuraDefinitionBundle"
    },
    {
      "createdById": "0055i000005UjC4AAK",
      "createdByName": "Edsel Lita",
      "createdDate": "2022-07-30T11:06:29.000Z",
      "fileName": "aura/PicklistSelectedOptions",
      "fullName": "PicklistSelectedOptions",
      "id": "0Ab5i000002T8dcCAC",
      "lastModifiedById": "0055i000005UjC4AAK",
      "lastModifiedByName": "Edsel Lita",
      "lastModifiedDate": "2022-07-30T11:06:29.000Z",
      "manageableState": "unmanaged",
      "namespacePrefix": "nitroMySpace",
      "type": "AuraDefinitionBundle"
    },
    {
      "createdById": "0055i000005UjC4AAK",
      "createdByName": "Edsel Lita",
      "createdDate": "2022-07-30T10:30:57.000Z",
      "fileName": "aura/RHG__TransportationInput",
      "fullName": "RHG__TransportationInput",
      "id": "0Ab5i000002T8RdCAK",
      "lastModifiedById": "0055i000005UjC4AAK",
      "lastModifiedByName": "Edsel Lita",
      "lastModifiedDate": "2022-07-30T10:30:57.000Z",
      "manageableState": "installed",
      "namespacePrefix": "RHG",
      "type": "AuraDefinitionBundle"
    },
    {
      "createdById": "0055i000005UjC4AAK",
      "createdByName": "Edsel Lita",
      "createdDate": "2022-07-27T06:47:22.000Z",
      "fileName": "aura/selfRegister",
      "fullName": "selfRegister",
      "id": "0Ab5i000002SqJGCA0",
      "lastModifiedById": "0055i000005UjC4AAK",
      "lastModifiedByName": "Edsel Lita",
      "lastModifiedDate": "2022-07-27T06:47:22.000Z",
      "manageableState": "unmanaged",
      "namespacePrefix": "nitroMySpace",
      "type": "AuraDefinitionBundle"
    },
    {
      "createdById": "0055i000005UjC4AAK",
      "createdByName": "Edsel Lita",
      "createdDate": "2022-07-27T06:47:22.000Z",
      "fileName": "aura/loginForm",
      "fullName": "loginForm",
      "id": "0Ab5i000002SqJFCA0",
      "lastModifiedById": "0055i000005UjC4AAK",
      "lastModifiedByName": "Edsel Lita",
      "lastModifiedDate": "2022-07-27T06:47:22.000Z",
      "manageableState": "unmanaged",
      "namespacePrefix": "nitroMySpace",
      "type": "AuraDefinitionBundle"
    },
    {
      "createdById": "0055i000005UjC4AAK",
      "createdByName": "Edsel Lita",
      "createdDate": "2022-07-30T10:30:57.000Z",
      "fileName": "aura/RHG__LocationFilter",
      "fullName": "RHG__LocationFilter",
      "id": "0Ab5i000002T8RZCA0",
      "lastModifiedById": "0055i000005UjC4AAK",
      "lastModifiedByName": "Edsel Lita",
      "lastModifiedDate": "2022-07-30T10:30:57.000Z",
      "manageableState": "installed",
      "namespacePrefix": "RHG",
      "type": "AuraDefinitionBundle"
    },
    {
      "createdById": "0055i000005UjC4AAK",
      "createdByName": "Edsel Lita",
      "createdDate": "2022-07-27T06:47:22.000Z",
      "fileName": "aura/setStartUrl",
      "fullName": "setStartUrl",
      "id": "0Ab5i000002SqJECA0",
      "lastModifiedById": "0055i000005UjC4AAK",
      "lastModifiedByName": "Edsel Lita",
      "lastModifiedDate": "2022-07-27T06:47:22.000Z",
      "manageableState": "unmanaged",
      "namespacePrefix": "nitroMySpace",
      "type": "AuraDefinitionBundle"
    },
    {
      "createdById": "0055i000005UjC4AAK",
      "createdByName": "Edsel Lita",
      "createdDate": "2022-07-30T10:30:57.000Z",
      "fileName": "aura/RHG__DataTableWithFlow",
      "fullName": "RHG__DataTableWithFlow",
      "id": "0Ab5i000002T8RaCAK",
      "lastModifiedById": "0055i000005UjC4AAK",
      "lastModifiedByName": "Edsel Lita",
      "lastModifiedDate": "2022-07-30T10:30:57.000Z",
      "manageableState": "installed",
      "namespacePrefix": "RHG",
      "type": "AuraDefinitionBundle"
    },
    {
      "createdById": "0055i000005UjC4AAK",
      "createdByName": "Edsel Lita",
      "createdDate": "2022-07-27T06:47:22.000Z",
      "fileName": "aura/setExpId",
      "fullName": "setExpId",
      "id": "0Ab5i000002SqJDCA0",
      "lastModifiedById": "0055i000005UjC4AAK",
      "lastModifiedByName": "Edsel Lita",
      "lastModifiedDate": "2022-07-27T06:47:22.000Z",
      "manageableState": "unmanaged",
      "namespacePrefix": "nitroMySpace",
      "type": "AuraDefinitionBundle"
    },
    {
      "createdById": "0055i000005UjC4AAK",
      "createdByName": "Edsel Lita",
      "createdDate": "2022-07-30T10:30:57.000Z",
      "fileName": "aura/RHG__SearchResult",
      "fullName": "RHG__SearchResult",
      "id": "0Ab5i000002T8RbCAK",
      "lastModifiedById": "0055i000005UjC4AAK",
      "lastModifiedByName": "Edsel Lita",
      "lastModifiedDate": "2022-07-30T10:30:57.000Z",
      "manageableState": "installed",
      "namespacePrefix": "RHG",
      "type": "AuraDefinitionBundle"
    }
  ]
}