{
  "status": 0,
  "result": [
    {
      "createdById": "0055i000005UjC4AAK",
      "createdByName": "Edsel Lita",
      "createdDate": "2022-07-27T06:47:22.000Z",
      "fileName": "batchCalcJobDefinitions/Aggregate_by_Member_Trail.batchCalcJobDefinition",
      "fullName": "Aggregate_by_Member_Trail",
      "id": "9N15i000000oNEjCAM",
      "lastModifiedById": "0055i000005UjC4AAK",
      "lastModifiedByName": "Edsel Lita",
      "lastModifiedDate": "2022-07-27T06:47:22.000Z",
      "manageableState": "unmanaged",
      "namespacePrefix": "nitroMySpace",
      "type": "BatchCalcJobDefinition"
    },
    {
      "createdById": "0055i000005UjC4AAK",
      "createdByName": "Edsel Lita",
      "createdDate": "2022-07-27T06:47:22.000Z",
      "fileName": "batchCalcJobDefinitions/Acme_Partners_Aggregate_by_Account.batchCalcJobDefinition",
      "fullName": "Acme_Partners_Aggregate_by_Account",
      "id": "9N15i000000oNEiCAM",
      "lastModifiedById": "0055i000005UjC4AAK",
      "lastModifiedByName": "Edsel Lita",
      "lastModifiedDate": "2022-07-27T06:47:22.000Z",
      "manageableState": "unmanaged",
      "namespacePrefix": "nitroMySpace",
      "type": "BatchCalcJobDefinition"
    },
    {
      "createdById": "0055i000005UjC4AAK",
      "createdByName": "Edsel Lita",
      "createdDate": "2022-07-27T06:47:22.000Z",
      "fileName": "batchCalcJobDefinitions/Year_over_Year_Growth_Aggregate_using_Member_Trail.batchCalcJobDefinition",
      "fullName": "Year_over_Year_Growth_Aggregate_using_Member_Trail",
      "id": "9N15i000000oNEkCAM",
      "lastModifiedById": "0055i000005UjC4AAK",
      "lastModifiedByName": "Edsel Lita",
      "lastModifiedDate": "2022-07-27T06:47:22.000Z",
      "manageableState": "unmanaged",
      "namespacePrefix": "nitroMySpace",
      "type": "BatchCalcJobDefinition"
    },
    {
      "createdById": "0055i000005UjC4AAK",
      "createdByName": "Edsel Lita",
      "createdDate": "2022-07-27T06:47:22.000Z",
      "fileName": "batchCalcJobDefinitions/Acme_Partners_Aggregate_by_Member.batchCalcJobDefinition",
      "fullName": "Acme_Partners_Aggregate_by_Member",
      "id": "9N15i000000oNEhCAM",
      "lastModifiedById": "0055i000005UjC4AAK",
      "lastModifiedByName": "Edsel Lita",
      "lastModifiedDate": "2022-07-27T06:47:22.000Z",
      "manageableState": "unmanaged",
      "namespacePrefix": "nitroMySpace",
      "type": "BatchCalcJobDefinition"
    }
  ]
}