{
  "status": 0,
  "result": {
    "createdById": "0055i000005UjC4AAK",
    "createdByName": "Edsel Lita",
    "createdDate": "2022-08-09T23:47:52.000Z",
    "fileName": "brandingSets/Nitro_Motor_Exp_Cloud.brandingSet",
    "fullName": "Nitro_Motor_Exp_Cloud",
    "id": "0Lw5i000000gOScCAM",
    "lastModifiedById": "0055i000005UjC4AAK",
    "lastModifiedByName": "Edsel Lita",
    "lastModifiedDate": "2022-08-09T23:47:52.000Z",
    "manageableState": "unmanaged",
    "namespacePrefix": "nitroMySpace",
    "type": "BrandingSet"
  }
}