{
  "status": 0,
  "result": {
    "createdById": "0055i000005UjC4AAK",
    "createdByName": "Edsel Lita",
    "createdDate": "2022-07-27T06:47:22.000Z",
    "fileName": "campaignInfluenceModels/primaryModel.campaignInfluenceModel",
    "fullName": "primaryModel",
    "id": "03V5i000000wup6EAA",
    "lastModifiedById": "0055i000005UjC4AAK",
    "lastModifiedByName": "Edsel Lita",
    "lastModifiedDate": "2022-07-27T06:47:22.000Z",
    "manageableState": "unmanaged",
    "namespacePrefix": "nitroMySpace",
    "type": "CampaignInfluenceModel"
  }
}