{
  "status": 0,
  "result": {
    "createdById": "0055i000005NMYZAA4",
    "createdByName": "Automated Process",
    "createdDate": "2022-07-27T06:47:22.000Z",
    "fileName": "cleanDataServices/DataCloudGeoLocation.cleanDataService",
    "fullName": "DataCloudGeoLocation",
    "id": "07S5i000000tEnCEAU",
    "lastModifiedById": "0055i000005NMYZAA4",
    "lastModifiedByName": "Automated Process",
    "lastModifiedDate": "2022-07-27T06:47:22.000Z",
    "manageableState": "unmanaged",
    "namespacePrefix": "nitroMySpace",
    "type": "CleanDataService"
  }
}