{
  "status": 0,
  "result": {
    "createdById": "0055i000005UjC4AAK",
    "createdByName": "Edsel Lita",
    "createdDate": "2022-08-09T23:47:53.000Z",
    "fileName": "communityThemeDefinitions/Nitro_Motor_Exp_Cloud.communityThemeDefinition",
    "fullName": "Nitro_Motor_Exp_Cloud",
    "id": "05l5i000000LOBBAA4",
    "lastModifiedById": "0055i000005UjC4AAK",
    "lastModifiedByName": "Edsel Lita",
    "lastModifiedDate": "2022-08-09T23:47:53.000Z",
    "manageableState": "unmanaged",
    "namespacePrefix": "nitroMySpace",
    "type": "CommunityThemeDefinition"
  }
}