{
  "status": 0,
  "result": [
    {
      "createdById": "0055i000005NMYZAA4",
      "createdByName": "Automated Process",
      "createdDate": "2022-07-27T06:47:22.000Z",
      "fileName": "contentassets/iconcompositionpng.asset",
      "fullName": "iconcompositionpng",
      "id": "03S5i000000yPbhEAE",
      "lastModifiedById": "0055i000005NMYZAA4",
      "lastModifiedByName": "Automated Process",
      "lastModifiedDate": "2022-07-27T06:47:22.000Z",
      "manageableState": "unmanaged",
      "namespacePrefix": "nitroMySpace",
      "type": "ContentAsset"
    },
    {
      "createdById": "0055i000005UjC4AAK",
      "createdByName": "Edsel Lita",
      "createdDate": "2022-07-27T06:47:22.000Z",
      "fileName": "contentassets/IconUserpng21.asset",
      "fullName": "IconUserpng21",
      "id": "03S5i000000yPaZEAU",
      "lastModifiedById": "0055i000005UjC4AAK",
      "lastModifiedByName": "Edsel Lita",
      "lastModifiedDate": "2022-07-27T06:47:22.000Z",
      "manageableState": "unmanaged",
      "namespacePrefix": "nitroMySpace",
      "type": "ContentAsset"
    },
    {
      "createdById": "0055i000005NMYZAA4",
      "createdByName": "Automated Process",
      "createdDate": "2022-07-27T06:47:22.000Z",
      "fileName": "contentassets/astro_clipboardpng.asset",
      "fullName": "astro_clipboardpng",
      "id": "03S5i000000yPbcEAE",
      "lastModifiedById": "0055i000005NMYZAA4",
      "lastModifiedByName": "Automated Process",
      "lastModifiedDate": "2022-07-27T06:47:22.000Z",
      "manageableState": "unmanaged",
      "namespacePrefix": "nitroMySpace",
      "type": "ContentAsset"
    },
    {
      "createdById": "0055i000005NMYZAA4",
      "createdByName": "Automated Process",
      "createdDate": "2022-07-27T06:47:22.000Z",
      "fileName": "contentassets/iconcomparepng.asset",
      "fullName": "iconcomparepng",
      "id": "03S5i000000yPbeEAE",
      "lastModifiedById": "0055i000005NMYZAA4",
      "lastModifiedByName": "Automated Process",
      "lastModifiedDate": "2022-07-27T06:47:22.000Z",
      "manageableState": "unmanaged",
      "namespacePrefix": "nitroMySpace",
      "type": "ContentAsset"
    },
    {
      "createdById": "0055i000005UjC4AAK",
      "createdByName": "Edsel Lita",
      "createdDate": "2022-07-27T06:47:22.000Z",
      "fileName": "contentassets/metrics_png3.asset",
      "fullName": "metrics_png3",
      "id": "03S5i000000yPb1EAE",
      "lastModifiedById": "0055i000005UjC4AAK",
      "lastModifiedByName": "Edsel Lita",
      "lastModifiedDate": "2022-07-27T06:47:22.000Z",
      "manageableState": "unmanaged",
      "namespacePrefix": "nitroMySpace",
      "type": "ContentAsset"
    },
    {
      "createdById": "0055i000005UjC4AAK",
      "createdByName": "Edsel Lita",
      "createdDate": "2022-07-27T06:47:22.000Z",
      "fileName": "contentassets/IconGrouppng201.asset",
      "fullName": "IconGrouppng201",
      "id": "03S5i000000yPaaEAE",
      "lastModifiedById": "0055i000005UjC4AAK",
      "lastModifiedByName": "Edsel Lita",
      "lastModifiedDate": "2022-07-27T06:47:22.000Z",
      "manageableState": "unmanaged",
      "namespacePrefix": "nitroMySpace",
      "type": "ContentAsset"
    },
    {
      "createdById": "0055i000005NMYZAA4",
      "createdByName": "Automated Process",
      "createdDate": "2022-07-27T06:47:22.000Z",
      "fileName": "contentassets/bgfooterjpg.asset",
      "fullName": "bgfooterjpg",
      "id": "03S5i000000yPbVEAU",
      "lastModifiedById": "0055i000005NMYZAA4",
      "lastModifiedByName": "Automated Process",
      "lastModifiedDate": "2022-07-27T06:47:22.000Z",
      "manageableState": "unmanaged",
      "namespacePrefix": "nitroMySpace",
      "type": "ContentAsset"
    },
    {
      "createdById": "0055i000005NMYZAA4",
      "createdByName": "Automated Process",
      "createdDate": "2022-07-27T06:47:22.000Z",
      "fileName": "contentassets/Sectionhead1png.asset",
      "fullName": "Sectionhead1png",
      "id": "03S5i000000yPb6EAE",
      "lastModifiedById": "0055i000005NMYZAA4",
      "lastModifiedByName": "Automated Process",
      "lastModifiedDate": "2022-07-27T06:47:22.000Z",
      "manageableState": "unmanaged",
      "namespacePrefix": "nitroMySpace",
      "type": "ContentAsset"
    },
    {
      "createdById": "0055i000005UjC4AAK",
      "createdByName": "Edsel Lita",
      "createdDate": "2022-07-27T06:47:22.000Z",
      "fileName": "contentassets/manufacturing_app_iconpng1.asset",
      "fullName": "manufacturing_app_iconpng1",
      "id": "03S5i000000yPaeEAE",
      "lastModifiedById": "0055i000005UjC4AAK",
      "lastModifiedByName": "Edsel Lita",
      "lastModifiedDate": "2022-07-27T06:47:22.000Z",
      "manageableState": "unmanaged",
      "namespacePrefix": "nitroMySpace",
      "type": "ContentAsset"
    },
    {
      "createdById": "0055i000005UjC4AAK",
      "createdByName": "Edsel Lita",
      "createdDate": "2022-07-27T06:47:22.000Z",
      "fileName": "contentassets/agreement_png2.asset",
      "fullName": "agreement_png2",
      "id": "03S5i000000yPcCEAU",
      "lastModifiedById": "0055i000005UjC4AAK",
      "lastModifiedByName": "Edsel Lita",
      "lastModifiedDate": "2022-07-27T06:47:22.000Z",
      "manageableState": "unmanaged",
      "namespacePrefix": "nitroMySpace",
      "type": "ContentAsset"
    },
    {
      "createdById": "0055i000005UjC4AAK",
      "createdByName": "Edsel Lita",
      "createdDate": "2022-07-27T09:50:21.000Z",
      "fileName": "contentassets/logo.asset",
      "fullName": "logo",
      "id": "03S5i000000yPoREAU",
      "lastModifiedById": "0055i000005UjC4AAK",
      "lastModifiedByName": "Edsel Lita",
      "lastModifiedDate": "2022-07-27T09:50:21.000Z",
      "manageableState": "unmanaged",
      "namespacePrefix": "nitroMySpace",
      "type": "ContentAsset"
    },
    {
      "createdById": "0055i000005UjC4AAK",
      "createdByName": "Edsel Lita",
      "createdDate": "2022-07-27T06:47:22.000Z",
      "fileName": "contentassets/IconGrouppng19.asset",
      "fullName": "IconGrouppng19",
      "id": "03S5i000000yPaFEAU",
      "lastModifiedById": "0055i000005UjC4AAK",
      "lastModifiedByName": "Edsel Lita",
      "lastModifiedDate": "2022-07-27T06:47:22.000Z",
      "manageableState": "unmanaged",
      "namespacePrefix": "nitroMySpace",
      "type": "ContentAsset"
    },
    {
      "createdById": "0055i000005UjC4AAK",
      "createdByName": "Edsel Lita",
      "createdDate": "2022-07-27T06:47:22.000Z",
      "fileName": "contentassets/Artboard2xpng1.asset",
      "fullName": "Artboard2xpng1",
      "id": "03S5i000000yPaqEAE",
      "lastModifiedById": "0055i000005UjC4AAK",
      "lastModifiedByName": "Edsel Lita",
      "lastModifiedDate": "2022-07-27T06:47:22.000Z",
      "manageableState": "unmanaged",
      "namespacePrefix": "nitroMySpace",
      "type": "ContentAsset"
    },
    {
      "createdById": "0055i000005NMYZAA4",
      "createdByName": "Automated Process",
      "createdDate": "2022-07-27T06:47:22.000Z",
      "fileName": "contentassets/arrowrpng.asset",
      "fullName": "arrowrpng",
      "id": "03S5i000000yPbtEAE",
      "lastModifiedById": "0055i000005NMYZAA4",
      "lastModifiedByName": "Automated Process",
      "lastModifiedDate": "2022-07-27T06:47:22.000Z",
      "manageableState": "unmanaged",
      "namespacePrefix": "nitroMySpace",
      "type": "ContentAsset"
    },
    {
      "createdById": "0055i000005NMYZAA4",
      "createdByName": "Automated Process",
      "createdDate": "2022-07-27T06:47:22.000Z",
      "fileName": "contentassets/astro_hard_hatpng.asset",
      "fullName": "astro_hard_hatpng",
      "id": "03S5i000000yPbdEAE",
      "lastModifiedById": "0055i000005NMYZAA4",
      "lastModifiedByName": "Automated Process",
      "lastModifiedDate": "2022-07-27T06:47:22.000Z",
      "manageableState": "unmanaged",
      "namespacePrefix": "nitroMySpace",
      "type": "ContentAsset"
    },
    {
      "createdById": "0055i000005UjC4AAK",
      "createdByName": "Edsel Lita",
      "createdDate": "2022-07-27T06:47:22.000Z",
      "fileName": "contentassets/agreement_png.asset",
      "fullName": "agreement_png",
      "id": "03S5i000000yPaREAU",
      "lastModifiedById": "0055i000005UjC4AAK",
      "lastModifiedByName": "Edsel Lita",
      "lastModifiedDate": "2022-07-27T06:47:22.000Z",
      "manageableState": "unmanaged",
      "namespacePrefix": "nitroMySpace",
      "type": "ContentAsset"
    },
    {
      "createdById": "0055i000005NMYZAA4",
      "createdByName": "Automated Process",
      "createdDate": "2022-07-27T06:47:22.000Z",
      "fileName": "contentassets/titlepng.asset",
      "fullName": "titlepng",
      "id": "03S5i000000yPbUEAU",
      "lastModifiedById": "0055i000005NMYZAA4",
      "lastModifiedByName": "Automated Process",
      "lastModifiedDate": "2022-07-27T06:47:22.000Z",
      "manageableState": "unmanaged",
      "namespacePrefix": "nitroMySpace",
      "type": "ContentAsset"
    },
    {
      "createdById": "0055i000005NMYZAA4",
      "createdByName": "Automated Process",
      "createdDate": "2022-07-27T06:47:22.000Z",
      "fileName": "contentassets/iconchartpng.asset",
      "fullName": "iconchartpng",
      "id": "03S5i000000yPbZEAU",
      "lastModifiedById": "0055i000005NMYZAA4",
      "lastModifiedByName": "Automated Process",
      "lastModifiedDate": "2022-07-27T06:47:22.000Z",
      "manageableState": "unmanaged",
      "namespacePrefix": "nitroMySpace",
      "type": "ContentAsset"
    },
    {
      "createdById": "0055i000005UjC4AAK",
      "createdByName": "Edsel Lita",
      "createdDate": "2022-07-27T06:47:22.000Z",
      "fileName": "contentassets/graph2xpng2.asset",
      "fullName": "graph2xpng2",
      "id": "03S5i000000yPcDEAU",
      "lastModifiedById": "0055i000005UjC4AAK",
      "lastModifiedByName": "Edsel Lita",
      "lastModifiedDate": "2022-07-27T06:47:22.000Z",
      "manageableState": "unmanaged",
      "namespacePrefix": "nitroMySpace",
      "type": "ContentAsset"
    },
    {
      "createdById": "0055i000005UjC4AAK",
      "createdByName": "Edsel Lita",
      "createdDate": "2022-08-09T23:57:44.000Z",
      "fileName": "contentassets/thumb1.asset",
      "fullName": "thumb1",
      "id": "03S5i000000ycZTEAY",
      "lastModifiedById": "0055i000005UjC4AAK",
      "lastModifiedByName": "Edsel Lita",
      "lastModifiedDate": "2022-08-09T23:57:44.000Z",
      "manageableState": "unmanaged",
      "namespacePrefix": "nitroMySpace",
      "type": "ContentAsset"
    },
    {
      "createdById": "0055i000005NMYZAA4",
      "createdByName": "Automated Process",
      "createdDate": "2022-07-27T06:47:22.000Z",
      "fileName": "contentassets/bgfootersnowjpg.asset",
      "fullName": "bgfootersnowjpg",
      "id": "03S5i000000yPbXEAU",
      "lastModifiedById": "0055i000005NMYZAA4",
      "lastModifiedByName": "Automated Process",
      "lastModifiedDate": "2022-07-27T06:47:22.000Z",
      "manageableState": "unmanaged",
      "namespacePrefix": "nitroMySpace",
      "type": "ContentAsset"
    },
    {
      "createdById": "0055i000005NMYZAA4",
      "createdByName": "Automated Process",
      "createdDate": "2022-07-27T06:47:22.000Z",
      "fileName": "contentassets/iconlearnmorepng.asset",
      "fullName": "iconlearnmorepng",
      "id": "03S5i000000yPb5EAE",
      "lastModifiedById": "0055i000005NMYZAA4",
      "lastModifiedByName": "Automated Process",
      "lastModifiedDate": "2022-07-27T06:47:22.000Z",
      "manageableState": "unmanaged",
      "namespacePrefix": "nitroMySpace",
      "type": "ContentAsset"
    },
    {
      "createdById": "0055i000005UjC4AAK",
      "createdByName": "Edsel Lita",
      "createdDate": "2022-07-27T06:47:22.000Z",
      "fileName": "contentassets/manufacturing_app_iconpng2.asset",
      "fullName": "manufacturing_app_iconpng2",
      "id": "03S5i000000yPc6EAE",
      "lastModifiedById": "0055i000005UjC4AAK",
      "lastModifiedByName": "Edsel Lita",
      "lastModifiedDate": "2022-07-27T06:47:22.000Z",
      "manageableState": "unmanaged",
      "namespacePrefix": "nitroMySpace",
      "type": "ContentAsset"
    },
    {
      "createdById": "0055i000005UjC4AAK",
      "createdByName": "Edsel Lita",
      "createdDate": "2022-07-27T06:47:22.000Z",
      "fileName": "contentassets/Powered_by_analytics_bannerpng3.asset",
      "fullName": "Powered_by_analytics_bannerpng3",
      "id": "03S5i000000yPc4EAE",
      "lastModifiedById": "0055i000005UjC4AAK",
      "lastModifiedByName": "Edsel Lita",
      "lastModifiedDate": "2022-07-27T06:47:22.000Z",
      "manageableState": "unmanaged",
      "namespacePrefix": "nitroMySpace",
      "type": "ContentAsset"
    },
    {
      "createdById": "0055i000005NMYZAA4",
      "createdByName": "Automated Process",
      "createdDate": "2022-07-27T06:47:22.000Z",
      "fileName": "contentassets/Powered_by_analytics_bannerpng.asset",
      "fullName": "Powered_by_analytics_bannerpng",
      "id": "03S5i000000yPaBEAU",
      "lastModifiedById": "0055i000005NMYZAA4",
      "lastModifiedByName": "Automated Process",
      "lastModifiedDate": "2022-07-27T06:47:22.000Z",
      "manageableState": "unmanaged",
      "namespacePrefix": "nitroMySpace",
      "type": "ContentAsset"
    },
    {
      "createdById": "0055i000005NMYZAA4",
      "createdByName": "Automated Process",
      "createdDate": "2022-07-27T06:47:22.000Z",
      "fileName": "contentassets/iconlocationpng.asset",
      "fullName": "iconlocationpng",
      "id": "03S5i000000yPbjEAE",
      "lastModifiedById": "0055i000005NMYZAA4",
      "lastModifiedByName": "Automated Process",
      "lastModifiedDate": "2022-07-27T06:47:22.000Z",
      "manageableState": "unmanaged",
      "namespacePrefix": "nitroMySpace",
      "type": "ContentAsset"
    },
    {
      "createdById": "0055i000005UjC4AAK",
      "createdByName": "Edsel Lita",
      "createdDate": "2022-07-27T06:47:22.000Z",
      "fileName": "contentassets/agreement_png1.asset",
      "fullName": "agreement_png1",
      "id": "03S5i000000yPakEAE",
      "lastModifiedById": "0055i000005UjC4AAK",
      "lastModifiedByName": "Edsel Lita",
      "lastModifiedDate": "2022-07-27T06:47:22.000Z",
      "manageableState": "unmanaged",
      "namespacePrefix": "nitroMySpace",
      "type": "ContentAsset"
    },
    {
      "createdById": "0055i000005UjC4AAK",
      "createdByName": "Edsel Lita",
      "createdDate": "2022-07-27T06:47:22.000Z",
      "fileName": "contentassets/manufacturing_app_icon2xpng.asset",
      "fullName": "manufacturing_app_icon2xpng",
      "id": "03S5i000000yPaKEAU",
      "lastModifiedById": "0055i000005UjC4AAK",
      "lastModifiedByName": "Edsel Lita",
      "lastModifiedDate": "2022-07-27T06:47:22.000Z",
      "manageableState": "unmanaged",
      "namespacePrefix": "nitroMySpace",
      "type": "ContentAsset"
    },
    {
      "createdById": "0055i000005UjC4AAK",
      "createdByName": "Edsel Lita",
      "createdDate": "2022-07-27T06:47:22.000Z",
      "fileName": "contentassets/money_bag_png2.asset",
      "fullName": "money_bag_png2",
      "id": "03S5i000000yPcAEAU",
      "lastModifiedById": "0055i000005UjC4AAK",
      "lastModifiedByName": "Edsel Lita",
      "lastModifiedDate": "2022-07-27T06:47:22.000Z",
      "manageableState": "unmanaged",
      "namespacePrefix": "nitroMySpace",
      "type": "ContentAsset"
    },
    {
      "createdById": "0055i000005NMYZAA4",
      "createdByName": "Automated Process",
      "createdDate": "2022-07-27T06:47:22.000Z",
      "fileName": "contentassets/editorgif.asset",
      "fullName": "editorgif",
      "id": "03S5i000000yPbxEAE",
      "lastModifiedById": "0055i000005NMYZAA4",
      "lastModifiedByName": "Automated Process",
      "lastModifiedDate": "2022-07-27T06:47:22.000Z",
      "manageableState": "unmanaged",
      "namespacePrefix": "nitroMySpace",
      "type": "ContentAsset"
    },
    {
      "createdById": "0055i000005NMYZAA4",
      "createdByName": "Automated Process",
      "createdDate": "2022-07-27T06:47:22.000Z",
      "fileName": "contentassets/iconrelationshippng.asset",
      "fullName": "iconrelationshippng",
      "id": "03S5i000000yPbgEAE",
      "lastModifiedById": "0055i000005NMYZAA4",
      "lastModifiedByName": "Automated Process",
      "lastModifiedDate": "2022-07-27T06:47:22.000Z",
      "manageableState": "unmanaged",
      "namespacePrefix": "nitroMySpace",
      "type": "ContentAsset"
    },
    {
      "createdById": "0055i000005UjC4AAK",
      "createdByName": "Edsel Lita",
      "createdDate": "2022-07-27T06:47:22.000Z",
      "fileName": "contentassets/IconGrouppng202.asset",
      "fullName": "IconGrouppng202",
      "id": "03S5i000000yPc2EAE",
      "lastModifiedById": "0055i000005UjC4AAK",
      "lastModifiedByName": "Edsel Lita",
      "lastModifiedDate": "2022-07-27T06:47:22.000Z",
      "manageableState": "unmanaged",
      "namespacePrefix": "nitroMySpace",
      "type": "ContentAsset"
    },
    {
      "createdById": "0055i000005UjC4AAK",
      "createdByName": "Edsel Lita",
      "createdDate": "2022-07-27T06:47:22.000Z",
      "fileName": "contentassets/customerspng2.asset",
      "fullName": "customerspng2",
      "id": "03S5i000000yPc7EAE",
      "lastModifiedById": "0055i000005UjC4AAK",
      "lastModifiedByName": "Edsel Lita",
      "lastModifiedDate": "2022-07-27T06:47:22.000Z",
      "manageableState": "unmanaged",
      "namespacePrefix": "nitroMySpace",
      "type": "ContentAsset"
    },
    {
      "createdById": "0055i000005NMYZAA4",
      "createdByName": "Automated Process",
      "createdDate": "2022-07-27T06:47:22.000Z",
      "fileName": "contentassets/icondistributionpng.asset",
      "fullName": "icondistributionpng",
      "id": "03S5i000000yPbiEAE",
      "lastModifiedById": "0055i000005NMYZAA4",
      "lastModifiedByName": "Automated Process",
      "lastModifiedDate": "2022-07-27T06:47:22.000Z",
      "manageableState": "unmanaged",
      "namespacePrefix": "nitroMySpace",
      "type": "ContentAsset"
    },
    {
      "createdById": "0055i000005NMYZAA4",
      "createdByName": "Automated Process",
      "createdDate": "2022-07-27T06:47:22.000Z",
      "fileName": "contentassets/findeditorgif.asset",
      "fullName": "findeditorgif",
      "id": "03S5i000000yPbyEAE",
      "lastModifiedById": "0055i000005NMYZAA4",
      "lastModifiedByName": "Automated Process",
      "lastModifiedDate": "2022-07-27T06:47:22.000Z",
      "manageableState": "unmanaged",
      "namespacePrefix": "nitroMySpace",
      "type": "ContentAsset"
    },
    {
      "createdById": "0055i000005NMYZAA4",
      "createdByName": "Automated Process",
      "createdDate": "2022-07-27T06:47:22.000Z",
      "fileName": "contentassets/icontrendingpng.asset",
      "fullName": "icontrendingpng",
      "id": "03S5i000000yPbfEAE",
      "lastModifiedById": "0055i000005NMYZAA4",
      "lastModifiedByName": "Automated Process",
      "lastModifiedDate": "2022-07-27T06:47:22.000Z",
      "manageableState": "unmanaged",
      "namespacePrefix": "nitroMySpace",
      "type": "ContentAsset"
    },
    {
      "createdById": "0055i000005UjC4AAK",
      "createdByName": "Edsel Lita",
      "createdDate": "2022-07-27T06:47:22.000Z",
      "fileName": "contentassets/tracker_icon2xpng3.asset",
      "fullName": "tracker_icon2xpng3",
      "id": "03S5i000000yPb4EAE",
      "lastModifiedById": "0055i000005UjC4AAK",
      "lastModifiedByName": "Edsel Lita",
      "lastModifiedDate": "2022-07-27T06:47:22.000Z",
      "manageableState": "unmanaged",
      "namespacePrefix": "nitroMySpace",
      "type": "ContentAsset"
    },
    {
      "createdById": "0055i000005UjC4AAK",
      "createdByName": "Edsel Lita",
      "createdDate": "2022-07-27T06:47:22.000Z",
      "fileName": "contentassets/arrowpngpng.asset",
      "fullName": "arrowpngpng",
      "id": "03S5i000000yPaEEAU",
      "lastModifiedById": "0055i000005UjC4AAK",
      "lastModifiedByName": "Edsel Lita",
      "lastModifiedDate": "2022-07-27T06:47:22.000Z",
      "manageableState": "unmanaged",
      "namespacePrefix": "nitroMySpace",
      "type": "ContentAsset"
    },
    {
      "createdById": "0055i000005UjC4AAK",
      "createdByName": "Edsel Lita",
      "createdDate": "2022-07-27T06:47:22.000Z",
      "fileName": "contentassets/IconGrouppng191.asset",
      "fullName": "IconGrouppng191",
      "id": "03S5i000000yPaYEAU",
      "lastModifiedById": "0055i000005UjC4AAK",
      "lastModifiedByName": "Edsel Lita",
      "lastModifiedDate": "2022-07-27T06:47:22.000Z",
      "manageableState": "unmanaged",
      "namespacePrefix": "nitroMySpace",
      "type": "ContentAsset"
    },
    {
      "createdById": "0055i000005NMYZAA4",
      "createdByName": "Automated Process",
      "createdDate": "2022-07-27T06:47:22.000Z",
      "fileName": "contentassets/bgfooterdesertjpg.asset",
      "fullName": "bgfooterdesertjpg",
      "id": "03S5i000000yPbWEAU",
      "lastModifiedById": "0055i000005NMYZAA4",
      "lastModifiedByName": "Automated Process",
      "lastModifiedDate": "2022-07-27T06:47:22.000Z",
      "manageableState": "unmanaged",
      "namespacePrefix": "nitroMySpace",
      "type": "ContentAsset"
    },
    {
      "createdById": "0055i000005UjC4AAK",
      "createdByName": "Edsel Lita",
      "createdDate": "2022-07-29T00:54:00.000Z",
      "fileName": "contentassets/Wiggly1.asset",
      "fullName": "Wiggly1",
      "id": "03S5i000000yRi7EAE",
      "lastModifiedById": "0055i000005UjC4AAK",
      "lastModifiedByName": "Edsel Lita",
      "lastModifiedDate": "2022-07-29T00:54:00.000Z",
      "manageableState": "unmanaged",
      "namespacePrefix": "nitroMySpace",
      "type": "ContentAsset"
    },
    {
      "createdById": "0055i000005UjC4AAK",
      "createdByName": "Edsel Lita",
      "createdDate": "2022-07-27T06:47:22.000Z",
      "fileName": "contentassets/custom113png1.asset",
      "fullName": "custom113png1",
      "id": "03S5i000000yPagEAE",
      "lastModifiedById": "0055i000005UjC4AAK",
      "lastModifiedByName": "Edsel Lita",
      "lastModifiedDate": "2022-07-27T06:47:22.000Z",
      "manageableState": "unmanaged",
      "namespacePrefix": "nitroMySpace",
      "type": "ContentAsset"
    },
    {
      "createdById": "0055i000005NMYZAA4",
      "createdByName": "Automated Process",
      "createdDate": "2022-07-27T06:47:22.000Z",
      "fileName": "contentassets/Icon_Compare_Tablepng.asset",
      "fullName": "Icon_Compare_Tablepng",
      "id": "03S5i000000yPb9EAE",
      "lastModifiedById": "0055i000005NMYZAA4",
      "lastModifiedByName": "Automated Process",
      "lastModifiedDate": "2022-07-27T06:47:22.000Z",
      "manageableState": "unmanaged",
      "namespacePrefix": "nitroMySpace",
      "type": "ContentAsset"
    },
    {
      "createdById": "0055i000005NMYZAA4",
      "createdByName": "Automated Process",
      "createdDate": "2022-07-27T06:47:22.000Z",
      "fileName": "contentassets/iconmetricspng.asset",
      "fullName": "iconmetricspng",
      "id": "03S5i000000yPbkEAE",
      "lastModifiedById": "0055i000005NMYZAA4",
      "lastModifiedByName": "Automated Process",
      "lastModifiedDate": "2022-07-27T06:47:22.000Z",
      "manageableState": "unmanaged",
      "namespacePrefix": "nitroMySpace",
      "type": "ContentAsset"
    },
    {
      "createdById": "0055i000005UjC4AAK",
      "createdByName": "Edsel Lita",
      "createdDate": "2022-07-27T06:47:22.000Z",
      "fileName": "contentassets/agreement_png3.asset",
      "fullName": "agreement_png3",
      "id": "03S5i000000yPb2EAE",
      "lastModifiedById": "0055i000005UjC4AAK",
      "lastModifiedByName": "Edsel Lita",
      "lastModifiedDate": "2022-07-27T06:47:22.000Z",
      "manageableState": "unmanaged",
      "namespacePrefix": "nitroMySpace",
      "type": "ContentAsset"
    },
    {
      "createdById": "0055i000005NMYZAA4",
      "createdByName": "Automated Process",
      "createdDate": "2022-07-27T06:47:22.000Z",
      "fileName": "contentassets/icongrouppng.asset",
      "fullName": "icongrouppng",
      "id": "03S5i000000yPbQEAU",
      "lastModifiedById": "0055i000005NMYZAA4",
      "lastModifiedByName": "Automated Process",
      "lastModifiedDate": "2022-07-27T06:47:22.000Z",
      "manageableState": "unmanaged",
      "namespacePrefix": "nitroMySpace",
      "type": "ContentAsset"
    },
    {
      "createdById": "0055i000005UjC4AAK",
      "createdByName": "Edsel Lita",
      "createdDate": "2022-08-09T23:57:44.000Z",
      "fileName": "contentassets/thumb2.asset",
      "fullName": "thumb2",
      "id": "03S5i000000ycZUEAY",
      "lastModifiedById": "0055i000005UjC4AAK",
      "lastModifiedByName": "Edsel Lita",
      "lastModifiedDate": "2022-08-09T23:57:44.000Z",
      "manageableState": "unmanaged",
      "namespacePrefix": "nitroMySpace",
      "type": "ContentAsset"
    },
    {
      "createdById": "0055i000005NMYZAA4",
      "createdByName": "Automated Process",
      "createdDate": "2022-07-27T06:47:22.000Z",
      "fileName": "contentassets/Astro_1png.asset",
      "fullName": "Astro_1png",
      "id": "03S5i000000yPbMEAU",
      "lastModifiedById": "0055i000005NMYZAA4",
      "lastModifiedByName": "Automated Process",
      "lastModifiedDate": "2022-07-27T06:47:22.000Z",
      "manageableState": "unmanaged",
      "namespacePrefix": "nitroMySpace",
      "type": "ContentAsset"
    },
    {
      "createdById": "0055i000005NMYZAA4",
      "createdByName": "Automated Process",
      "createdDate": "2022-07-27T06:47:22.000Z",
      "fileName": "contentassets/bgpng.asset",
      "fullName": "bgpng",
      "id": "03S5i000000yPbYEAU",
      "lastModifiedById": "0055i000005NMYZAA4",
      "lastModifiedByName": "Automated Process",
      "lastModifiedDate": "2022-07-27T06:47:22.000Z",
      "manageableState": "unmanaged",
      "namespacePrefix": "nitroMySpace",
      "type": "ContentAsset"
    },
    {
      "createdById": "0055i000005UjC4AAK",
      "createdByName": "Edsel Lita",
      "createdDate": "2022-07-27T06:47:22.000Z",
      "fileName": "contentassets/tracker_iconpng.asset",
      "fullName": "tracker_iconpng",
      "id": "03S5i000000yPbzEAE",
      "lastModifiedById": "0055i000005UjC4AAK",
      "lastModifiedByName": "Edsel Lita",
      "lastModifiedDate": "2022-07-27T06:47:22.000Z",
      "manageableState": "unmanaged",
      "namespacePrefix": "nitroMySpace",
      "type": "ContentAsset"
    },
    {
      "createdById": "0055i000005UjC4AAK",
      "createdByName": "Edsel Lita",
      "createdDate": "2022-07-27T06:47:22.000Z",
      "fileName": "contentassets/metrics_png.asset",
      "fullName": "metrics_png",
      "id": "03S5i000000yPaQEAU",
      "lastModifiedById": "0055i000005UjC4AAK",
      "lastModifiedByName": "Edsel Lita",
      "lastModifiedDate": "2022-07-27T06:47:22.000Z",
      "manageableState": "unmanaged",
      "namespacePrefix": "nitroMySpace",
      "type": "ContentAsset"
    },
    {
      "createdById": "0055i000005NMYZAA4",
      "createdByName": "Automated Process",
      "createdDate": "2022-07-27T06:47:22.000Z",
      "fileName": "contentassets/icondatepng.asset",
      "fullName": "icondatepng",
      "id": "03S5i000000yPbpEAE",
      "lastModifiedById": "0055i000005NMYZAA4",
      "lastModifiedByName": "Automated Process",
      "lastModifiedDate": "2022-07-27T06:47:22.000Z",
      "manageableState": "unmanaged",
      "namespacePrefix": "nitroMySpace",
      "type": "ContentAsset"
    },
    {
      "createdById": "0055i000005NMYZAA4",
      "createdByName": "Automated Process",
      "createdDate": "2022-07-27T06:47:22.000Z",
      "fileName": "contentassets/iconrefreshinversepng.asset",
      "fullName": "iconrefreshinversepng",
      "id": "03S5i000000yPbaEAE",
      "lastModifiedById": "0055i000005NMYZAA4",
      "lastModifiedByName": "Automated Process",
      "lastModifiedDate": "2022-07-27T06:47:22.000Z",
      "manageableState": "unmanaged",
      "namespacePrefix": "nitroMySpace",
      "type": "ContentAsset"
    },
    {
      "createdById": "0055i000005UjC4AAK",
      "createdByName": "Edsel Lita",
      "createdDate": "2022-07-27T06:47:22.000Z",
      "fileName": "contentassets/manufacturing_app_icon2xpng3.asset",
      "fullName": "manufacturing_app_icon2xpng3",
      "id": "03S5i000000yPavEAE",
      "lastModifiedById": "0055i000005UjC4AAK",
      "lastModifiedByName": "Edsel Lita",
      "lastModifiedDate": "2022-07-27T06:47:22.000Z",
      "manageableState": "unmanaged",
      "namespacePrefix": "nitroMySpace",
      "type": "ContentAsset"
    },
    {
      "createdById": "0055i000005UjC4AAK",
      "createdByName": "Edsel Lita",
      "createdDate": "2022-07-27T06:47:22.000Z",
      "fileName": "contentassets/arrowpng.asset",
      "fullName": "arrowpng",
      "id": "03S5i000000yPaDEAU",
      "lastModifiedById": "0055i000005UjC4AAK",
      "lastModifiedByName": "Edsel Lita",
      "lastModifiedDate": "2022-07-27T06:47:22.000Z",
      "manageableState": "unmanaged",
      "namespacePrefix": "nitroMySpace",
      "type": "ContentAsset"
    },
    {
      "createdById": "0055i000005UjC4AAK",
      "createdByName": "Edsel Lita",
      "createdDate": "2022-07-27T06:47:22.000Z",
      "fileName": "contentassets/tracker_icon2xpng1.asset",
      "fullName": "tracker_icon2xpng1",
      "id": "03S5i000000yPanEAE",
      "lastModifiedById": "0055i000005UjC4AAK",
      "lastModifiedByName": "Edsel Lita",
      "lastModifiedDate": "2022-07-27T06:47:22.000Z",
      "manageableState": "unmanaged",
      "namespacePrefix": "nitroMySpace",
      "type": "ContentAsset"
    },
    {
      "createdById": "0055i000005UjC4AAK",
      "createdByName": "Edsel Lita",
      "createdDate": "2022-07-27T06:47:22.000Z",
      "fileName": "contentassets/IconGrouppng203.asset",
      "fullName": "IconGrouppng203",
      "id": "03S5i000000yPasEAE",
      "lastModifiedById": "0055i000005UjC4AAK",
      "lastModifiedByName": "Edsel Lita",
      "lastModifiedDate": "2022-07-27T06:47:22.000Z",
      "manageableState": "unmanaged",
      "namespacePrefix": "nitroMySpace",
      "type": "ContentAsset"
    },
    {
      "createdById": "0055i000005UjC4AAK",
      "createdByName": "Edsel Lita",
      "createdDate": "2022-07-27T06:47:22.000Z",
      "fileName": "contentassets/arrowpng1.asset",
      "fullName": "arrowpng1",
      "id": "03S5i000000yPaWEAU",
      "lastModifiedById": "0055i000005UjC4AAK",
      "lastModifiedByName": "Edsel Lita",
      "lastModifiedDate": "2022-07-27T06:47:22.000Z",
      "manageableState": "unmanaged",
      "namespacePrefix": "nitroMySpace",
      "type": "ContentAsset"
    },
    {
      "createdById": "0055i000005NMYZAA4",
      "createdByName": "Automated Process",
      "createdDate": "2022-07-27T06:47:22.000Z",
      "fileName": "contentassets/iconcodepng.asset",
      "fullName": "iconcodepng",
      "id": "03S5i000000yPbvEAE",
      "lastModifiedById": "0055i000005NMYZAA4",
      "lastModifiedByName": "Automated Process",
      "lastModifiedDate": "2022-07-27T06:47:22.000Z",
      "manageableState": "unmanaged",
      "namespacePrefix": "nitroMySpace",
      "type": "ContentAsset"
    },
    {
      "createdById": "0055i000005NMYZAA4",
      "createdByName": "Automated Process",
      "createdDate": "2022-07-27T06:47:22.000Z",
      "fileName": "contentassets/Icon_Time_Seriespng.asset",
      "fullName": "Icon_Time_Seriespng",
      "id": "03S5i000000yPbFEAU",
      "lastModifiedById": "0055i000005NMYZAA4",
      "lastModifiedByName": "Automated Process",
      "lastModifiedDate": "2022-07-27T06:47:22.000Z",
      "manageableState": "unmanaged",
      "namespacePrefix": "nitroMySpace",
      "type": "ContentAsset"
    },
    {
      "createdById": "0055i000005UjC4AAK",
      "createdByName": "Edsel Lita",
      "createdDate": "2022-07-27T06:47:22.000Z",
      "fileName": "contentassets/IconGrouppng20.asset",
      "fullName": "IconGrouppng20",
      "id": "03S5i000000yPaHEAU",
      "lastModifiedById": "0055i000005UjC4AAK",
      "lastModifiedByName": "Edsel Lita",
      "lastModifiedDate": "2022-07-27T06:47:22.000Z",
      "manageableState": "unmanaged",
      "namespacePrefix": "nitroMySpace",
      "type": "ContentAsset"
    },
    {
      "createdById": "0055i000005UjC4AAK",
      "createdByName": "Edsel Lita",
      "createdDate": "2022-07-27T06:47:22.000Z",
      "fileName": "contentassets/money_bag_png1.asset",
      "fullName": "money_bag_png1",
      "id": "03S5i000000yPaiEAE",
      "lastModifiedById": "0055i000005UjC4AAK",
      "lastModifiedByName": "Edsel Lita",
      "lastModifiedDate": "2022-07-27T06:47:22.000Z",
      "manageableState": "unmanaged",
      "namespacePrefix": "nitroMySpace",
      "type": "ContentAsset"
    },
    {
      "createdById": "0055i000005NMYZAA4",
      "createdByName": "Automated Process",
      "createdDate": "2022-07-27T06:47:22.000Z",
      "fileName": "contentassets/icontimeseriespng.asset",
      "fullName": "icontimeseriespng",
      "id": "03S5i000000yPbIEAU",
      "lastModifiedById": "0055i000005NMYZAA4",
      "lastModifiedByName": "Automated Process",
      "lastModifiedDate": "2022-07-27T06:47:22.000Z",
      "manageableState": "unmanaged",
      "namespacePrefix": "nitroMySpace",
      "type": "ContentAsset"
    },
    {
      "createdById": "0055i000005UjC4AAK",
      "createdByName": "Edsel Lita",
      "createdDate": "2022-07-27T06:47:22.000Z",
      "fileName": "contentassets/graph2xpng3.asset",
      "fullName": "graph2xpng3",
      "id": "03S5i000000yPb3EAE",
      "lastModifiedById": "0055i000005UjC4AAK",
      "lastModifiedByName": "Edsel Lita",
      "lastModifiedDate": "2022-07-27T06:47:22.000Z",
      "manageableState": "unmanaged",
      "namespacePrefix": "nitroMySpace",
      "type": "ContentAsset"
    },
    {
      "createdById": "0055i000005UjC4AAK",
      "createdByName": "Edsel Lita",
      "createdDate": "2022-07-27T06:47:22.000Z",
      "fileName": "contentassets/tracker_icon2xpng2.asset",
      "fullName": "tracker_icon2xpng2",
      "id": "03S5i000000yPcEEAU",
      "lastModifiedById": "0055i000005UjC4AAK",
      "lastModifiedByName": "Edsel Lita",
      "lastModifiedDate": "2022-07-27T06:47:22.000Z",
      "manageableState": "unmanaged",
      "namespacePrefix": "nitroMySpace",
      "type": "ContentAsset"
    },
    {
      "createdById": "0055i000005NMYZAA4",
      "createdByName": "Automated Process",
      "createdDate": "2022-07-27T06:47:22.000Z",
      "fileName": "contentassets/iconfill_resizepng.asset",
      "fullName": "iconfill_resizepng",
      "id": "03S5i000000yPbGEAU",
      "lastModifiedById": "0055i000005NMYZAA4",
      "lastModifiedByName": "Automated Process",
      "lastModifiedDate": "2022-07-27T06:47:22.000Z",
      "manageableState": "unmanaged",
      "namespacePrefix": "nitroMySpace",
      "type": "ContentAsset"
    },
    {
      "createdById": "0055i000005UjC4AAK",
      "createdByName": "Edsel Lita",
      "createdDate": "2022-07-27T06:47:22.000Z",
      "fileName": "contentassets/manufacturing_app_icon2xpng2.asset",
      "fullName": "manufacturing_app_icon2xpng2",
      "id": "03S5i000000yPc5EAE",
      "lastModifiedById": "0055i000005UjC4AAK",
      "lastModifiedByName": "Edsel Lita",
      "lastModifiedDate": "2022-07-27T06:47:22.000Z",
      "manageableState": "unmanaged",
      "namespacePrefix": "nitroMySpace",
      "type": "ContentAsset"
    },
    {
      "createdById": "0055i000005UjC4AAK",
      "createdByName": "Edsel Lita",
      "createdDate": "2022-07-27T06:47:22.000Z",
      "fileName": "contentassets/IconUserpng2.asset",
      "fullName": "IconUserpng2",
      "id": "03S5i000000yPaGEAU",
      "lastModifiedById": "0055i000005UjC4AAK",
      "lastModifiedByName": "Edsel Lita",
      "lastModifiedDate": "2022-07-27T06:47:22.000Z",
      "manageableState": "unmanaged",
      "namespacePrefix": "nitroMySpace",
      "type": "ContentAsset"
    },
    {
      "createdById": "0055i000005NMYZAA4",
      "createdByName": "Automated Process",
      "createdDate": "2022-07-27T06:47:22.000Z",
      "fileName": "contentassets/Icon_Global_Filterspng.asset",
      "fullName": "Icon_Global_Filterspng",
      "id": "03S5i000000yPbBEAU",
      "lastModifiedById": "0055i000005NMYZAA4",
      "lastModifiedByName": "Automated Process",
      "lastModifiedDate": "2022-07-27T06:47:22.000Z",
      "manageableState": "unmanaged",
      "namespacePrefix": "nitroMySpace",
      "type": "ContentAsset"
    },
    {
      "createdById": "0055i000005NMYZAA4",
      "createdByName": "Automated Process",
      "createdDate": "2022-07-27T06:47:22.000Z",
      "fileName": "contentassets/iconorderpng.asset",
      "fullName": "iconorderpng",
      "id": "03S5i000000yPbSEAU",
      "lastModifiedById": "0055i000005NMYZAA4",
      "lastModifiedByName": "Automated Process",
      "lastModifiedDate": "2022-07-27T06:47:22.000Z",
      "manageableState": "unmanaged",
      "namespacePrefix": "nitroMySpace",
      "type": "ContentAsset"
    },
    {
      "createdById": "0055i000005UjC4AAK",
      "createdByName": "Edsel Lita",
      "createdDate": "2022-08-09T23:57:44.000Z",
      "fileName": "contentassets/logo3.asset",
      "fullName": "logo3",
      "id": "03S5i000000ycZSEAY",
      "lastModifiedById": "0055i000005UjC4AAK",
      "lastModifiedByName": "Edsel Lita",
      "lastModifiedDate": "2022-08-09T23:57:44.000Z",
      "manageableState": "unmanaged",
      "namespacePrefix": "nitroMySpace",
      "type": "ContentAsset"
    },
    {
      "createdById": "0055i000005NMYZAA4",
      "createdByName": "Automated Process",
      "createdDate": "2022-07-27T06:47:22.000Z",
      "fileName": "contentassets/iconlimitpng.asset",
      "fullName": "iconlimitpng",
      "id": "03S5i000000yPbREAU",
      "lastModifiedById": "0055i000005NMYZAA4",
      "lastModifiedByName": "Automated Process",
      "lastModifiedDate": "2022-07-27T06:47:22.000Z",
      "manageableState": "unmanaged",
      "namespacePrefix": "nitroMySpace",
      "type": "ContentAsset"
    },
    {
      "createdById": "0055i000005UjC4AAK",
      "createdByName": "Edsel Lita",
      "createdDate": "2022-07-27T06:47:22.000Z",
      "fileName": "contentassets/manufacturing_app_iconpng3.asset",
      "fullName": "manufacturing_app_iconpng3",
      "id": "03S5i000000yPawEAE",
      "lastModifiedById": "0055i000005UjC4AAK",
      "lastModifiedByName": "Edsel Lita",
      "lastModifiedDate": "2022-07-27T06:47:22.000Z",
      "manageableState": "unmanaged",
      "namespacePrefix": "nitroMySpace",
      "type": "ContentAsset"
    },
    {
      "createdById": "0055i000005UjC4AAK",
      "createdByName": "Edsel Lita",
      "createdDate": "2022-07-27T06:47:22.000Z",
      "fileName": "contentassets/IconUserpng.asset",
      "fullName": "IconUserpng",
      "id": "03S5i000000yPc3EAE",
      "lastModifiedById": "0055i000005UjC4AAK",
      "lastModifiedByName": "Edsel Lita",
      "lastModifiedDate": "2022-07-27T06:47:22.000Z",
      "manageableState": "unmanaged",
      "namespacePrefix": "nitroMySpace",
      "type": "ContentAsset"
    },
    {
      "createdById": "0055i000005UjC4AAK",
      "createdByName": "Edsel Lita",
      "createdDate": "2022-07-27T06:47:22.000Z",
      "fileName": "contentassets/IconUserpng32.asset",
      "fullName": "IconUserpng32",
      "id": "03S5i000000yPatEAE",
      "lastModifiedById": "0055i000005UjC4AAK",
      "lastModifiedByName": "Edsel Lita",
      "lastModifiedDate": "2022-07-27T06:47:22.000Z",
      "manageableState": "unmanaged",
      "namespacePrefix": "nitroMySpace",
      "type": "ContentAsset"
    },
    {
      "createdById": "0055i000005UjC4AAK",
      "createdByName": "Edsel Lita",
      "createdDate": "2022-07-27T06:47:22.000Z",
      "fileName": "contentassets/Powered_by_analytics_bannerpng2.asset",
      "fullName": "Powered_by_analytics_bannerpng2",
      "id": "03S5i000000yPacEAE",
      "lastModifiedById": "0055i000005UjC4AAK",
      "lastModifiedByName": "Edsel Lita",
      "lastModifiedDate": "2022-07-27T06:47:22.000Z",
      "manageableState": "unmanaged",
      "namespacePrefix": "nitroMySpace",
      "type": "ContentAsset"
    },
    {
      "createdById": "0055i000005UjC4AAK",
      "createdByName": "Edsel Lita",
      "createdDate": "2022-07-27T06:47:22.000Z",
      "fileName": "contentassets/Icon_grouppng.asset",
      "fullName": "Icon_grouppng",
      "id": "03S5i000000yPaTEAU",
      "lastModifiedById": "0055i000005UjC4AAK",
      "lastModifiedByName": "Edsel Lita",
      "lastModifiedDate": "2022-07-27T06:47:22.000Z",
      "manageableState": "unmanaged",
      "namespacePrefix": "nitroMySpace",
      "type": "ContentAsset"
    },
    {
      "createdById": "0055i000005UjC4AAK",
      "createdByName": "Edsel Lita",
      "createdDate": "2022-07-27T06:47:22.000Z",
      "fileName": "contentassets/Powered_by_analytics_bannerpng1.asset",
      "fullName": "Powered_by_analytics_bannerpng1",
      "id": "03S5i000000yPaJEAU",
      "lastModifiedById": "0055i000005UjC4AAK",
      "lastModifiedByName": "Edsel Lita",
      "lastModifiedDate": "2022-07-27T06:47:22.000Z",
      "manageableState": "unmanaged",
      "namespacePrefix": "nitroMySpace",
      "type": "ContentAsset"
    },
    {
      "createdById": "0055i000005NMYZAA4",
      "createdByName": "Automated Process",
      "createdDate": "2022-07-27T06:47:22.000Z",
      "fileName": "contentassets/iconmeasurepng.asset",
      "fullName": "iconmeasurepng",
      "id": "03S5i000000yPbPEAU",
      "lastModifiedById": "0055i000005NMYZAA4",
      "lastModifiedByName": "Automated Process",
      "lastModifiedDate": "2022-07-27T06:47:22.000Z",
      "manageableState": "unmanaged",
      "namespacePrefix": "nitroMySpace",
      "type": "ContentAsset"
    },
    {
      "createdById": "0055i000005UjC4AAK",
      "createdByName": "Edsel Lita",
      "createdDate": "2022-07-27T06:47:22.000Z",
      "fileName": "contentassets/custom113png.asset",
      "fullName": "custom113png",
      "id": "03S5i000000yPaNEAU",
      "lastModifiedById": "0055i000005UjC4AAK",
      "lastModifiedByName": "Edsel Lita",
      "lastModifiedDate": "2022-07-27T06:47:22.000Z",
      "manageableState": "unmanaged",
      "namespacePrefix": "nitroMySpace",
      "type": "ContentAsset"
    },
    {
      "createdById": "0055i000005NMYZAA4",
      "createdByName": "Automated Process",
      "createdDate": "2022-07-27T06:47:22.000Z",
      "fileName": "contentassets/iconsequencespng.asset",
      "fullName": "iconsequencespng",
      "id": "03S5i000000yPbJEAU",
      "lastModifiedById": "0055i000005NMYZAA4",
      "lastModifiedByName": "Automated Process",
      "lastModifiedDate": "2022-07-27T06:47:22.000Z",
      "manageableState": "unmanaged",
      "namespacePrefix": "nitroMySpace",
      "type": "ContentAsset"
    },
    {
      "createdById": "0055i000005UjC4AAK",
      "createdByName": "Edsel Lita",
      "createdDate": "2022-07-27T06:47:22.000Z",
      "fileName": "contentassets/customerspng.asset",
      "fullName": "customerspng",
      "id": "03S5i000000yPaMEAU",
      "lastModifiedById": "0055i000005UjC4AAK",
      "lastModifiedByName": "Edsel Lita",
      "lastModifiedDate": "2022-07-27T06:47:22.000Z",
      "manageableState": "unmanaged",
      "namespacePrefix": "nitroMySpace",
      "type": "ContentAsset"
    },
    {
      "createdById": "0055i000005UjC4AAK",
      "createdByName": "Edsel Lita",
      "createdDate": "2022-07-27T06:47:22.000Z",
      "fileName": "contentassets/custom109png1.asset",
      "fullName": "custom109png1",
      "id": "03S5i000000yPahEAE",
      "lastModifiedById": "0055i000005UjC4AAK",
      "lastModifiedByName": "Edsel Lita",
      "lastModifiedDate": "2022-07-27T06:47:22.000Z",
      "manageableState": "unmanaged",
      "namespacePrefix": "nitroMySpace",
      "type": "ContentAsset"
    },
    {
      "createdById": "0055i000005NMYZAA4",
      "createdByName": "Automated Process",
      "createdDate": "2022-07-27T06:47:22.000Z",
      "fileName": "contentassets/iconmappng.asset",
      "fullName": "iconmappng",
      "id": "03S5i000000yPbmEAE",
      "lastModifiedById": "0055i000005NMYZAA4",
      "lastModifiedByName": "Automated Process",
      "lastModifiedDate": "2022-07-27T06:47:22.000Z",
      "manageableState": "unmanaged",
      "namespacePrefix": "nitroMySpace",
      "type": "ContentAsset"
    },
    {
      "createdById": "0055i000005NMYZAA4",
      "createdByName": "Automated Process",
      "createdDate": "2022-07-27T06:47:22.000Z",
      "fileName": "contentassets/Icon_Values_Tablepng.asset",
      "fullName": "Icon_Values_Tablepng",
      "id": "03S5i000000yPb7EAE",
      "lastModifiedById": "0055i000005NMYZAA4",
      "lastModifiedByName": "Automated Process",
      "lastModifiedDate": "2022-07-27T06:47:22.000Z",
      "manageableState": "unmanaged",
      "namespacePrefix": "nitroMySpace",
      "type": "ContentAsset"
    },
    {
      "createdById": "0055i000005UjC4AAK",
      "createdByName": "Edsel Lita",
      "createdDate": "2022-07-27T06:47:22.000Z",
      "fileName": "contentassets/manufacturing_app_iconpng.asset",
      "fullName": "manufacturing_app_iconpng",
      "id": "03S5i000000yPaLEAU",
      "lastModifiedById": "0055i000005UjC4AAK",
      "lastModifiedByName": "Edsel Lita",
      "lastModifiedDate": "2022-07-27T06:47:22.000Z",
      "manageableState": "unmanaged",
      "namespacePrefix": "nitroMySpace",
      "type": "ContentAsset"
    },
    {
      "createdById": "0055i000005UjC4AAK",
      "createdByName": "Edsel Lita",
      "createdDate": "2022-07-27T06:47:22.000Z",
      "fileName": "contentassets/metrics_png2.asset",
      "fullName": "metrics_png2",
      "id": "03S5i000000yPcBEAU",
      "lastModifiedById": "0055i000005UjC4AAK",
      "lastModifiedByName": "Edsel Lita",
      "lastModifiedDate": "2022-07-27T06:47:22.000Z",
      "manageableState": "unmanaged",
      "namespacePrefix": "nitroMySpace",
      "type": "ContentAsset"
    },
    {
      "createdById": "0055i000005UjC4AAK",
      "createdByName": "Edsel Lita",
      "createdDate": "2022-07-27T06:47:22.000Z",
      "fileName": "contentassets/custom113png3.asset",
      "fullName": "custom113png3",
      "id": "03S5i000000yPayEAE",
      "lastModifiedById": "0055i000005UjC4AAK",
      "lastModifiedByName": "Edsel Lita",
      "lastModifiedDate": "2022-07-27T06:47:22.000Z",
      "manageableState": "unmanaged",
      "namespacePrefix": "nitroMySpace",
      "type": "ContentAsset"
    },
    {
      "createdById": "0055i000005NMYZAA4",
      "createdByName": "Automated Process",
      "createdDate": "2022-07-27T06:47:22.000Z",
      "fileName": "contentassets/Icon_Pivot_Tablepng.asset",
      "fullName": "Icon_Pivot_Tablepng",
      "id": "03S5i000000yPbCEAU",
      "lastModifiedById": "0055i000005NMYZAA4",
      "lastModifiedByName": "Automated Process",
      "lastModifiedDate": "2022-07-27T06:47:22.000Z",
      "manageableState": "unmanaged",
      "namespacePrefix": "nitroMySpace",
      "type": "ContentAsset"
    },
    {
      "createdById": "0055i000005UjC4AAK",
      "createdByName": "Edsel Lita",
      "createdDate": "2022-07-27T06:47:22.000Z",
      "fileName": "contentassets/graph2xpng.asset",
      "fullName": "graph2xpng",
      "id": "03S5i000000yPaSEAU",
      "lastModifiedById": "0055i000005UjC4AAK",
      "lastModifiedByName": "Edsel Lita",
      "lastModifiedDate": "2022-07-27T06:47:22.000Z",
      "manageableState": "unmanaged",
      "namespacePrefix": "nitroMySpace",
      "type": "ContentAsset"
    },
    {
      "createdById": "0055i000005NMYZAA4",
      "createdByName": "Automated Process",
      "createdDate": "2022-07-27T06:47:22.000Z",
      "fileName": "contentassets/astro_hmmmpng.asset",
      "fullName": "astro_hmmmpng",
      "id": "03S5i000000yPbbEAE",
      "lastModifiedById": "0055i000005NMYZAA4",
      "lastModifiedByName": "Automated Process",
      "lastModifiedDate": "2022-07-27T06:47:22.000Z",
      "manageableState": "unmanaged",
      "namespacePrefix": "nitroMySpace",
      "type": "ContentAsset"
    },
    {
      "createdById": "0055i000005UjC4AAK",
      "createdByName": "Edsel Lita",
      "createdDate": "2022-07-27T06:47:22.000Z",
      "fileName": "contentassets/IconUserpng3.asset",
      "fullName": "IconUserpng3",
      "id": "03S5i000000yPaIEAU",
      "lastModifiedById": "0055i000005UjC4AAK",
      "lastModifiedByName": "Edsel Lita",
      "lastModifiedDate": "2022-07-27T06:47:22.000Z",
      "manageableState": "unmanaged",
      "namespacePrefix": "nitroMySpace",
      "type": "ContentAsset"
    },
    {
      "createdById": "0055i000005NMYZAA4",
      "createdByName": "Automated Process",
      "createdDate": "2022-07-27T06:47:22.000Z",
      "fileName": "contentassets/Icon_Formulaspng.asset",
      "fullName": "Icon_Formulaspng",
      "id": "03S5i000000yPbAEAU",
      "lastModifiedById": "0055i000005NMYZAA4",
      "lastModifiedByName": "Automated Process",
      "lastModifiedDate": "2022-07-27T06:47:22.000Z",
      "manageableState": "unmanaged",
      "namespacePrefix": "nitroMySpace",
      "type": "ContentAsset"
    },
    {
      "createdById": "0055i000005NMYZAA4",
      "createdByName": "Automated Process",
      "createdDate": "2022-07-27T06:47:22.000Z",
      "fileName": "contentassets/bgresizepng.asset",
      "fullName": "bgresizepng",
      "id": "03S5i000000yPbOEAU",
      "lastModifiedById": "0055i000005NMYZAA4",
      "lastModifiedByName": "Automated Process",
      "lastModifiedDate": "2022-07-27T06:47:22.000Z",
      "manageableState": "unmanaged",
      "namespacePrefix": "nitroMySpace",
      "type": "ContentAsset"
    },
    {
      "createdById": "0055i000005UjC4AAK",
      "createdByName": "Edsel Lita",
      "createdDate": "2022-07-27T06:47:22.000Z",
      "fileName": "contentassets/Icon_grouppng1.asset",
      "fullName": "Icon_grouppng1",
      "id": "03S5i000000yPamEAE",
      "lastModifiedById": "0055i000005UjC4AAK",
      "lastModifiedByName": "Edsel Lita",
      "lastModifiedDate": "2022-07-27T06:47:22.000Z",
      "manageableState": "unmanaged",
      "namespacePrefix": "nitroMySpace",
      "type": "ContentAsset"
    },
    {
      "createdById": "0055i000005NMYZAA4",
      "createdByName": "Automated Process",
      "createdDate": "2022-07-27T06:47:22.000Z",
      "fileName": "contentassets/Powered_by_analytics_bannerpngpng.asset",
      "fullName": "Powered_by_analytics_bannerpngpng",
      "id": "03S5i000000yPaCEAU",
      "lastModifiedById": "0055i000005NMYZAA4",
      "lastModifiedByName": "Automated Process",
      "lastModifiedDate": "2022-07-27T06:47:22.000Z",
      "manageableState": "unmanaged",
      "namespacePrefix": "nitroMySpace",
      "type": "ContentAsset"
    },
    {
      "createdById": "0055i000005UjC4AAK",
      "createdByName": "Edsel Lita",
      "createdDate": "2022-07-27T06:47:22.000Z",
      "fileName": "contentassets/money_bag_png.asset",
      "fullName": "money_bag_png",
      "id": "03S5i000000yPaPEAU",
      "lastModifiedById": "0055i000005UjC4AAK",
      "lastModifiedByName": "Edsel Lita",
      "lastModifiedDate": "2022-07-27T06:47:22.000Z",
      "manageableState": "unmanaged",
      "namespacePrefix": "nitroMySpace",
      "type": "ContentAsset"
    },
    {
      "createdById": "0055i000005UjC4AAK",
      "createdByName": "Edsel Lita",
      "createdDate": "2022-07-27T06:47:22.000Z",
      "fileName": "contentassets/custom109png2.asset",
      "fullName": "custom109png2",
      "id": "03S5i000000yPc9EAE",
      "lastModifiedById": "0055i000005UjC4AAK",
      "lastModifiedByName": "Edsel Lita",
      "lastModifiedDate": "2022-07-27T06:47:22.000Z",
      "manageableState": "unmanaged",
      "namespacePrefix": "nitroMySpace",
      "type": "ContentAsset"
    },
    {
      "createdById": "0055i000005UjC4AAK",
      "createdByName": "Edsel Lita",
      "createdDate": "2022-07-27T06:47:22.000Z",
      "fileName": "contentassets/customerspng1.asset",
      "fullName": "customerspng1",
      "id": "03S5i000000yPafEAE",
      "lastModifiedById": "0055i000005UjC4AAK",
      "lastModifiedByName": "Edsel Lita",
      "lastModifiedDate": "2022-07-27T06:47:22.000Z",
      "manageableState": "unmanaged",
      "namespacePrefix": "nitroMySpace",
      "type": "ContentAsset"
    },
    {
      "createdById": "0055i000005NMYZAA4",
      "createdByName": "Automated Process",
      "createdDate": "2022-07-27T06:47:22.000Z",
      "fileName": "contentassets/iconeditpng.asset",
      "fullName": "iconeditpng",
      "id": "03S5i000000yPbwEAE",
      "lastModifiedById": "0055i000005NMYZAA4",
      "lastModifiedByName": "Automated Process",
      "lastModifiedDate": "2022-07-27T06:47:22.000Z",
      "manageableState": "unmanaged",
      "namespacePrefix": "nitroMySpace",
      "type": "ContentAsset"
    },
    {
      "createdById": "0055i000005NMYZAA4",
      "createdByName": "Automated Process",
      "createdDate": "2022-07-27T06:47:22.000Z",
      "fileName": "contentassets/iconintroductionpng.asset",
      "fullName": "iconintroductionpng",
      "id": "03S5i000000yPbrEAE",
      "lastModifiedById": "0055i000005NMYZAA4",
      "lastModifiedByName": "Automated Process",
      "lastModifiedDate": "2022-07-27T06:47:22.000Z",
      "manageableState": "unmanaged",
      "namespacePrefix": "nitroMySpace",
      "type": "ContentAsset"
    },
    {
      "createdById": "0055i000005UjC4AAK",
      "createdByName": "Edsel Lita",
      "createdDate": "2022-07-27T06:47:22.000Z",
      "fileName": "contentassets/money_bag_png3.asset",
      "fullName": "money_bag_png3",
      "id": "03S5i000000yPb0EAE",
      "lastModifiedById": "0055i000005UjC4AAK",
      "lastModifiedByName": "Edsel Lita",
      "lastModifiedDate": "2022-07-27T06:47:22.000Z",
      "manageableState": "unmanaged",
      "namespacePrefix": "nitroMySpace",
      "type": "ContentAsset"
    },
    {
      "createdById": "0055i000005UjC4AAK",
      "createdByName": "Edsel Lita",
      "createdDate": "2022-07-27T06:47:22.000Z",
      "fileName": "contentassets/arrowpngpng1.asset",
      "fullName": "arrowpngpng1",
      "id": "03S5i000000yPaXEAU",
      "lastModifiedById": "0055i000005UjC4AAK",
      "lastModifiedByName": "Edsel Lita",
      "lastModifiedDate": "2022-07-27T06:47:22.000Z",
      "manageableState": "unmanaged",
      "namespacePrefix": "nitroMySpace",
      "type": "ContentAsset"
    },
    {
      "createdById": "0055i000005NMYZAA4",
      "createdByName": "Automated Process",
      "createdDate": "2022-07-27T06:47:22.000Z",
      "fileName": "contentassets/iconconditionalpng.asset",
      "fullName": "iconconditionalpng",
      "id": "03S5i000000yPbTEAU",
      "lastModifiedById": "0055i000005NMYZAA4",
      "lastModifiedByName": "Automated Process",
      "lastModifiedDate": "2022-07-27T06:47:22.000Z",
      "manageableState": "unmanaged",
      "namespacePrefix": "nitroMySpace",
      "type": "ContentAsset"
    },
    {
      "createdById": "0055i000005UjC4AAK",
      "createdByName": "Edsel Lita",
      "createdDate": "2022-07-27T06:47:22.000Z",
      "fileName": "contentassets/Icon_userpng1.asset",
      "fullName": "Icon_userpng1",
      "id": "03S5i000000yPaoEAE",
      "lastModifiedById": "0055i000005UjC4AAK",
      "lastModifiedByName": "Edsel Lita",
      "lastModifiedDate": "2022-07-27T06:47:22.000Z",
      "manageableState": "unmanaged",
      "namespacePrefix": "nitroMySpace",
      "type": "ContentAsset"
    },
    {
      "createdById": "0055i000005UjC4AAK",
      "createdByName": "Edsel Lita",
      "createdDate": "2022-07-27T06:47:22.000Z",
      "fileName": "contentassets/tracker_iconpng1.asset",
      "fullName": "tracker_iconpng1",
      "id": "03S5i000000yPapEAE",
      "lastModifiedById": "0055i000005UjC4AAK",
      "lastModifiedByName": "Edsel Lita",
      "lastModifiedDate": "2022-07-27T06:47:22.000Z",
      "manageableState": "unmanaged",
      "namespacePrefix": "nitroMySpace",
      "type": "ContentAsset"
    },
    {
      "createdById": "0055i000005NMYZAA4",
      "createdByName": "Automated Process",
      "createdDate": "2022-07-27T06:47:22.000Z",
      "fileName": "contentassets/headerdetailpng.asset",
      "fullName": "headerdetailpng",
      "id": "03S5i000000yPbqEAE",
      "lastModifiedById": "0055i000005NMYZAA4",
      "lastModifiedByName": "Automated Process",
      "lastModifiedDate": "2022-07-27T06:47:22.000Z",
      "manageableState": "unmanaged",
      "namespacePrefix": "nitroMySpace",
      "type": "ContentAsset"
    },
    {
      "createdById": "0055i000005NMYZAA4",
      "createdByName": "Automated Process",
      "createdDate": "2022-07-27T06:47:22.000Z",
      "fileName": "contentassets/iconfilterpng.asset",
      "fullName": "iconfilterpng",
      "id": "03S5i000000yPboEAE",
      "lastModifiedById": "0055i000005NMYZAA4",
      "lastModifiedByName": "Automated Process",
      "lastModifiedDate": "2022-07-27T06:47:22.000Z",
      "manageableState": "unmanaged",
      "namespacePrefix": "nitroMySpace",
      "type": "ContentAsset"
    },
    {
      "createdById": "0055i000005UjC4AAK",
      "createdByName": "Edsel Lita",
      "createdDate": "2022-07-27T09:51:57.000Z",
      "fileName": "contentassets/logo1.asset",
      "fullName": "logo1",
      "id": "03S5i000000yPoWEAU",
      "lastModifiedById": "0055i000005UjC4AAK",
      "lastModifiedByName": "Edsel Lita",
      "lastModifiedDate": "2022-07-27T09:51:57.000Z",
      "manageableState": "unmanaged",
      "namespacePrefix": "nitroMySpace",
      "type": "ContentAsset"
    },
    {
      "createdById": "0055i000005UjC4AAK",
      "createdByName": "Edsel Lita",
      "createdDate": "2022-07-27T06:47:22.000Z",
      "fileName": "contentassets/graph2xpng1.asset",
      "fullName": "graph2xpng1",
      "id": "03S5i000000yPalEAE",
      "lastModifiedById": "0055i000005UjC4AAK",
      "lastModifiedByName": "Edsel Lita",
      "lastModifiedDate": "2022-07-27T06:47:22.000Z",
      "manageableState": "unmanaged",
      "namespacePrefix": "nitroMySpace",
      "type": "ContentAsset"
    },
    {
      "createdById": "0055i000005UjC4AAK",
      "createdByName": "Edsel Lita",
      "createdDate": "2022-07-27T06:47:22.000Z",
      "fileName": "contentassets/IconUserpng31.asset",
      "fullName": "IconUserpng31",
      "id": "03S5i000000yPabEAE",
      "lastModifiedById": "0055i000005UjC4AAK",
      "lastModifiedByName": "Edsel Lita",
      "lastModifiedDate": "2022-07-27T06:47:22.000Z",
      "manageableState": "unmanaged",
      "namespacePrefix": "nitroMySpace",
      "type": "ContentAsset"
    },
    {
      "createdById": "0055i000005NMYZAA4",
      "createdByName": "Automated Process",
      "createdDate": "2022-07-27T06:47:22.000Z",
      "fileName": "contentassets/tablesiconpng.asset",
      "fullName": "tablesiconpng",
      "id": "03S5i000000yPbEEAU",
      "lastModifiedById": "0055i000005NMYZAA4",
      "lastModifiedByName": "Automated Process",
      "lastModifiedDate": "2022-07-27T06:47:22.000Z",
      "manageableState": "unmanaged",
      "namespacePrefix": "nitroMySpace",
      "type": "ContentAsset"
    },
    {
      "createdById": "0055i000005UjC4AAK",
      "createdByName": "Edsel Lita",
      "createdDate": "2022-07-27T06:47:22.000Z",
      "fileName": "contentassets/Powered_by_analytics_bannerpng4.asset",
      "fullName": "Powered_by_analytics_bannerpng4",
      "id": "03S5i000000yPauEAE",
      "lastModifiedById": "0055i000005UjC4AAK",
      "lastModifiedByName": "Edsel Lita",
      "lastModifiedDate": "2022-07-27T06:47:22.000Z",
      "manageableState": "unmanaged",
      "namespacePrefix": "nitroMySpace",
      "type": "ContentAsset"
    },
    {
      "createdById": "0055i000005NMYZAA4",
      "createdByName": "Automated Process",
      "createdDate": "2022-07-27T06:47:22.000Z",
      "fileName": "contentassets/iconreferencelinepng.asset",
      "fullName": "iconreferencelinepng",
      "id": "03S5i000000yPbnEAE",
      "lastModifiedById": "0055i000005NMYZAA4",
      "lastModifiedByName": "Automated Process",
      "lastModifiedDate": "2022-07-27T06:47:22.000Z",
      "manageableState": "unmanaged",
      "namespacePrefix": "nitroMySpace",
      "type": "ContentAsset"
    },
    {
      "createdById": "0055i000005UjC4AAK",
      "createdByName": "Edsel Lita",
      "createdDate": "2022-07-27T06:47:22.000Z",
      "fileName": "contentassets/metrics_png1.asset",
      "fullName": "metrics_png1",
      "id": "03S5i000000yPajEAE",
      "lastModifiedById": "0055i000005UjC4AAK",
      "lastModifiedByName": "Edsel Lita",
      "lastModifiedDate": "2022-07-27T06:47:22.000Z",
      "manageableState": "unmanaged",
      "namespacePrefix": "nitroMySpace",
      "type": "ContentAsset"
    },
    {
      "createdById": "0055i000005UjC4AAK",
      "createdByName": "Edsel Lita",
      "createdDate": "2022-08-03T15:31:23.000Z",
      "fileName": "contentassets/X360.asset",
      "fullName": "X360",
      "id": "03S5i000000yWoTEAU",
      "lastModifiedById": "0055i000005UjC4AAK",
      "lastModifiedByName": "Edsel Lita",
      "lastModifiedDate": "2022-08-03T15:31:23.000Z",
      "manageableState": "unmanaged",
      "namespacePrefix": "nitroMySpace",
      "type": "ContentAsset"
    },
    {
      "createdById": "0055i000005UjC4AAK",
      "createdByName": "Edsel Lita",
      "createdDate": "2022-07-27T06:47:22.000Z",
      "fileName": "contentassets/Icon_userpng.asset",
      "fullName": "Icon_userpng",
      "id": "03S5i000000yPaVEAU",
      "lastModifiedById": "0055i000005UjC4AAK",
      "lastModifiedByName": "Edsel Lita",
      "lastModifiedDate": "2022-07-27T06:47:22.000Z",
      "manageableState": "unmanaged",
      "namespacePrefix": "nitroMySpace",
      "type": "ContentAsset"
    },
    {
      "createdById": "0055i000005UjC4AAK",
      "createdByName": "Edsel Lita",
      "createdDate": "2022-07-27T09:53:52.000Z",
      "fileName": "contentassets/logo2.asset",
      "fullName": "logo2",
      "id": "03S5i000000yPobEAE",
      "lastModifiedById": "0055i000005UjC4AAK",
      "lastModifiedByName": "Edsel Lita",
      "lastModifiedDate": "2022-07-27T09:53:52.000Z",
      "manageableState": "unmanaged",
      "namespacePrefix": "nitroMySpace",
      "type": "ContentAsset"
    },
    {
      "createdById": "0055i000005NMYZAA4",
      "createdByName": "Automated Process",
      "createdDate": "2022-07-27T06:47:22.000Z",
      "fileName": "contentassets/Icon_Conditional_Formatting_png.asset",
      "fullName": "Icon_Conditional_Formatting_png",
      "id": "03S5i000000yPb8EAE",
      "lastModifiedById": "0055i000005NMYZAA4",
      "lastModifiedByName": "Automated Process",
      "lastModifiedDate": "2022-07-27T06:47:22.000Z",
      "manageableState": "unmanaged",
      "namespacePrefix": "nitroMySpace",
      "type": "ContentAsset"
    },
    {
      "createdById": "0055i000005UjC4AAK",
      "createdByName": "Edsel Lita",
      "createdDate": "2022-07-27T06:47:22.000Z",
      "fileName": "contentassets/tracker_icon2xpng.asset",
      "fullName": "tracker_icon2xpng",
      "id": "03S5i000000yPaUEAU",
      "lastModifiedById": "0055i000005UjC4AAK",
      "lastModifiedByName": "Edsel Lita",
      "lastModifiedDate": "2022-07-27T06:47:22.000Z",
      "manageableState": "unmanaged",
      "namespacePrefix": "nitroMySpace",
      "type": "ContentAsset"
    },
    {
      "createdById": "0055i000005NMYZAA4",
      "createdByName": "Automated Process",
      "createdDate": "2022-07-27T06:47:22.000Z",
      "fileName": "contentassets/iconmathopspng.asset",
      "fullName": "iconmathopspng",
      "id": "03S5i000000yPbHEAU",
      "lastModifiedById": "0055i000005NMYZAA4",
      "lastModifiedByName": "Automated Process",
      "lastModifiedDate": "2022-07-27T06:47:22.000Z",
      "manageableState": "unmanaged",
      "namespacePrefix": "nitroMySpace",
      "type": "ContentAsset"
    },
    {
      "createdById": "0055i000005UjC4AAK",
      "createdByName": "Edsel Lita",
      "createdDate": "2022-07-27T06:47:22.000Z",
      "fileName": "contentassets/arrowpng2.asset",
      "fullName": "arrowpng2",
      "id": "03S5i000000yPc1EAE",
      "lastModifiedById": "0055i000005UjC4AAK",
      "lastModifiedByName": "Edsel Lita",
      "lastModifiedDate": "2022-07-27T06:47:22.000Z",
      "manageableState": "unmanaged",
      "namespacePrefix": "nitroMySpace",
      "type": "ContentAsset"
    },
    {
      "createdById": "0055i000005UjC4AAK",
      "createdByName": "Edsel Lita",
      "createdDate": "2022-07-27T06:47:22.000Z",
      "fileName": "contentassets/customerspng3.asset",
      "fullName": "customerspng3",
      "id": "03S5i000000yPaxEAE",
      "lastModifiedById": "0055i000005UjC4AAK",
      "lastModifiedByName": "Edsel Lita",
      "lastModifiedDate": "2022-07-27T06:47:22.000Z",
      "manageableState": "unmanaged",
      "namespacePrefix": "nitroMySpace",
      "type": "ContentAsset"
    },
    {
      "createdById": "0055i000005UjC4AAK",
      "createdByName": "Edsel Lita",
      "createdDate": "2022-07-27T06:47:22.000Z",
      "fileName": "contentassets/arrowpng3.asset",
      "fullName": "arrowpng3",
      "id": "03S5i000000yParEAE",
      "lastModifiedById": "0055i000005UjC4AAK",
      "lastModifiedByName": "Edsel Lita",
      "lastModifiedDate": "2022-07-27T06:47:22.000Z",
      "manageableState": "unmanaged",
      "namespacePrefix": "nitroMySpace",
      "type": "ContentAsset"
    },
    {
      "createdById": "0055i000005NMYZAA4",
      "createdByName": "Automated Process",
      "createdDate": "2022-07-27T06:47:22.000Z",
      "fileName": "contentassets/iconquerypng.asset",
      "fullName": "iconquerypng",
      "id": "03S5i000000yPbuEAE",
      "lastModifiedById": "0055i000005NMYZAA4",
      "lastModifiedByName": "Automated Process",
      "lastModifiedDate": "2022-07-27T06:47:22.000Z",
      "manageableState": "unmanaged",
      "namespacePrefix": "nitroMySpace",
      "type": "ContentAsset"
    },
    {
      "createdById": "0055i000005NMYZAA4",
      "createdByName": "Automated Process",
      "createdDate": "2022-07-27T06:47:22.000Z",
      "fileName": "contentassets/Backgroundpng.asset",
      "fullName": "Backgroundpng",
      "id": "03S5i000000yPbNEAU",
      "lastModifiedById": "0055i000005NMYZAA4",
      "lastModifiedByName": "Automated Process",
      "lastModifiedDate": "2022-07-27T06:47:22.000Z",
      "manageableState": "unmanaged",
      "namespacePrefix": "nitroMySpace",
      "type": "ContentAsset"
    },
    {
      "createdById": "0055i000005UjC4AAK",
      "createdByName": "Edsel Lita",
      "createdDate": "2022-07-29T00:55:34.000Z",
      "fileName": "contentassets/Wiggly1jpg.asset",
      "fullName": "Wiggly1jpg",
      "id": "03S5i000000yRiCEAU",
      "lastModifiedById": "0055i000005UjC4AAK",
      "lastModifiedByName": "Edsel Lita",
      "lastModifiedDate": "2022-07-29T00:55:34.000Z",
      "manageableState": "unmanaged",
      "namespacePrefix": "nitroMySpace",
      "type": "ContentAsset"
    },
    {
      "createdById": "0055i000005UjC4AAK",
      "createdByName": "Edsel Lita",
      "createdDate": "2022-07-27T06:47:22.000Z",
      "fileName": "contentassets/custom109png3.asset",
      "fullName": "custom109png3",
      "id": "03S5i000000yPazEAE",
      "lastModifiedById": "0055i000005UjC4AAK",
      "lastModifiedByName": "Edsel Lita",
      "lastModifiedDate": "2022-07-27T06:47:22.000Z",
      "manageableState": "unmanaged",
      "namespacePrefix": "nitroMySpace",
      "type": "ContentAsset"
    },
    {
      "createdById": "0055i000005NMYZAA4",
      "createdByName": "Automated Process",
      "createdDate": "2022-07-27T06:47:22.000Z",
      "fileName": "contentassets/arrowlpng.asset",
      "fullName": "arrowlpng",
      "id": "03S5i000000yPbsEAE",
      "lastModifiedById": "0055i000005NMYZAA4",
      "lastModifiedByName": "Automated Process",
      "lastModifiedDate": "2022-07-27T06:47:22.000Z",
      "manageableState": "unmanaged",
      "namespacePrefix": "nitroMySpace",
      "type": "ContentAsset"
    },
    {
      "createdById": "0055i000005UjC4AAK",
      "createdByName": "Edsel Lita",
      "createdDate": "2022-07-27T06:47:22.000Z",
      "fileName": "contentassets/manufacturing_app_icon2xpng1.asset",
      "fullName": "manufacturing_app_icon2xpng1",
      "id": "03S5i000000yPadEAE",
      "lastModifiedById": "0055i000005UjC4AAK",
      "lastModifiedByName": "Edsel Lita",
      "lastModifiedDate": "2022-07-27T06:47:22.000Z",
      "manageableState": "unmanaged",
      "namespacePrefix": "nitroMySpace",
      "type": "ContentAsset"
    },
    {
      "createdById": "0055i000005UjC4AAK",
      "createdByName": "Edsel Lita",
      "createdDate": "2022-07-27T06:47:22.000Z",
      "fileName": "contentassets/Artboard2xpng.asset",
      "fullName": "Artboard2xpng",
      "id": "03S5i000000yPc0EAE",
      "lastModifiedById": "0055i000005UjC4AAK",
      "lastModifiedByName": "Edsel Lita",
      "lastModifiedDate": "2022-07-27T06:47:22.000Z",
      "manageableState": "unmanaged",
      "namespacePrefix": "nitroMySpace",
      "type": "ContentAsset"
    },
    {
      "createdById": "0055i000005NMYZAA4",
      "createdByName": "Automated Process",
      "createdDate": "2022-07-27T06:47:22.000Z",
      "fileName": "contentassets/icondbppng.asset",
      "fullName": "icondbppng",
      "id": "03S5i000000yPbLEAU",
      "lastModifiedById": "0055i000005NMYZAA4",
      "lastModifiedByName": "Automated Process",
      "lastModifiedDate": "2022-07-27T06:47:22.000Z",
      "manageableState": "unmanaged",
      "namespacePrefix": "nitroMySpace",
      "type": "ContentAsset"
    },
    {
      "createdById": "0055i000005NMYZAA4",
      "createdByName": "Automated Process",
      "createdDate": "2022-07-27T06:47:22.000Z",
      "fileName": "contentassets/icontablepng.asset",
      "fullName": "icontablepng",
      "id": "03S5i000000yPblEAE",
      "lastModifiedById": "0055i000005NMYZAA4",
      "lastModifiedByName": "Automated Process",
      "lastModifiedDate": "2022-07-27T06:47:22.000Z",
      "manageableState": "unmanaged",
      "namespacePrefix": "nitroMySpace",
      "type": "ContentAsset"
    },
    {
      "createdById": "0055i000005UjC4AAK",
      "createdByName": "Edsel Lita",
      "createdDate": "2022-07-27T06:47:22.000Z",
      "fileName": "contentassets/custom109png.asset",
      "fullName": "custom109png",
      "id": "03S5i000000yPaOEAU",
      "lastModifiedById": "0055i000005UjC4AAK",
      "lastModifiedByName": "Edsel Lita",
      "lastModifiedDate": "2022-07-27T06:47:22.000Z",
      "manageableState": "unmanaged",
      "namespacePrefix": "nitroMySpace",
      "type": "ContentAsset"
    },
    {
      "createdById": "0055i000005NMYZAA4",
      "createdByName": "Automated Process",
      "createdDate": "2022-07-27T06:47:22.000Z",
      "fileName": "contentassets/Icon_Tilepng.asset",
      "fullName": "Icon_Tilepng",
      "id": "03S5i000000yPbKEAU",
      "lastModifiedById": "0055i000005NMYZAA4",
      "lastModifiedByName": "Automated Process",
      "lastModifiedDate": "2022-07-27T06:47:22.000Z",
      "manageableState": "unmanaged",
      "namespacePrefix": "nitroMySpace",
      "type": "ContentAsset"
    },
    {
      "createdById": "0055i000005NMYZAA4",
      "createdByName": "Automated Process",
      "createdDate": "2022-07-27T06:47:22.000Z",
      "fileName": "contentassets/main_gifgif.asset",
      "fullName": "main_gifgif",
      "id": "03S5i000000yPbDEAU",
      "lastModifiedById": "0055i000005NMYZAA4",
      "lastModifiedByName": "Automated Process",
      "lastModifiedDate": "2022-07-27T06:47:22.000Z",
      "manageableState": "unmanaged",
      "namespacePrefix": "nitroMySpace",
      "type": "ContentAsset"
    },
    {
      "createdById": "0055i000005UjC4AAK",
      "createdByName": "Edsel Lita",
      "createdDate": "2022-07-27T06:47:22.000Z",
      "fileName": "contentassets/custom113png2.asset",
      "fullName": "custom113png2",
      "id": "03S5i000000yPc8EAE",
      "lastModifiedById": "0055i000005UjC4AAK",
      "lastModifiedByName": "Edsel Lita",
      "lastModifiedDate": "2022-07-27T06:47:22.000Z",
      "manageableState": "unmanaged",
      "namespacePrefix": "nitroMySpace",
      "type": "ContentAsset"
    }
  ]
}