{
  "status": 0,
  "result": [
    {
      "createdById": "0055i000005UjC4AAK",
      "createdByName": "Edsel Lita",
      "createdDate": "2022-07-27T06:47:22.000Z",
      "fileName": "sites/Badger_Parts_Partner_Community.site",
      "fullName": "Badger_Parts_Partner_Community",
      "id": "0DM5i00000022vbGAA",
      "lastModifiedById": "0055i000005UjC4AAK",
      "lastModifiedByName": "Edsel Lita",
      "lastModifiedDate": "2022-07-27T22:09:32.000Z",
      "type": "CustomSite"
    },
    {
      "createdById": "0055i000005UjC4AAK",
      "createdByName": "Edsel Lita",
      "createdDate": "2022-07-27T09:13:37.000Z",
      "fileName": "sites/Nitro_Motors.site",
      "fullName": "Nitro_Motors",
      "id": "0DM5i000000ki1NGAQ",
      "lastModifiedById": "0055i000005UjC4AAK",
      "lastModifiedByName": "Edsel Lita",
      "lastModifiedDate": "2022-07-27T09:13:38.000Z",
      "type": "CustomSite"
    }
  ]
}