{
  "status": 0,
  "result": [
    {
      "createdById": "0055i000005NMYZAA4",
      "createdByName": "Automated Process",
      "createdDate": "2022-07-27T06:47:22.000Z",
      "fileName": "duplicateRules/Lead.Standard_Lead_Duplicate_Rule.duplicateRule",
      "fullName": "Lead.Standard_Lead_Duplicate_Rule",
      "id": "0Bm5i000009b7j9CAA",
      "lastModifiedById": "0055i000005NMYZAA4",
      "lastModifiedByName": "Automated Process",
      "lastModifiedDate": "2022-07-27T06:47:22.000Z",
      "manageableState": "unmanaged",
      "namespacePrefix": "nitroMySpace",
      "type": "DuplicateRule"
    },
    {
      "createdById": "0055i000005NMYZAA4",
      "createdByName": "Automated Process",
      "createdDate": "2022-07-27T06:47:22.000Z",
      "fileName": "duplicateRules/Contact.Standard_Contact_Duplicate_Rule.duplicateRule",
      "fullName": "Contact.Standard_Contact_Duplicate_Rule",
      "id": "0Bm5i000009b7jACAQ",
      "lastModifiedById": "0055i000005NMYZAA4",
      "lastModifiedByName": "Automated Process",
      "lastModifiedDate": "2022-07-27T06:47:22.000Z",
      "manageableState": "unmanaged",
      "namespacePrefix": "nitroMySpace",
      "type": "DuplicateRule"
    },
    {
      "createdById": "0055i000005NMYZAA4",
      "createdByName": "Automated Process",
      "createdDate": "2022-07-27T06:47:22.000Z",
      "fileName": "duplicateRules/Account.Standard_Account_Duplicate_Rule.duplicateRule",
      "fullName": "Account.Standard_Account_Duplicate_Rule",
      "id": "0Bm5i000009b7j8CAA",
      "lastModifiedById": "0055i000005NMYZAA4",
      "lastModifiedByName": "Automated Process",
      "lastModifiedDate": "2022-07-27T06:47:22.000Z",
      "manageableState": "unmanaged",
      "namespacePrefix": "nitroMySpace",
      "type": "DuplicateRule"
    }
  ]
}