{
  "status": 0,
  "result": [
    {
      "createdById": "0055i000005UjC4AAK",
      "createdByName": "Edsel Lita",
      "createdDate": "2022-07-27T06:47:22.000Z",
      "fileName": "email/unfiled$public/CommunityChgEmailVerOldTemplate.email",
      "fullName": "unfiled$public/CommunityChgEmailVerOldTemplate",
      "id": "00X5i000001xkKjEAI",
      "lastModifiedById": "0055i000005UjC4AAK",
      "lastModifiedByName": "Edsel Lita",
      "lastModifiedDate": "2022-07-27T06:47:22.000Z",
      "manageableState": "unmanaged",
      "namespacePrefix": "nitroMySpace",
      "type": "EmailTemplate"
    },
    {
      "createdById": "0055i000005UjC4AAK",
      "createdByName": "Edsel Lita",
      "createdDate": "2022-07-27T06:47:22.000Z",
      "fileName": "email/unfiled$public/CommunityLockoutEmailTemplate.email",
      "fullName": "unfiled$public/CommunityLockoutEmailTemplate",
      "id": "00X5i000001xkKhEAI",
      "lastModifiedById": "0055i000005UjC4AAK",
      "lastModifiedByName": "Edsel Lita",
      "lastModifiedDate": "2022-07-27T06:47:22.000Z",
      "manageableState": "unmanaged",
      "namespacePrefix": "nitroMySpace",
      "type": "EmailTemplate"
    },
    {
      "createdById": "0055i000005UjC4AAK",
      "createdByName": "Edsel Lita",
      "createdDate": "2022-07-27T06:47:22.000Z",
      "fileName": "email/unfiled$public/CommunityVerificationEmailTemplate.email",
      "fullName": "unfiled$public/CommunityVerificationEmailTemplate",
      "id": "00X5i000001xkKiEAI",
      "lastModifiedById": "0055i000005UjC4AAK",
      "lastModifiedByName": "Edsel Lita",
      "lastModifiedDate": "2022-07-27T06:47:22.000Z",
      "manageableState": "unmanaged",
      "namespacePrefix": "nitroMySpace",
      "type": "EmailTemplate"
    },
    {
      "createdById": "0055i000005UjC4AAK",
      "createdByName": "Edsel Lita",
      "createdDate": "2022-07-27T06:47:22.000Z",
      "fileName": "email/unfiled$public/SupportEscalatedCaseReassignment.email",
      "fullName": "unfiled$public/SupportEscalatedCaseReassignment",
      "id": "00X5i000001xkKaEAI",
      "lastModifiedById": "0055i000005UjC4AAK",
      "lastModifiedByName": "Edsel Lita",
      "lastModifiedDate": "2022-07-27T06:47:22.000Z",
      "manageableState": "unmanaged",
      "namespacePrefix": "nitroMySpace",
      "type": "EmailTemplate"
    },
    {
      "createdById": "0055i000005UjC4AAK",
      "createdByName": "Edsel Lita",
      "createdDate": "2022-07-27T06:47:22.000Z",
      "fileName": "email/unfiled$public/CommunityChangePasswordEmailTemplate.email",
      "fullName": "unfiled$public/CommunityChangePasswordEmailTemplate",
      "id": "00X5i000001xkKYEAY",
      "lastModifiedById": "0055i000005UjC4AAK",
      "lastModifiedByName": "Edsel Lita",
      "lastModifiedDate": "2022-07-27T06:47:22.000Z",
      "manageableState": "unmanaged",
      "namespacePrefix": "nitroMySpace",
      "type": "EmailTemplate"
    },
    {
      "createdById": "0055i000005UjC4AAK",
      "createdByName": "Edsel Lita",
      "createdDate": "2022-07-27T06:47:22.000Z",
      "fileName": "email/unfiled$public/CommunityDeviceActEmailTemplate.email",
      "fullName": "unfiled$public/CommunityDeviceActEmailTemplate",
      "id": "00X5i000001xkKlEAI",
      "lastModifiedById": "0055i000005UjC4AAK",
      "lastModifiedByName": "Edsel Lita",
      "lastModifiedDate": "2022-07-27T06:47:22.000Z",
      "manageableState": "unmanaged",
      "namespacePrefix": "nitroMySpace",
      "type": "EmailTemplate"
    },
    {
      "createdById": "0055i000005UjC4AAK",
      "createdByName": "Edsel Lita",
      "createdDate": "2022-07-27T06:47:22.000Z",
      "fileName": "email/unfiled$public/SupportCaseResponse.email",
      "fullName": "unfiled$public/SupportCaseResponse",
      "id": "00X5i000001xkKdEAI",
      "lastModifiedById": "0055i000005UjC4AAK",
      "lastModifiedByName": "Edsel Lita",
      "lastModifiedDate": "2022-07-27T06:47:22.000Z",
      "manageableState": "unmanaged",
      "namespacePrefix": "nitroMySpace",
      "type": "EmailTemplate"
    },
    {
      "createdById": "0055i000005UjC4AAK",
      "createdByName": "Edsel Lita",
      "createdDate": "2022-07-27T06:47:22.000Z",
      "fileName": "email/unfiled$public/SUPPORTSelfServiceNewCommentNotificationSAMPLE.email",
      "fullName": "unfiled$public/SUPPORTSelfServiceNewCommentNotificationSAMPLE",
      "id": "00X5i000001xkKREAY",
      "lastModifiedById": "0055i000005UjC4AAK",
      "lastModifiedByName": "Edsel Lita",
      "lastModifiedDate": "2022-07-27T06:47:22.000Z",
      "manageableState": "unmanaged",
      "namespacePrefix": "nitroMySpace",
      "type": "EmailTemplate"
    },
    {
      "createdById": "0055i000005NMYZAA4",
      "createdByName": "Automated Process",
      "createdDate": "2022-07-27T06:47:22.000Z",
      "fileName": "email/unfiled$public/ExperienceCloudSelfRegMicroBatchSubErrorEmailTemplate.email",
      "fullName": "unfiled$public/ExperienceCloudSelfRegMicroBatchSubErrorEmailTemplate",
      "id": "00X5i000001xkKmEAI",
      "lastModifiedById": "0055i000005NMYZAA4",
      "lastModifiedByName": "Automated Process",
      "lastModifiedDate": "2022-07-27T06:47:22.000Z",
      "manageableState": "unmanaged",
      "namespacePrefix": "nitroMySpace",
      "type": "EmailTemplate"
    },
    {
      "createdById": "0055i000005UjC4AAK",
      "createdByName": "Edsel Lita",
      "createdDate": "2022-07-27T06:47:22.000Z",
      "fileName": "email/unfiled$public/SalesNewCustomerEmail.email",
      "fullName": "unfiled$public/SalesNewCustomerEmail",
      "id": "00X5i000001xkKeEAI",
      "lastModifiedById": "0055i000005UjC4AAK",
      "lastModifiedByName": "Edsel Lita",
      "lastModifiedDate": "2022-07-27T06:47:22.000Z",
      "manageableState": "unmanaged",
      "namespacePrefix": "nitroMySpace",
      "type": "EmailTemplate"
    },
    {
      "createdById": "0055i000005UjC4AAK",
      "createdByName": "Edsel Lita",
      "createdDate": "2022-07-27T06:47:22.000Z",
      "fileName": "email/unfiled$public/SupportCaseCreatedWebInquiries.email",
      "fullName": "unfiled$public/SupportCaseCreatedWebInquiries",
      "id": "00X5i000001xkKWEAY",
      "lastModifiedById": "0055i000005UjC4AAK",
      "lastModifiedByName": "Edsel Lita",
      "lastModifiedDate": "2022-07-27T06:47:22.000Z",
      "manageableState": "unmanaged",
      "namespacePrefix": "nitroMySpace",
      "type": "EmailTemplate"
    },
    {
      "createdById": "0055i000005UjC4AAK",
      "createdByName": "Edsel Lita",
      "createdDate": "2022-08-07T22:45:13.000Z",
      "fileName": "email/unfiled$public/Notice_of_Approval_1659912313513.email",
      "fullName": "unfiled$public/Notice_of_Approval_1659912313513",
      "id": "00X5i000000pYRfEAM",
      "lastModifiedById": "0055i000005UjC4AAK",
      "lastModifiedByName": "Edsel Lita",
      "lastModifiedDate": "2022-08-07T22:45:13.000Z",
      "manageableState": "unmanaged",
      "namespacePrefix": "nitroMySpace",
      "type": "EmailTemplate"
    },
    {
      "createdById": "0055i000005UjC4AAK",
      "createdByName": "Edsel Lita",
      "createdDate": "2022-07-27T06:47:22.000Z",
      "fileName": "email/unfiled$public/SupportCaseCreatedPhoneInquiries.email",
      "fullName": "unfiled$public/SupportCaseCreatedPhoneInquiries",
      "id": "00X5i000001xkKVEAY",
      "lastModifiedById": "0055i000005UjC4AAK",
      "lastModifiedByName": "Edsel Lita",
      "lastModifiedDate": "2022-07-27T06:47:22.000Z",
      "manageableState": "unmanaged",
      "namespacePrefix": "nitroMySpace",
      "type": "EmailTemplate"
    },
    {
      "createdById": "0055i000005UjC4AAK",
      "createdByName": "Edsel Lita",
      "createdDate": "2022-07-27T06:47:22.000Z",
      "fileName": "email/unfiled$public/SupportSelfServiceNewLoginandPassword.email",
      "fullName": "unfiled$public/SupportSelfServiceNewLoginandPassword",
      "id": "00X5i000001xkKTEAY",
      "lastModifiedById": "0055i000005UjC4AAK",
      "lastModifiedByName": "Edsel Lita",
      "lastModifiedDate": "2022-07-27T06:47:22.000Z",
      "manageableState": "unmanaged",
      "namespacePrefix": "nitroMySpace",
      "type": "EmailTemplate"
    },
    {
      "createdById": "0055i000005UjC4AAK",
      "createdByName": "Edsel Lita",
      "createdDate": "2022-07-27T06:47:22.000Z",
      "fileName": "email/unfiled$public/CommunityChgEmailVerNewTemplate.email",
      "fullName": "unfiled$public/CommunityChgEmailVerNewTemplate",
      "id": "00X5i000001xkKkEAI",
      "lastModifiedById": "0055i000005UjC4AAK",
      "lastModifiedByName": "Edsel Lita",
      "lastModifiedDate": "2022-07-27T06:47:22.000Z",
      "manageableState": "unmanaged",
      "namespacePrefix": "nitroMySpace",
      "type": "EmailTemplate"
    },
    {
      "createdById": "0055i000005UjC4AAK",
      "createdByName": "Edsel Lita",
      "createdDate": "2022-07-27T06:47:22.000Z",
      "fileName": "email/unfiled$public/SupportEscalatedCaseNotification.email",
      "fullName": "unfiled$public/SupportEscalatedCaseNotification",
      "id": "00X5i000001xkKbEAI",
      "lastModifiedById": "0055i000005UjC4AAK",
      "lastModifiedByName": "Edsel Lita",
      "lastModifiedDate": "2022-07-27T06:47:22.000Z",
      "manageableState": "unmanaged",
      "namespacePrefix": "nitroMySpace",
      "type": "EmailTemplate"
    },
    {
      "createdById": "0055i000005UjC4AAK",
      "createdByName": "Edsel Lita",
      "createdDate": "2022-07-27T06:47:22.000Z",
      "fileName": "email/unfiled$public/CommunityWelcomeEmailTemplate.email",
      "fullName": "unfiled$public/CommunityWelcomeEmailTemplate",
      "id": "00X5i000001xkKZEAY",
      "lastModifiedById": "0055i000005UjC4AAK",
      "lastModifiedByName": "Edsel Lita",
      "lastModifiedDate": "2022-07-27T06:47:22.000Z",
      "manageableState": "unmanaged",
      "namespacePrefix": "nitroMySpace",
      "type": "EmailTemplate"
    },
    {
      "createdById": "0055i000005UjC4AAK",
      "createdByName": "Edsel Lita",
      "createdDate": "2022-07-27T06:47:22.000Z",
      "fileName": "email/unfiled$public/CommunityForgotPasswordEmailTemplate.email",
      "fullName": "unfiled$public/CommunityForgotPasswordEmailTemplate",
      "id": "00X5i000001xkKXEAY",
      "lastModifiedById": "0055i000005UjC4AAK",
      "lastModifiedByName": "Edsel Lita",
      "lastModifiedDate": "2022-07-27T06:47:22.000Z",
      "manageableState": "unmanaged",
      "namespacePrefix": "nitroMySpace",
      "type": "EmailTemplate"
    },
    {
      "createdById": "0055i000005UjC4AAK",
      "createdByName": "Edsel Lita",
      "createdDate": "2022-07-27T06:47:22.000Z",
      "fileName": "email/unfiled$public/SupportCaseAssignmentNotification.email",
      "fullName": "unfiled$public/SupportCaseAssignmentNotification",
      "id": "00X5i000001xkKUEAY",
      "lastModifiedById": "0055i000005UjC4AAK",
      "lastModifiedByName": "Edsel Lita",
      "lastModifiedDate": "2022-07-27T06:47:22.000Z",
      "manageableState": "unmanaged",
      "namespacePrefix": "nitroMySpace",
      "type": "EmailTemplate"
    },
    {
      "createdById": "0055i000005UjC4AAK",
      "createdByName": "Edsel Lita",
      "createdDate": "2022-07-27T06:47:22.000Z",
      "fileName": "email/unfiled$public/SUPPORTSelfServiceResetPasswordSAMPLE.email",
      "fullName": "unfiled$public/SUPPORTSelfServiceResetPasswordSAMPLE",
      "id": "00X5i000001xkKgEAI",
      "lastModifiedById": "0055i000005UjC4AAK",
      "lastModifiedByName": "Edsel Lita",
      "lastModifiedDate": "2022-07-27T06:47:22.000Z",
      "manageableState": "unmanaged",
      "namespacePrefix": "nitroMySpace",
      "type": "EmailTemplate"
    },
    {
      "createdById": "0055i000005UjC4AAK",
      "createdByName": "Edsel Lita",
      "createdDate": "2022-07-27T06:47:22.000Z",
      "fileName": "email/unfiled$public/MarketingProductInquiryResponse.email",
      "fullName": "unfiled$public/MarketingProductInquiryResponse",
      "id": "00X5i000001xkKcEAI",
      "lastModifiedById": "0055i000005UjC4AAK",
      "lastModifiedByName": "Edsel Lita",
      "lastModifiedDate": "2022-07-27T06:47:22.000Z",
      "manageableState": "unmanaged",
      "namespacePrefix": "nitroMySpace",
      "type": "EmailTemplate"
    },
    {
      "createdById": "0055i000005UjC4AAK",
      "createdByName": "Edsel Lita",
      "createdDate": "2022-07-27T06:47:22.000Z",
      "fileName": "email/unfiled$public/SupportSelfServiceResetPassword.email",
      "fullName": "unfiled$public/SupportSelfServiceResetPassword",
      "id": "00X5i000001xkKSEAY",
      "lastModifiedById": "0055i000005UjC4AAK",
      "lastModifiedByName": "Edsel Lita",
      "lastModifiedDate": "2022-07-27T06:47:22.000Z",
      "manageableState": "unmanaged",
      "namespacePrefix": "nitroMySpace",
      "type": "EmailTemplate"
    },
    {
      "createdById": "0055i000005UjC4AAK",
      "createdByName": "Edsel Lita",
      "createdDate": "2022-07-27T06:47:22.000Z",
      "fileName": "email/unfiled$public/SUPPORTSelfServiceNewUserLoginInformationSAMPLE.email",
      "fullName": "unfiled$public/SUPPORTSelfServiceNewUserLoginInformationSAMPLE",
      "id": "00X5i000001xkKfEAI",
      "lastModifiedById": "0055i000005UjC4AAK",
      "lastModifiedByName": "Edsel Lita",
      "lastModifiedDate": "2022-07-27T06:47:22.000Z",
      "manageableState": "unmanaged",
      "namespacePrefix": "nitroMySpace",
      "type": "EmailTemplate"
    }
  ]
}