{
  "status": 0,
  "result": [
    {
      "createdById": "0055i000005UjC4AAK",
      "createdByName": "Edsel Lita",
      "createdDate": "2022-07-27T06:47:22.000Z",
      "fileName": "experiences/Badger_Parts_Partner_Community1",
      "fullName": "Badger_Parts_Partner_Community1",
      "id": "0DM5i00000022vaGAA",
      "lastModifiedById": "0055i000005UjC4AAK",
      "lastModifiedByName": "Edsel Lita",
      "lastModifiedDate": "2022-08-09T14:17:38.000Z",
      "type": "ExperienceBundle"
    },
    {
      "createdById": "0055i000005UjC4AAK",
      "createdByName": "Edsel Lita",
      "createdDate": "2022-07-27T09:13:42.000Z",
      "fileName": "experiences/Nitro_Motors1",
      "fullName": "Nitro_Motors1",
      "id": "0DM5i000000ki1OGAQ",
      "lastModifiedById": "0055i000005UjC4AAK",
      "lastModifiedByName": "Edsel Lita",
      "lastModifiedDate": "2022-07-27T09:14:14.000Z",
      "type": "ExperienceBundle"
    }
  ]
}