{
  "status": 0,
  "result": [
    {
      "createdById": "0055i000005NMYZAA4",
      "createdByName": "Automated Process",
      "createdDate": "2022-07-27T06:53:36.000Z",
      "fileName": "fieldRestrictionRules/Rule791c9208798b76685c9b99d68cb55d2d.rule",
      "fullName": "Rule791c9208798b76685c9b99d68cb55d2d",
      "id": "0lr5i000000GoexAAC",
      "lastModifiedById": "0055i000005NMYZAA4",
      "lastModifiedByName": "Automated Process",
      "lastModifiedDate": "2022-07-27T06:53:36.000Z",
      "manageableState": "unmanaged",
      "namespacePrefix": "nitroMySpace",
      "type": "FieldRestrictionRule"
    },
    {
      "createdById": "0055i000005NMYZAA4",
      "createdByName": "Automated Process",
      "createdDate": "2022-07-27T06:53:36.000Z",
      "fileName": "fieldRestrictionRules/Rule7a6df8e6ee8ba0cbf3cb4926f786cf94.rule",
      "fullName": "Rule7a6df8e6ee8ba0cbf3cb4926f786cf94",
      "id": "0lr5i000000GoewAAC",
      "lastModifiedById": "0055i000005NMYZAA4",
      "lastModifiedByName": "Automated Process",
      "lastModifiedDate": "2022-07-27T06:53:36.000Z",
      "manageableState": "unmanaged",
      "namespacePrefix": "nitroMySpace",
      "type": "FieldRestrictionRule"
    }
  ]
}