{
  "status": 0,
  "result": [
    {
      "createdById": "0055i000005UjC4AAK",
      "createdByName": "Edsel Lita",
      "createdDate": "2022-08-09T23:47:52.000Z",
      "fileName": "flexipages/Nitro_Motor_Exp_Cloud_Error.flexipage",
      "fullName": "Nitro_Motor_Exp_Cloud_Error",
      "id": "0M05i000005ljV1CAI",
      "lastModifiedById": "0055i000005UjC4AAK",
      "lastModifiedByName": "Edsel Lita",
      "lastModifiedDate": "2022-08-09T23:47:52.000Z",
      "manageableState": "unmanaged",
      "namespacePrefix": "nitroMySpace",
      "type": "FlexiPage"
    },
    {
      "createdById": "0055i000005UjC4AAK",
      "createdByName": "Edsel Lita",
      "createdDate": "2022-08-09T23:47:51.000Z",
      "fileName": "flexipages/Nitro_Motor_Exp_Cloud_Lead_Related_List.flexipage",
      "fullName": "Nitro_Motor_Exp_Cloud_Lead_Related_List",
      "id": "0M05i000005ljV0CAI",
      "lastModifiedById": "0055i000005UjC4AAK",
      "lastModifiedByName": "Edsel Lita",
      "lastModifiedDate": "2022-08-09T23:47:51.000Z",
      "manageableState": "unmanaged",
      "namespacePrefix": "nitroMySpace",
      "type": "FlexiPage"
    },
    {
      "createdById": "0055i000005UjC4AAK",
      "createdByName": "Edsel Lita",
      "createdDate": "2022-07-27T06:47:22.000Z",
      "fileName": "flexipages/Sales_Agreement_Record_Page.flexipage",
      "fullName": "Sales_Agreement_Record_Page",
      "id": "0M05i000004dxItCAI",
      "lastModifiedById": "0055i000005UjC4AAK",
      "lastModifiedByName": "Edsel Lita",
      "lastModifiedDate": "2022-07-27T06:47:22.000Z",
      "manageableState": "unmanaged",
      "namespacePrefix": "nitroMySpace",
      "type": "FlexiPage"
    },
    {
      "createdById": "0055i000005UjC4AAK",
      "createdByName": "Edsel Lita",
      "createdDate": "2022-08-09T23:47:49.000Z",
      "fileName": "flexipages/Nitro_Motor_Exp_Cloud_Login_Error.flexipage",
      "fullName": "Nitro_Motor_Exp_Cloud_Login_Error",
      "id": "0M05i000005ljUqCAI",
      "lastModifiedById": "0055i000005UjC4AAK",
      "lastModifiedByName": "Edsel Lita",
      "lastModifiedDate": "2022-08-09T23:47:49.000Z",
      "manageableState": "unmanaged",
      "namespacePrefix": "nitroMySpace",
      "type": "FlexiPage"
    },
    {
      "createdById": "0055i000005UjC4AAK",
      "createdByName": "Edsel Lita",
      "createdDate": "2022-07-27T06:47:22.000Z",
      "fileName": "flexipages/Home_Page_Default.flexipage",
      "fullName": "Home_Page_Default",
      "id": "0M05i000004dxIsCAI",
      "lastModifiedById": "0055i000005UjC4AAK",
      "lastModifiedByName": "Edsel Lita",
      "lastModifiedDate": "2022-08-09T20:13:52.000Z",
      "manageableState": "unmanaged",
      "namespacePrefix": "nitroMySpace",
      "type": "FlexiPage"
    },
    {
      "createdById": "0055i000005UjC4AAK",
      "createdByName": "Edsel Lita",
      "createdDate": "2022-08-09T23:47:52.000Z",
      "fileName": "flexipages/Nitro_Motor_Exp_Cloud_Car_Booking_Related_List.flexipage",
      "fullName": "Nitro_Motor_Exp_Cloud_Car_Booking_Related_List",
      "id": "0M05i000005ljV4CAI",
      "lastModifiedById": "0055i000005UjC4AAK",
      "lastModifiedByName": "Edsel Lita",
      "lastModifiedDate": "2022-08-09T23:47:52.000Z",
      "manageableState": "unmanaged",
      "namespacePrefix": "nitroMySpace",
      "type": "FlexiPage"
    },
    {
      "createdById": "0055i000005UjC4AAK",
      "createdByName": "Edsel Lita",
      "createdDate": "2022-08-09T23:47:52.000Z",
      "fileName": "flexipages/Nitro_Motor_Exp_Cloud_Register.flexipage",
      "fullName": "Nitro_Motor_Exp_Cloud_Register",
      "id": "0M05i000005ljV2CAI",
      "lastModifiedById": "0055i000005UjC4AAK",
      "lastModifiedByName": "Edsel Lita",
      "lastModifiedDate": "2022-08-09T23:47:52.000Z",
      "manageableState": "unmanaged",
      "namespacePrefix": "nitroMySpace",
      "type": "FlexiPage"
    },
    {
      "createdById": "0055i000005UjC4AAK",
      "createdByName": "Edsel Lita",
      "createdDate": "2022-08-09T23:47:52.000Z",
      "fileName": "flexipages/Nitro_Motor_Exp_Cloud_Forgot_Password.flexipage",
      "fullName": "Nitro_Motor_Exp_Cloud_Forgot_Password",
      "id": "0M05i000005ljV3CAI",
      "lastModifiedById": "0055i000005UjC4AAK",
      "lastModifiedByName": "Edsel Lita",
      "lastModifiedDate": "2022-08-09T23:47:52.000Z",
      "manageableState": "unmanaged",
      "namespacePrefix": "nitroMySpace",
      "type": "FlexiPage"
    },
    {
      "createdById": "0055i000005UjC4AAK",
      "createdByName": "Edsel Lita",
      "createdDate": "2022-08-09T23:47:49.000Z",
      "fileName": "flexipages/Nitro_Motor_Exp_Cloud_themeLayout_Default.flexipage",
      "fullName": "Nitro_Motor_Exp_Cloud_themeLayout_Default",
      "id": "0M05i000005ljUtCAI",
      "lastModifiedById": "0055i000005UjC4AAK",
      "lastModifiedByName": "Edsel Lita",
      "lastModifiedDate": "2022-08-09T23:47:49.000Z",
      "manageableState": "unmanaged",
      "namespacePrefix": "nitroMySpace",
      "type": "FlexiPage"
    },
    {
      "createdById": "0055i000005UjC4AAK",
      "createdByName": "Edsel Lita",
      "createdDate": "2022-08-09T23:47:50.000Z",
      "fileName": "flexipages/Nitro_Motor_Exp_Cloud_Record_Detail.flexipage",
      "fullName": "Nitro_Motor_Exp_Cloud_Record_Detail",
      "id": "0M05i000005ljUyCAI",
      "lastModifiedById": "0055i000005UjC4AAK",
      "lastModifiedByName": "Edsel Lita",
      "lastModifiedDate": "2022-08-09T23:47:50.000Z",
      "manageableState": "unmanaged",
      "namespacePrefix": "nitroMySpace",
      "type": "FlexiPage"
    },
    {
      "createdById": "0055i000005UjC4AAK",
      "createdByName": "Edsel Lita",
      "createdDate": "2022-08-09T23:47:48.000Z",
      "fileName": "flexipages/Nitro_Motor_Exp_Cloud_Related_Vlogs.flexipage",
      "fullName": "Nitro_Motor_Exp_Cloud_Related_Vlogs",
      "id": "0M05i000005ljUpCAI",
      "lastModifiedById": "0055i000005UjC4AAK",
      "lastModifiedByName": "Edsel Lita",
      "lastModifiedDate": "2022-08-09T23:47:48.000Z",
      "manageableState": "unmanaged",
      "namespacePrefix": "nitroMySpace",
      "type": "FlexiPage"
    },
    {
      "createdById": "0055i000005UjC4AAK",
      "createdByName": "Edsel Lita",
      "createdDate": "2022-08-09T23:47:52.000Z",
      "fileName": "flexipages/Nitro_Motor_Exp_Cloud_Check_Password.flexipage",
      "fullName": "Nitro_Motor_Exp_Cloud_Check_Password",
      "id": "0M05i000005ljV5CAI",
      "lastModifiedById": "0055i000005UjC4AAK",
      "lastModifiedByName": "Edsel Lita",
      "lastModifiedDate": "2022-08-09T23:47:52.000Z",
      "manageableState": "unmanaged",
      "namespacePrefix": "nitroMySpace",
      "type": "FlexiPage"
    },
    {
      "createdById": "0055i000005UjC4AAK",
      "createdByName": "Edsel Lita",
      "createdDate": "2022-07-30T08:28:57.000Z",
      "fileName": "flexipages/Car_Model_Record_Page.flexipage",
      "fullName": "Car_Model_Record_Page",
      "id": "0M05i000004ecMLCAY",
      "lastModifiedById": "0055i000005UjC4AAK",
      "lastModifiedByName": "Edsel Lita",
      "lastModifiedDate": "2022-07-31T14:43:56.000Z",
      "manageableState": "unmanaged",
      "namespacePrefix": "nitroMySpace",
      "type": "FlexiPage"
    },
    {
      "createdById": "0055i000005UjC4AAK",
      "createdByName": "Edsel Lita",
      "createdDate": "2022-08-08T01:03:21.000Z",
      "fileName": "flexipages/Car_Booking_Record_Page1.flexipage",
      "fullName": "Car_Booking_Record_Page1",
      "id": "0M05i000005lHsQCAU",
      "lastModifiedById": "0055i000005UjC4AAK",
      "lastModifiedByName": "Edsel Lita",
      "lastModifiedDate": "2022-08-08T01:03:21.000Z",
      "manageableState": "unmanaged",
      "namespacePrefix": "nitroMySpace",
      "type": "FlexiPage"
    },
    {
      "createdById": "0055i000005UjC4AAK",
      "createdByName": "Edsel Lita",
      "createdDate": "2022-08-09T20:22:46.000Z",
      "fileName": "flexipages/Home_Page_Default1.flexipage",
      "fullName": "Home_Page_Default1",
      "id": "0M05i000005ljJiCAI",
      "lastModifiedById": "0055i000005UjC4AAK",
      "lastModifiedByName": "Edsel Lita",
      "lastModifiedDate": "2022-08-09T20:22:46.000Z",
      "manageableState": "unmanaged",
      "namespacePrefix": "nitroMySpace",
      "type": "FlexiPage"
    },
    {
      "createdById": "0055i000005UjC4AAK",
      "createdByName": "Edsel Lita",
      "createdDate": "2022-08-09T23:47:49.000Z",
      "fileName": "flexipages/Nitro_Motor_Exp_Cloud_Car_Model_Related_List.flexipage",
      "fullName": "Nitro_Motor_Exp_Cloud_Car_Model_Related_List",
      "id": "0M05i000005ljUsCAI",
      "lastModifiedById": "0055i000005UjC4AAK",
      "lastModifiedByName": "Edsel Lita",
      "lastModifiedDate": "2022-08-09T23:47:49.000Z",
      "manageableState": "unmanaged",
      "namespacePrefix": "nitroMySpace",
      "type": "FlexiPage"
    },
    {
      "createdById": "0055i000005UjC4AAK",
      "createdByName": "Edsel Lita",
      "createdDate": "2022-08-09T20:21:20.000Z",
      "fileName": "flexipages/Featured_Cars.flexipage",
      "fullName": "Featured_Cars",
      "id": "0M05i000005ljJdCAI",
      "lastModifiedById": "0055i000005UjC4AAK",
      "lastModifiedByName": "Edsel Lita",
      "lastModifiedDate": "2022-08-09T20:21:20.000Z",
      "manageableState": "unmanaged",
      "namespacePrefix": "nitroMySpace",
      "type": "FlexiPage"
    },
    {
      "createdById": "0055i000005UjC4AAK",
      "createdByName": "Edsel Lita",
      "createdDate": "2022-08-09T23:47:48.000Z",
      "fileName": "flexipages/Nitro_Motor_Exp_Cloud_Too_Many_Requests.flexipage",
      "fullName": "Nitro_Motor_Exp_Cloud_Too_Many_Requests",
      "id": "0M05i000005ljUoCAI",
      "lastModifiedById": "0055i000005UjC4AAK",
      "lastModifiedByName": "Edsel Lita",
      "lastModifiedDate": "2022-08-09T23:47:48.000Z",
      "manageableState": "unmanaged",
      "namespacePrefix": "nitroMySpace",
      "type": "FlexiPage"
    },
    {
      "createdById": "0055i000005UjC4AAK",
      "createdByName": "Edsel Lita",
      "createdDate": "2022-08-09T20:24:09.000Z",
      "fileName": "flexipages/Featured_Cars1.flexipage",
      "fullName": "Featured_Cars1",
      "id": "0M05i000005ljJnCAI",
      "lastModifiedById": "0055i000005UjC4AAK",
      "lastModifiedByName": "Edsel Lita",
      "lastModifiedDate": "2022-08-09T20:24:09.000Z",
      "manageableState": "unmanaged",
      "namespacePrefix": "nitroMySpace",
      "type": "FlexiPage"
    },
    {
      "createdById": "0055i000005UjC4AAK",
      "createdByName": "Edsel Lita",
      "createdDate": "2022-08-09T23:47:49.000Z",
      "fileName": "flexipages/Nitro_Motor_Exp_Cloud_Record_List.flexipage",
      "fullName": "Nitro_Motor_Exp_Cloud_Record_List",
      "id": "0M05i000005ljUuCAI",
      "lastModifiedById": "0055i000005UjC4AAK",
      "lastModifiedByName": "Edsel Lita",
      "lastModifiedDate": "2022-08-09T23:47:49.000Z",
      "manageableState": "unmanaged",
      "namespacePrefix": "nitroMySpace",
      "type": "FlexiPage"
    },
    {
      "createdById": "0055i000005UjC4AAK",
      "createdByName": "Edsel Lita",
      "createdDate": "2022-07-27T06:47:22.000Z",
      "fileName": "flexipages/Account_Record_Page.flexipage",
      "fullName": "Account_Record_Page",
      "id": "0M05i000004dxIuCAI",
      "lastModifiedById": "0055i000005UjC4AAK",
      "lastModifiedByName": "Edsel Lita",
      "lastModifiedDate": "2022-07-30T22:46:54.000Z",
      "manageableState": "unmanaged",
      "namespacePrefix": "nitroMySpace",
      "type": "FlexiPage"
    },
    {
      "createdById": "0055i000005UjC4AAK",
      "createdByName": "Edsel Lita",
      "createdDate": "2022-08-09T23:47:49.000Z",
      "fileName": "flexipages/Nitro_Motor_Exp_Cloud_Car_Related_List.flexipage",
      "fullName": "Nitro_Motor_Exp_Cloud_Car_Related_List",
      "id": "0M05i000005ljUvCAI",
      "lastModifiedById": "0055i000005UjC4AAK",
      "lastModifiedByName": "Edsel Lita",
      "lastModifiedDate": "2022-08-09T23:47:49.000Z",
      "manageableState": "unmanaged",
      "namespacePrefix": "nitroMySpace",
      "type": "FlexiPage"
    },
    {
      "createdById": "0055i000005UjC4AAK",
      "createdByName": "Edsel Lita",
      "createdDate": "2022-08-09T23:47:48.000Z",
      "fileName": "flexipages/Nitro_Motor_Exp_Cloud_Contact_Related_List.flexipage",
      "fullName": "Nitro_Motor_Exp_Cloud_Contact_Related_List",
      "id": "0M05i000005ljUmCAI",
      "lastModifiedById": "0055i000005UjC4AAK",
      "lastModifiedByName": "Edsel Lita",
      "lastModifiedDate": "2022-08-09T23:47:48.000Z",
      "manageableState": "unmanaged",
      "namespacePrefix": "nitroMySpace",
      "type": "FlexiPage"
    },
    {
      "createdById": "0055i000005UjC4AAK",
      "createdByName": "Edsel Lita",
      "createdDate": "2022-08-09T23:47:50.000Z",
      "fileName": "flexipages/Nitro_Motor_Exp_Cloud_Home.flexipage",
      "fullName": "Nitro_Motor_Exp_Cloud_Home",
      "id": "0M05i000005ljUzCAI",
      "lastModifiedById": "0055i000005UjC4AAK",
      "lastModifiedByName": "Edsel Lita",
      "lastModifiedDate": "2022-08-09T23:47:50.000Z",
      "manageableState": "unmanaged",
      "namespacePrefix": "nitroMySpace",
      "type": "FlexiPage"
    },
    {
      "createdById": "0055i000005UjC4AAK",
      "createdByName": "Edsel Lita",
      "createdDate": "2022-07-27T07:04:19.000Z",
      "fileName": "flexipages/Car_Management_App_UtilityBar.flexipage",
      "fullName": "Car_Management_App_UtilityBar",
      "id": "0M05i000004dxX2CAI",
      "lastModifiedById": "0055i000005UjC4AAK",
      "lastModifiedByName": "Edsel Lita",
      "lastModifiedDate": "2022-07-27T07:04:19.000Z",
      "manageableState": "unmanaged",
      "namespacePrefix": "nitroMySpace",
      "type": "FlexiPage"
    },
    {
      "createdById": "0055i000005UjC4AAK",
      "createdByName": "Edsel Lita",
      "createdDate": "2022-08-08T01:02:47.000Z",
      "fileName": "flexipages/Car_Booking_Record_Page.flexipage",
      "fullName": "Car_Booking_Record_Page",
      "id": "0M05i000005lHsPCAU",
      "lastModifiedById": "0055i000005UjC4AAK",
      "lastModifiedByName": "Edsel Lita",
      "lastModifiedDate": "2022-08-08T01:02:47.000Z",
      "manageableState": "unmanaged",
      "namespacePrefix": "nitroMySpace",
      "type": "FlexiPage"
    },
    {
      "createdById": "0055i000005UjC4AAK",
      "createdByName": "Edsel Lita",
      "createdDate": "2022-08-09T23:47:50.000Z",
      "fileName": "flexipages/Nitro_Motor_Exp_Cloud_Login.flexipage",
      "fullName": "Nitro_Motor_Exp_Cloud_Login",
      "id": "0M05i000005ljUxCAI",
      "lastModifiedById": "0055i000005UjC4AAK",
      "lastModifiedByName": "Edsel Lita",
      "lastModifiedDate": "2022-08-09T23:47:50.000Z",
      "manageableState": "unmanaged",
      "namespacePrefix": "nitroMySpace",
      "type": "FlexiPage"
    },
    {
      "createdById": "0055i000005UjC4AAK",
      "createdByName": "Edsel Lita",
      "createdDate": "2022-08-09T23:47:48.000Z",
      "fileName": "flexipages/Nitro_Motor_Exp_Cloud_Case_Related_List.flexipage",
      "fullName": "Nitro_Motor_Exp_Cloud_Case_Related_List",
      "id": "0M05i000005ljUnCAI",
      "lastModifiedById": "0055i000005UjC4AAK",
      "lastModifiedByName": "Edsel Lita",
      "lastModifiedDate": "2022-08-09T23:47:48.000Z",
      "manageableState": "unmanaged",
      "namespacePrefix": "nitroMySpace",
      "type": "FlexiPage"
    },
    {
      "createdById": "0055i000005UjC4AAK",
      "createdByName": "Edsel Lita",
      "createdDate": "2022-08-09T23:47:52.000Z",
      "fileName": "flexipages/Nitro_Motor_Exp_Cloud_Product_Service_Campaign_Related_List.flexipage",
      "fullName": "Nitro_Motor_Exp_Cloud_Product_Service_Campaign_Related_List",
      "id": "0M05i000005ljV6CAI",
      "lastModifiedById": "0055i000005UjC4AAK",
      "lastModifiedByName": "Edsel Lita",
      "lastModifiedDate": "2022-08-09T23:47:52.000Z",
      "manageableState": "unmanaged",
      "namespacePrefix": "nitroMySpace",
      "type": "FlexiPage"
    },
    {
      "createdById": "0055i000005UjC4AAK",
      "createdByName": "Edsel Lita",
      "createdDate": "2022-08-09T23:47:47.000Z",
      "fileName": "flexipages/Nitro_Motor_Exp_Cloud_themeLayout_Login.flexipage",
      "fullName": "Nitro_Motor_Exp_Cloud_themeLayout_Login",
      "id": "0M05i000005ljUlCAI",
      "lastModifiedById": "0055i000005UjC4AAK",
      "lastModifiedByName": "Edsel Lita",
      "lastModifiedDate": "2022-08-09T23:47:47.000Z",
      "manageableState": "unmanaged",
      "namespacePrefix": "nitroMySpace",
      "type": "FlexiPage"
    },
    {
      "createdById": "0055i000005UjC4AAK",
      "createdByName": "Edsel Lita",
      "createdDate": "2022-07-27T06:47:22.000Z",
      "fileName": "flexipages/Contract_Record_Page.flexipage",
      "fullName": "Contract_Record_Page",
      "id": "0M05i000004dxIrCAI",
      "lastModifiedById": "0055i000005UjC4AAK",
      "lastModifiedByName": "Edsel Lita",
      "lastModifiedDate": "2022-07-27T06:47:22.000Z",
      "manageableState": "unmanaged",
      "namespacePrefix": "nitroMySpace",
      "type": "FlexiPage"
    },
    {
      "createdById": "0055i000005UjC4AAK",
      "createdByName": "Edsel Lita",
      "createdDate": "2022-08-09T23:47:53.000Z",
      "fileName": "flexipages/Nitro_Motor_Exp_Cloud_Service_Not_Available.flexipage",
      "fullName": "Nitro_Motor_Exp_Cloud_Service_Not_Available",
      "id": "0M05i000005ljV9CAI",
      "lastModifiedById": "0055i000005UjC4AAK",
      "lastModifiedByName": "Edsel Lita",
      "lastModifiedDate": "2022-08-09T23:47:53.000Z",
      "manageableState": "unmanaged",
      "namespacePrefix": "nitroMySpace",
      "type": "FlexiPage"
    },
    {
      "createdById": "0055i000005UjC4AAK",
      "createdByName": "Edsel Lita",
      "createdDate": "2022-08-09T23:47:53.000Z",
      "fileName": "flexipages/Nitro_Motor_Exp_Cloud_Vlog_Wiggly.flexipage",
      "fullName": "Nitro_Motor_Exp_Cloud_Vlog_Wiggly",
      "id": "0M05i000005ljV8CAI",
      "lastModifiedById": "0055i000005UjC4AAK",
      "lastModifiedByName": "Edsel Lita",
      "lastModifiedDate": "2022-08-09T23:47:53.000Z",
      "manageableState": "unmanaged",
      "namespacePrefix": "nitroMySpace",
      "type": "FlexiPage"
    },
    {
      "createdById": "0055i000005UjC4AAK",
      "createdByName": "Edsel Lita",
      "createdDate": "2022-08-09T23:47:53.000Z",
      "fileName": "flexipages/Nitro_Motor_Exp_Cloud_Related_Record_List.flexipage",
      "fullName": "Nitro_Motor_Exp_Cloud_Related_Record_List",
      "id": "0M05i000005ljV7CAI",
      "lastModifiedById": "0055i000005UjC4AAK",
      "lastModifiedByName": "Edsel Lita",
      "lastModifiedDate": "2022-08-09T23:47:53.000Z",
      "manageableState": "unmanaged",
      "namespacePrefix": "nitroMySpace",
      "type": "FlexiPage"
    },
    {
      "createdById": "0055i000005UjC4AAK",
      "createdByName": "Edsel Lita",
      "createdDate": "2022-08-09T23:47:49.000Z",
      "fileName": "flexipages/Nitro_Motor_Exp_Cloud_themeLayout_ServiceNotAvailable.flexipage",
      "fullName": "Nitro_Motor_Exp_Cloud_themeLayout_ServiceNotAvailable",
      "id": "0M05i000005ljUrCAI",
      "lastModifiedById": "0055i000005UjC4AAK",
      "lastModifiedByName": "Edsel Lita",
      "lastModifiedDate": "2022-08-09T23:47:49.000Z",
      "manageableState": "unmanaged",
      "namespacePrefix": "nitroMySpace",
      "type": "FlexiPage"
    },
    {
      "createdById": "0055i000005UjC4AAK",
      "createdByName": "Edsel Lita",
      "createdDate": "2022-08-09T23:47:50.000Z",
      "fileName": "flexipages/Nitro_Motor_Exp_Cloud_Account_Related_List.flexipage",
      "fullName": "Nitro_Motor_Exp_Cloud_Account_Related_List",
      "id": "0M05i000005ljUwCAI",
      "lastModifiedById": "0055i000005UjC4AAK",
      "lastModifiedByName": "Edsel Lita",
      "lastModifiedDate": "2022-08-09T23:47:50.000Z",
      "manageableState": "unmanaged",
      "namespacePrefix": "nitroMySpace",
      "type": "FlexiPage"
    }
  ]
}