{
  "status": 0,
  "result": [
    {
      "createdById": "0055i000005UjC4AAK",
      "createdByName": "Edsel Lita",
      "createdDate": "2022-07-27T06:47:22.000Z",
      "fileName": "flowDefinitions/Create_Program_and_Rebate_Types.flowDefinition",
      "fullName": "Create_Program_and_Rebate_Types",
      "id": "3005i000001BA5aAAG",
      "lastModifiedById": "0055i000005UjC4AAK",
      "lastModifiedByName": "Edsel Lita",
      "lastModifiedDate": "2022-07-27T06:47:22.000Z",
      "manageableState": "unmanaged",
      "namespacePrefix": "nitroMySpace",
      "type": "FlowDefinition"
    },
    {
      "createdById": "0055i000005UjC4AAK",
      "createdByName": "Edsel Lita",
      "createdDate": "2022-07-30T12:20:55.000Z",
      "fileName": "flowDefinitions/Never_Allow_Creation_of_Car_Model_In_Mid_Stage.flowDefinition",
      "fullName": "Never_Allow_Creation_of_Car_Model_In_Mid_Stage",
      "id": "3005i000000PkNjAAK",
      "lastModifiedById": "0055i000005UjC4AAK",
      "lastModifiedByName": "Edsel Lita",
      "lastModifiedDate": "2022-07-31T06:05:45.000Z",
      "manageableState": "unmanaged",
      "namespacePrefix": "nitroMySpace",
      "type": "FlowDefinition"
    },
    {
      "createdById": "0055i000005UjC4AAK",
      "createdByName": "Edsel Lita",
      "createdDate": "2022-07-27T06:47:22.000Z",
      "fileName": "flowDefinitions/Eligible_Rebates_on_Quote.flowDefinition",
      "fullName": "Eligible_Rebates_on_Quote",
      "id": "3005i000001BA5YAAW",
      "lastModifiedById": "0055i000005UjC4AAK",
      "lastModifiedByName": "Edsel Lita",
      "lastModifiedDate": "2022-07-27T06:47:22.000Z",
      "manageableState": "unmanaged",
      "namespacePrefix": "nitroMySpace",
      "type": "FlowDefinition"
    },
    {
      "createdById": "0055i000005UjC4AAK",
      "createdByName": "Edsel Lita",
      "createdDate": "2022-07-27T06:47:22.000Z",
      "fileName": "flowDefinitions/Eligible_Rebates_on_Contract.flowDefinition",
      "fullName": "Eligible_Rebates_on_Contract",
      "id": "3005i000001BA5WAAW",
      "lastModifiedById": "0055i000005UjC4AAK",
      "lastModifiedByName": "Edsel Lita",
      "lastModifiedDate": "2022-07-27T06:47:22.000Z",
      "manageableState": "unmanaged",
      "namespacePrefix": "nitroMySpace",
      "type": "FlowDefinition"
    },
    {
      "createdById": "0055i000005UjC4AAK",
      "createdByName": "Edsel Lita",
      "createdDate": "2022-07-27T06:47:22.000Z",
      "fileName": "flowDefinitions/Create_Benefits_and_Filters.flowDefinition",
      "fullName": "Create_Benefits_and_Filters",
      "id": "3005i000001BA5ZAAW",
      "lastModifiedById": "0055i000005UjC4AAK",
      "lastModifiedByName": "Edsel Lita",
      "lastModifiedDate": "2022-07-27T06:47:22.000Z",
      "manageableState": "unmanaged",
      "namespacePrefix": "nitroMySpace",
      "type": "FlowDefinition"
    },
    {
      "createdById": "0055i000005UjC4AAK",
      "createdByName": "Edsel Lita",
      "createdDate": "2022-07-27T06:47:22.000Z",
      "fileName": "flowDefinitions/Eligible_Rebates_on_Opportunity.flowDefinition",
      "fullName": "Eligible_Rebates_on_Opportunity",
      "id": "3005i000001BA5XAAW",
      "lastModifiedById": "0055i000005UjC4AAK",
      "lastModifiedByName": "Edsel Lita",
      "lastModifiedDate": "2022-07-27T06:47:22.000Z",
      "manageableState": "unmanaged",
      "namespacePrefix": "nitroMySpace",
      "type": "FlowDefinition"
    }
  ]
}