{
  "status": 0,
  "result": [
    {
      "createdById": "0055i000005UjC4AAK",
      "createdByName": "Edsel Lita",
      "createdDate": "2022-08-09T19:28:59.000Z",
      "fileName": "groups/Booking_and_Delivery_Team.group",
      "fullName": "Booking_and_Delivery_Team",
      "id": "00G5i00000137KqEAI",
      "lastModifiedById": "0055i000005UjC4AAK",
      "lastModifiedByName": "Edsel Lita",
      "lastModifiedDate": "2022-08-09T19:28:59.000Z",
      "type": "Group"
    },
    {
      "createdById": "0055i000005UjC4AAK",
      "createdByName": "Edsel Lita",
      "createdDate": "2022-08-09T19:28:07.000Z",
      "fileName": "groups/All_User.group",
      "fullName": "All_User",
      "id": "00G5i00000137KlEAI",
      "lastModifiedById": "0055i000005UjC4AAK",
      "lastModifiedByName": "Edsel Lita",
      "lastModifiedDate": "2022-08-09T19:28:07.000Z",
      "type": "Group"
    }
  ]
}