{
  "status": 0,
  "result": [
    {
      "createdById": "0055i000005UjC4AAK",
      "createdByName": "Edsel Lita",
      "createdDate": "2022-07-27T06:47:22.000Z",
      "fileName": "moderation/Badger Parts' Partner Community.Banned.keywords",
      "fullName": "Badger Parts' Partner Community.Banned",
      "id": "0LM5i000000UA12GAG",
      "lastModifiedById": "0055i000005UjC4AAK",
      "lastModifiedByName": "Edsel Lita",
      "lastModifiedDate": "2022-07-27T06:47:22.000Z",
      "type": "KeywordList"
    },
    {
      "createdById": "0055i000005UjC4AAK",
      "createdByName": "Edsel Lita",
      "createdDate": "2022-07-27T09:14:16.000Z",
      "fileName": "moderation/Nitro Motors.Banned.keywords",
      "fullName": "Nitro Motors.Banned",
      "id": "0LM5i000000UA9hGAG",
      "lastModifiedById": "0055i000005UjC4AAK",
      "lastModifiedByName": "Edsel Lita",
      "lastModifiedDate": "2022-07-27T09:14:16.000Z",
      "type": "KeywordList"
    }
  ]
}