{
  "status": 0,
  "result": [
    {
      "createdById": "0055i000005UjC4AAK",
      "createdByName": "Edsel Lita",
      "createdDate": "2022-08-04T10:09:33.000Z",
      "fileName": "lwc/banner",
      "fullName": "banner",
      "id": "0Rb5i000000vYeWCAU",
      "lastModifiedById": "0055i000005UjC4AAK",
      "lastModifiedByName": "Edsel Lita",
      "lastModifiedDate": "2022-08-09T19:46:59.000Z",
      "manageableState": "unmanaged",
      "namespacePrefix": "nitroMySpace",
      "type": "LightningComponentBundle"
    },
    {
      "createdById": "0055i000005UjC4AAK",
      "createdByName": "Edsel Lita",
      "createdDate": "2022-08-04T14:12:03.000Z",
      "fileName": "lwc/fetchRecordId",
      "fullName": "fetchRecordId",
      "id": "0Rb5i000000vZ2NCAU",
      "lastModifiedById": "0055i000005UjC4AAK",
      "lastModifiedByName": "Edsel Lita",
      "lastModifiedDate": "2022-08-09T19:50:31.000Z",
      "manageableState": "unmanaged",
      "namespacePrefix": "nitroMySpace",
      "type": "LightningComponentBundle"
    },
    {
      "createdById": "0055i000005UjC4AAK",
      "createdByName": "Edsel Lita",
      "createdDate": "2022-08-01T00:35:01.000Z",
      "fileName": "lwc/carColorPicker",
      "fullName": "carColorPicker",
      "id": "0Rb5i000000vRfACAU",
      "lastModifiedById": "0055i000005UjC4AAK",
      "lastModifiedByName": "Edsel Lita",
      "lastModifiedDate": "2022-08-08T21:46:18.000Z",
      "manageableState": "unmanaged",
      "namespacePrefix": "nitroMySpace",
      "type": "LightningComponentBundle"
    },
    {
      "createdById": "0055i000005UjC4AAK",
      "createdByName": "Edsel Lita",
      "createdDate": "2022-08-04T17:25:25.000Z",
      "fileName": "lwc/recordDetailTwoCols",
      "fullName": "recordDetailTwoCols",
      "id": "0Rb5i000000vZ50CAE",
      "lastModifiedById": "0055i000005UjC4AAK",
      "lastModifiedByName": "Edsel Lita",
      "lastModifiedDate": "2022-08-04T17:27:46.000Z",
      "manageableState": "unmanaged",
      "namespacePrefix": "nitroMySpace",
      "type": "LightningComponentBundle"
    },
    {
      "createdById": "0055i000005UjC4AAK",
      "createdByName": "Edsel Lita",
      "createdDate": "2022-08-05T00:12:08.000Z",
      "fileName": "lwc/finalPrice",
      "fullName": "finalPrice",
      "id": "0Rb5i000000vZJKCA2",
      "lastModifiedById": "0055i000005UjC4AAK",
      "lastModifiedByName": "Edsel Lita",
      "lastModifiedDate": "2022-08-05T01:15:16.000Z",
      "manageableState": "unmanaged",
      "namespacePrefix": "nitroMySpace",
      "type": "LightningComponentBundle"
    },
    {
      "createdById": "0055i000005UjC4AAK",
      "createdByName": "Edsel Lita",
      "createdDate": "2022-07-31T09:37:31.000Z",
      "fileName": "lwc/manufacturedCarModels",
      "fullName": "manufacturedCarModels",
      "id": "0Rb5i000000vR8ECAU",
      "lastModifiedById": "0055i000005UjC4AAK",
      "lastModifiedByName": "Edsel Lita",
      "lastModifiedDate": "2022-08-09T19:53:44.000Z",
      "manageableState": "unmanaged",
      "namespacePrefix": "nitroMySpace",
      "type": "LightningComponentBundle"
    },
    {
      "createdById": "0055i000005UjC4AAK",
      "createdByName": "Edsel Lita",
      "createdDate": "2022-07-31T10:56:59.000Z",
      "fileName": "lwc/qualityAssurance",
      "fullName": "qualityAssurance",
      "id": "0Rb5i000000vR8pCAE",
      "lastModifiedById": "0055i000005UjC4AAK",
      "lastModifiedByName": "Edsel Lita",
      "lastModifiedDate": "2022-08-09T19:54:27.000Z",
      "manageableState": "unmanaged",
      "namespacePrefix": "nitroMySpace",
      "type": "LightningComponentBundle"
    },
    {
      "createdById": "0055i000005UjC4AAK",
      "createdByName": "Edsel Lita",
      "createdDate": "2022-08-04T10:56:15.000Z",
      "fileName": "lwc/carouselWrapper",
      "fullName": "carouselWrapper",
      "id": "0Rb5i000000vYr8CAE",
      "lastModifiedById": "0055i000005UjC4AAK",
      "lastModifiedByName": "Edsel Lita",
      "lastModifiedDate": "2022-08-04T17:27:46.000Z",
      "manageableState": "unmanaged",
      "namespacePrefix": "nitroMySpace",
      "type": "LightningComponentBundle"
    },
    {
      "createdById": "0055i000005UjC4AAK",
      "createdByName": "Edsel Lita",
      "createdDate": "2022-08-04T11:38:14.000Z",
      "fileName": "lwc/virtualShowroomWrapper2",
      "fullName": "virtualShowroomWrapper2",
      "id": "0Rb5i000000vYs4CAE",
      "lastModifiedById": "0055i000005UjC4AAK",
      "lastModifiedByName": "Edsel Lita",
      "lastModifiedDate": "2022-08-09T19:57:15.000Z",
      "manageableState": "unmanaged",
      "namespacePrefix": "nitroMySpace",
      "type": "LightningComponentBundle"
    },
    {
      "createdById": "0055i000005UjC4AAK",
      "createdByName": "Edsel Lita",
      "createdDate": "2022-08-07T01:00:06.000Z",
      "fileName": "lwc/salesforceCodexDataTable",
      "fullName": "salesforceCodexDataTable",
      "id": "0Rb5i000000vcW9CAI",
      "lastModifiedById": "0055i000005UjC4AAK",
      "lastModifiedByName": "Edsel Lita",
      "lastModifiedDate": "2022-08-09T19:55:23.000Z",
      "manageableState": "unmanaged",
      "namespacePrefix": "nitroMySpace",
      "type": "LightningComponentBundle"
    },
    {
      "createdById": "0055i000005UjC4AAK",
      "createdByName": "Edsel Lita",
      "createdDate": "2022-07-29T04:40:58.000Z",
      "fileName": "lwc/carousel",
      "fullName": "carousel",
      "id": "0Rb5i000000vOSuCAM",
      "lastModifiedById": "0055i000005UjC4AAK",
      "lastModifiedByName": "Edsel Lita",
      "lastModifiedDate": "2022-08-09T19:47:47.000Z",
      "manageableState": "unmanaged",
      "namespacePrefix": "nitroMySpace",
      "type": "LightningComponentBundle"
    },
    {
      "createdById": "0055i000005UjC4AAK",
      "createdByName": "Edsel Lita",
      "createdDate": "2022-08-01T06:53:13.000Z",
      "fileName": "lwc/virtualShowroomWrapper",
      "fullName": "virtualShowroomWrapper",
      "id": "0Rb5i000000vS8SCAU",
      "lastModifiedById": "0055i000005UjC4AAK",
      "lastModifiedByName": "Edsel Lita",
      "lastModifiedDate": "2022-08-09T19:57:10.000Z",
      "manageableState": "unmanaged",
      "namespacePrefix": "nitroMySpace",
      "type": "LightningComponentBundle"
    },
    {
      "createdById": "0055i000005UjC4AAK",
      "createdByName": "Edsel Lita",
      "createdDate": "2022-07-31T20:09:09.000Z",
      "fileName": "lwc/digitalMarketingData",
      "fullName": "digitalMarketingData",
      "id": "0Rb5i000000vRQICA2",
      "lastModifiedById": "0055i000005UjC4AAK",
      "lastModifiedByName": "Edsel Lita",
      "lastModifiedDate": "2022-08-04T20:51:34.000Z",
      "manageableState": "unmanaged",
      "namespacePrefix": "nitroMySpace",
      "type": "LightningComponentBundle"
    },
    {
      "createdById": "0055i000005UjC4AAK",
      "createdByName": "Edsel Lita",
      "createdDate": "2022-08-04T12:33:54.000Z",
      "fileName": "lwc/searchBar",
      "fullName": "searchBar",
      "id": "0Rb5i000000vYyeCAE",
      "lastModifiedById": "0055i000005UjC4AAK",
      "lastModifiedByName": "Edsel Lita",
      "lastModifiedDate": "2022-08-09T19:55:36.000Z",
      "manageableState": "unmanaged",
      "namespacePrefix": "nitroMySpace",
      "type": "LightningComponentBundle"
    },
    {
      "createdById": "0055i000005UjC4AAK",
      "createdByName": "Edsel Lita",
      "createdDate": "2022-07-28T04:28:59.000Z",
      "fileName": "lwc/carPhotos",
      "fullName": "carPhotos",
      "id": "0Rb5i000000vMaCCAU",
      "lastModifiedById": "0055i000005UjC4AAK",
      "lastModifiedByName": "Edsel Lita",
      "lastModifiedDate": "2022-08-09T20:26:45.000Z",
      "manageableState": "unmanaged",
      "namespacePrefix": "nitroMySpace",
      "type": "LightningComponentBundle"
    },
    {
      "createdById": "0055i000005UjC4AAK",
      "createdByName": "Edsel Lita",
      "createdDate": "2022-08-06T23:50:07.000Z",
      "fileName": "lwc/imageControl",
      "fullName": "imageControl",
      "id": "0Rb5i000000vcVuCAI",
      "lastModifiedById": "0055i000005UjC4AAK",
      "lastModifiedByName": "Edsel Lita",
      "lastModifiedDate": "2022-08-09T23:02:10.000Z",
      "manageableState": "unmanaged",
      "namespacePrefix": "nitroMySpace",
      "type": "LightningComponentBundle"
    },
    {
      "createdById": "0055i000005UjC4AAK",
      "createdByName": "Edsel Lita",
      "createdDate": "2022-07-31T22:42:52.000Z",
      "fileName": "lwc/recentlyLaunchedCars",
      "fullName": "recentlyLaunchedCars",
      "id": "0Rb5i000000vRQcCAM",
      "lastModifiedById": "0055i000005UjC4AAK",
      "lastModifiedByName": "Edsel Lita",
      "lastModifiedDate": "2022-08-09T19:55:01.000Z",
      "manageableState": "unmanaged",
      "namespacePrefix": "nitroMySpace",
      "type": "LightningComponentBundle"
    },
    {
      "createdById": "0055i000005UjC4AAK",
      "createdByName": "Edsel Lita",
      "createdDate": "2022-08-01T07:54:45.000Z",
      "fileName": "lwc/virtualShowroom",
      "fullName": "virtualShowroom",
      "id": "0Rb5i000000vSAgCAM",
      "lastModifiedById": "0055i000005UjC4AAK",
      "lastModifiedByName": "Edsel Lita",
      "lastModifiedDate": "2022-08-04T17:27:46.000Z",
      "manageableState": "unmanaged",
      "namespacePrefix": "nitroMySpace",
      "type": "LightningComponentBundle"
    },
    {
      "createdById": "0055i000005UjC4AAK",
      "createdByName": "Edsel Lita",
      "createdDate": "2022-08-05T00:23:01.000Z",
      "fileName": "lwc/salesBoard",
      "fullName": "salesBoard",
      "id": "0Rb5i000000vZJPCA2",
      "lastModifiedById": "0055i000005UjC4AAK",
      "lastModifiedByName": "Edsel Lita",
      "lastModifiedDate": "2022-08-09T19:55:12.000Z",
      "manageableState": "unmanaged",
      "namespacePrefix": "nitroMySpace",
      "type": "LightningComponentBundle"
    },
    {
      "createdById": "0055i000005UjC4AAK",
      "createdByName": "Edsel Lita",
      "createdDate": "2022-07-31T12:39:31.000Z",
      "fileName": "lwc/fileUploaderCompLwc",
      "fullName": "fileUploaderCompLwc",
      "id": "0Rb5i000000vR8zCAE",
      "lastModifiedById": "0055i000005UjC4AAK",
      "lastModifiedByName": "Edsel Lita",
      "lastModifiedDate": "2022-08-09T19:50:45.000Z",
      "manageableState": "unmanaged",
      "namespacePrefix": "nitroMySpace",
      "type": "LightningComponentBundle"
    },
    {
      "createdById": "0055i000005UjC4AAK",
      "createdByName": "Edsel Lita",
      "createdDate": "2022-08-04T06:08:34.000Z",
      "fileName": "lwc/virtualShowroomTab",
      "fullName": "virtualShowroomTab",
      "id": "0Rb5i000000vYNTCA2",
      "lastModifiedById": "0055i000005UjC4AAK",
      "lastModifiedByName": "Edsel Lita",
      "lastModifiedDate": "2022-08-09T19:57:02.000Z",
      "manageableState": "unmanaged",
      "namespacePrefix": "nitroMySpace",
      "type": "LightningComponentBundle"
    },
    {
      "createdById": "0055i000005UjC4AAK",
      "createdByName": "Edsel Lita",
      "createdDate": "2022-07-27T11:13:29.000Z",
      "fileName": "lwc/carDetails",
      "fullName": "carDetails",
      "id": "0Rb5i000000vLl6CAE",
      "lastModifiedById": "0055i000005UjC4AAK",
      "lastModifiedByName": "Edsel Lita",
      "lastModifiedDate": "2022-08-08T15:21:21.000Z",
      "manageableState": "unmanaged",
      "namespacePrefix": "nitroMySpace",
      "type": "LightningComponentBundle"
    },
    {
      "createdById": "0055i000005UjC4AAK",
      "createdByName": "Edsel Lita",
      "createdDate": "2022-08-02T23:33:40.000Z",
      "fileName": "lwc/carModelWithColorPicker",
      "fullName": "carModelWithColorPicker",
      "id": "0Rb5i000000vVfDCAU",
      "lastModifiedById": "0055i000005UjC4AAK",
      "lastModifiedByName": "Edsel Lita",
      "lastModifiedDate": "2022-08-09T19:47:37.000Z",
      "manageableState": "unmanaged",
      "namespacePrefix": "nitroMySpace",
      "type": "LightningComponentBundle"
    },
    {
      "createdById": "0055i000005UjC4AAK",
      "createdByName": "Edsel Lita",
      "createdDate": "2022-08-04T23:47:02.000Z",
      "fileName": "lwc/credit",
      "fullName": "credit",
      "id": "0Rb5i000000vZJFCA2",
      "lastModifiedById": "0055i000005UjC4AAK",
      "lastModifiedByName": "Edsel Lita",
      "lastModifiedDate": "2022-08-09T19:49:43.000Z",
      "manageableState": "unmanaged",
      "namespacePrefix": "nitroMySpace",
      "type": "LightningComponentBundle"
    },
    {
      "createdById": "0055i000005UjC4AAK",
      "createdByName": "Edsel Lita",
      "createdDate": "2022-07-31T19:57:46.000Z",
      "fileName": "lwc/digitalMarketing",
      "fullName": "digitalMarketing",
      "id": "0Rb5i000000vRQDCA2",
      "lastModifiedById": "0055i000005UjC4AAK",
      "lastModifiedByName": "Edsel Lita",
      "lastModifiedDate": "2022-08-09T19:49:51.000Z",
      "manageableState": "unmanaged",
      "namespacePrefix": "nitroMySpace",
      "type": "LightningComponentBundle"
    },
    {
      "createdById": "0055i000005UjC4AAK",
      "createdByName": "Edsel Lita",
      "createdDate": "2022-08-04T17:05:13.000Z",
      "fileName": "lwc/recordPreviousNext",
      "fullName": "recordPreviousNext",
      "id": "0Rb5i000000vZ4bCAE",
      "lastModifiedById": "0055i000005UjC4AAK",
      "lastModifiedByName": "Edsel Lita",
      "lastModifiedDate": "2022-08-04T17:27:46.000Z",
      "manageableState": "unmanaged",
      "namespacePrefix": "nitroMySpace",
      "type": "LightningComponentBundle"
    },
    {
      "createdById": "0055i000005UjC4AAK",
      "createdByName": "Edsel Lita",
      "createdDate": "2022-08-09T12:45:20.000Z",
      "fileName": "lwc/ytVideo2",
      "fullName": "ytVideo2",
      "id": "0Rb5i000000vhqaCAA",
      "lastModifiedById": "0055i000005UjC4AAK",
      "lastModifiedByName": "Edsel Lita",
      "lastModifiedDate": "2022-08-09T19:57:28.000Z",
      "manageableState": "unmanaged",
      "namespacePrefix": "nitroMySpace",
      "type": "LightningComponentBundle"
    },
    {
      "createdById": "0055i000005UjC4AAK",
      "createdByName": "Edsel Lita",
      "createdDate": "2022-08-04T10:22:04.000Z",
      "fileName": "lwc/promo",
      "fullName": "promo",
      "id": "0Rb5i000000vYgwCAE",
      "lastModifiedById": "0055i000005UjC4AAK",
      "lastModifiedByName": "Edsel Lita",
      "lastModifiedDate": "2022-08-09T19:53:55.000Z",
      "manageableState": "unmanaged",
      "namespacePrefix": "nitroMySpace",
      "type": "LightningComponentBundle"
    },
    {
      "createdById": "0055i000005UjC4AAK",
      "createdByName": "Edsel Lita",
      "createdDate": "2022-08-04T13:42:24.000Z",
      "fileName": "lwc/carModelRecordView",
      "fullName": "carModelRecordView",
      "id": "0Rb5i000000vZ23CAE",
      "lastModifiedById": "0055i000005UjC4AAK",
      "lastModifiedByName": "Edsel Lita",
      "lastModifiedDate": "2022-08-09T19:47:23.000Z",
      "manageableState": "unmanaged",
      "namespacePrefix": "nitroMySpace",
      "type": "LightningComponentBundle"
    },
    {
      "createdById": "0055i000005UjC4AAK",
      "createdByName": "Edsel Lita",
      "createdDate": "2022-08-04T10:31:57.000Z",
      "fileName": "lwc/footer",
      "fullName": "footer",
      "id": "0Rb5i000000vYqVCAU",
      "lastModifiedById": "0055i000005UjC4AAK",
      "lastModifiedByName": "Edsel Lita",
      "lastModifiedDate": "2022-08-09T19:51:27.000Z",
      "manageableState": "unmanaged",
      "namespacePrefix": "nitroMySpace",
      "type": "LightningComponentBundle"
    },
    {
      "createdById": "0055i000005UjC4AAK",
      "createdByName": "Edsel Lita",
      "createdDate": "2022-07-28T05:57:51.000Z",
      "fileName": "lwc/childComponent",
      "fullName": "childComponent",
      "id": "0Rb5i000000vMooCAE",
      "lastModifiedById": "0055i000005UjC4AAK",
      "lastModifiedByName": "Edsel Lita",
      "lastModifiedDate": "2022-08-09T19:48:50.000Z",
      "manageableState": "unmanaged",
      "namespacePrefix": "nitroMySpace",
      "type": "LightningComponentBundle"
    },
    {
      "createdById": "0055i000005UjC4AAK",
      "createdByName": "Edsel Lita",
      "createdDate": "2022-08-09T12:12:20.000Z",
      "fileName": "lwc/ytVideo",
      "fullName": "ytVideo",
      "id": "0Rb5i000000vhq1CAA",
      "lastModifiedById": "0055i000005UjC4AAK",
      "lastModifiedByName": "Edsel Lita",
      "lastModifiedDate": "2022-08-09T19:57:21.000Z",
      "manageableState": "unmanaged",
      "namespacePrefix": "nitroMySpace",
      "type": "LightningComponentBundle"
    }
  ]
}