{
  "status": 0,
  "result": {
    "createdById": "0055i000005UjC4AAK",
    "createdByName": "Edsel Lita",
    "createdDate": "2022-08-09T23:57:44.000Z",
    "fileName": "lightningBolts/Nitro_Motors_Car_App.lightningBolt",
    "fullName": "Nitro_Motors_Car_App",
    "id": "0RX5i0000008PLjGAM",
    "lastModifiedById": "0055i000005UjC4AAK",
    "lastModifiedByName": "Edsel Lita",
    "lastModifiedDate": "2022-08-09T23:58:04.000Z",
    "manageableState": "unmanaged",
    "namespacePrefix": "nitroMySpace",
    "type": "LightningBolt"
  }
}