{
  "status": 0,
  "result": [
    {
      "createdById": "0055i000005UjC4AAK",
      "createdByName": "Edsel Lita",
      "createdDate": "2022-07-27T06:47:22.000Z",
      "fileName": "managedTopics/Badger Parts%27 Partner Community.managedTopics",
      "fullName": "Badger Parts%27 Partner Community",
      "id": "0DB5i000001C2UVGA0",
      "lastModifiedById": "0055i000005UjC4AAK",
      "lastModifiedByName": "Edsel Lita",
      "lastModifiedDate": "2022-08-09T14:17:38.000Z",
      "type": "ManagedTopics"
    },
    {
      "createdById": "0055i000005UjC4AAK",
      "createdByName": "Edsel Lita",
      "createdDate": "2022-07-27T09:13:38.000Z",
      "fileName": "managedTopics/Nitro Motors.managedTopics",
      "fullName": "Nitro Motors",
      "id": "0DB5i000000XbGTGA0",
      "lastModifiedById": "0055i000005UjC4AAK",
      "lastModifiedByName": "Edsel Lita",
      "lastModifiedDate": "2022-07-27T09:13:42.000Z",
      "type": "ManagedTopics"
    }
  ]
}