{
  "status": 0,
  "result": [
    {
      "createdById": "0055i000005NMYZAA4",
      "createdByName": "Automated Process",
      "createdDate": "2022-07-27T06:53:35.000Z",
      "fileName": "milestoneTypes/First Response to Customer.milestoneType",
      "fullName": "First Response to Customer",
      "id": "5575i000000H7C8AAK",
      "lastModifiedById": "0055i000005NMYZAA4",
      "lastModifiedByName": "Automated Process",
      "lastModifiedDate": "2022-07-27T06:53:35.000Z",
      "type": "MilestoneType"
    },
    {
      "createdById": "0055i000005NMYZAA4",
      "createdByName": "Automated Process",
      "createdDate": "2022-07-27T06:53:35.000Z",
      "fileName": "milestoneTypes/Close Case.milestoneType",
      "fullName": "Close Case",
      "id": "5575i000000H7CAAA0",
      "lastModifiedById": "0055i000005NMYZAA4",
      "lastModifiedByName": "Automated Process",
      "lastModifiedDate": "2022-07-27T06:53:35.000Z",
      "type": "MilestoneType"
    },
    {
      "createdById": "0055i000005NMYZAA4",
      "createdByName": "Automated Process",
      "createdDate": "2022-07-27T06:53:35.000Z",
      "fileName": "milestoneTypes/Escalate Case.milestoneType",
      "fullName": "Escalate Case",
      "id": "5575i000000H7C9AAK",
      "lastModifiedById": "0055i000005NMYZAA4",
      "lastModifiedByName": "Automated Process",
      "lastModifiedDate": "2022-07-27T06:53:35.000Z",
      "type": "MilestoneType"
    }
  ]
}