{
  "status": 0,
  "result": [
    {
      "createdById": "0055i000005UjC4AAK",
      "createdByName": "Edsel Lita",
      "createdDate": "2022-07-27T09:14:17.000Z",
      "fileName": "moderation/Nitro Motors.Flag_banned.rule",
      "fullName": "Nitro Motors.Flag_banned",
      "id": "0LJ5i000000UA9JGAW",
      "lastModifiedById": "0055i000005UjC4AAK",
      "lastModifiedByName": "Edsel Lita",
      "lastModifiedDate": "2022-07-27T09:14:17.000Z",
      "type": "ModerationRule"
    },
    {
      "createdById": "0055i000005UjC4AAK",
      "createdByName": "Edsel Lita",
      "createdDate": "2022-07-27T06:47:22.000Z",
      "fileName": "moderation/Badger Parts' Partner Community.Replace_banned.rule",
      "fullName": "Badger Parts' Partner Community.Replace_banned",
      "id": "0LJ5i000000UA0gGAG",
      "lastModifiedById": "0055i000005UjC4AAK",
      "lastModifiedByName": "Edsel Lita",
      "lastModifiedDate": "2022-07-27T06:47:22.000Z",
      "type": "ModerationRule"
    },
    {
      "createdById": "0055i000005UjC4AAK",
      "createdByName": "Edsel Lita",
      "createdDate": "2022-07-27T06:47:22.000Z",
      "fileName": "moderation/Badger Parts' Partner Community.Block_banned_keywords.rule",
      "fullName": "Badger Parts' Partner Community.Block_banned_keywords",
      "id": "0LJ5i000000UA0dGAG",
      "lastModifiedById": "0055i000005UjC4AAK",
      "lastModifiedByName": "Edsel Lita",
      "lastModifiedDate": "2022-07-27T06:47:22.000Z",
      "type": "ModerationRule"
    },
    {
      "createdById": "0055i000005UjC4AAK",
      "createdByName": "Edsel Lita",
      "createdDate": "2022-07-27T09:14:17.000Z",
      "fileName": "moderation/Nitro Motors.Replace_banned.rule",
      "fullName": "Nitro Motors.Replace_banned",
      "id": "0LJ5i000000UA9LGAW",
      "lastModifiedById": "0055i000005UjC4AAK",
      "lastModifiedByName": "Edsel Lita",
      "lastModifiedDate": "2022-07-27T09:14:17.000Z",
      "type": "ModerationRule"
    },
    {
      "createdById": "0055i000005UjC4AAK",
      "createdByName": "Edsel Lita",
      "createdDate": "2022-07-27T09:14:17.000Z",
      "fileName": "moderation/Nitro Motors.Freeze_for_frequent_posting.rule",
      "fullName": "Nitro Motors.Freeze_for_frequent_posting",
      "id": "0LJ5i000000UA9KGAW",
      "lastModifiedById": "0055i000005UjC4AAK",
      "lastModifiedByName": "Edsel Lita",
      "lastModifiedDate": "2022-07-27T09:14:17.000Z",
      "type": "ModerationRule"
    },
    {
      "createdById": "0055i000005UjC4AAK",
      "createdByName": "Edsel Lita",
      "createdDate": "2022-07-27T09:14:17.000Z",
      "fileName": "moderation/Nitro Motors.Block_banned_keywords.rule",
      "fullName": "Nitro Motors.Block_banned_keywords",
      "id": "0LJ5i000000UA9IGAW",
      "lastModifiedById": "0055i000005UjC4AAK",
      "lastModifiedByName": "Edsel Lita",
      "lastModifiedDate": "2022-07-27T09:14:17.000Z",
      "type": "ModerationRule"
    },
    {
      "createdById": "0055i000005UjC4AAK",
      "createdByName": "Edsel Lita",
      "createdDate": "2022-07-27T06:47:22.000Z",
      "fileName": "moderation/Badger Parts' Partner Community.Flag_banned.rule",
      "fullName": "Badger Parts' Partner Community.Flag_banned",
      "id": "0LJ5i000000UA0eGAG",
      "lastModifiedById": "0055i000005UjC4AAK",
      "lastModifiedByName": "Edsel Lita",
      "lastModifiedDate": "2022-07-27T06:47:22.000Z",
      "type": "ModerationRule"
    },
    {
      "createdById": "0055i000005UjC4AAK",
      "createdByName": "Edsel Lita",
      "createdDate": "2022-07-27T09:14:17.000Z",
      "fileName": "moderation/Nitro Motors.Review_the_first_post.rule",
      "fullName": "Nitro Motors.Review_the_first_post",
      "id": "0LJ5i000000UA9MGAW",
      "lastModifiedById": "0055i000005UjC4AAK",
      "lastModifiedByName": "Edsel Lita",
      "lastModifiedDate": "2022-07-27T09:14:17.000Z",
      "type": "ModerationRule"
    },
    {
      "createdById": "0055i000005UjC4AAK",
      "createdByName": "Edsel Lita",
      "createdDate": "2022-07-27T06:47:22.000Z",
      "fileName": "moderation/Badger Parts' Partner Community.Review_the_first_post.rule",
      "fullName": "Badger Parts' Partner Community.Review_the_first_post",
      "id": "0LJ5i000000UA0hGAG",
      "lastModifiedById": "0055i000005UjC4AAK",
      "lastModifiedByName": "Edsel Lita",
      "lastModifiedDate": "2022-07-27T06:47:22.000Z",
      "type": "ModerationRule"
    },
    {
      "createdById": "0055i000005UjC4AAK",
      "createdByName": "Edsel Lita",
      "createdDate": "2022-07-27T06:47:22.000Z",
      "fileName": "moderation/Badger Parts' Partner Community.Freeze_for_frequent_posting.rule",
      "fullName": "Badger Parts' Partner Community.Freeze_for_frequent_posting",
      "id": "0LJ5i000000UA0fGAG",
      "lastModifiedById": "0055i000005UjC4AAK",
      "lastModifiedByName": "Edsel Lita",
      "lastModifiedDate": "2022-07-27T06:47:22.000Z",
      "type": "ModerationRule"
    }
  ]
}