{
  "status": 0,
  "result": [
    {
      "createdById": "0055i000005UjC4AAK",
      "createdByName": "Edsel Lita",
      "createdDate": "2022-07-27T06:47:22.000Z",
      "fileName": "navigationMenus/SFDC_Default_Navigation_Badger Parts%27 Partner Community.navigationMenu",
      "fullName": "SFDC_Default_Navigation_Badger Parts%27 Partner Community",
      "id": "0Lm5i000000XexhCAC",
      "lastModifiedById": "0055i000005UjC4AAK",
      "lastModifiedByName": "Edsel Lita",
      "lastModifiedDate": "2022-07-27T06:47:22.000Z",
      "manageableState": "unmanaged",
      "namespacePrefix": "nitroMySpace",
      "type": "NavigationMenu"
    },
    {
      "createdById": "0055i000005UjC4AAK",
      "createdByName": "Edsel Lita",
      "createdDate": "2022-07-27T09:13:39.000Z",
      "fileName": "navigationMenus/SFDC_Default_Navigation_Nitro Motors.navigationMenu",
      "fullName": "SFDC_Default_Navigation_Nitro Motors",
      "id": "0Lm5i000000XeyGCAS",
      "lastModifiedById": "0055i000005UjC4AAK",
      "lastModifiedByName": "Edsel Lita",
      "lastModifiedDate": "2022-07-27T09:13:39.000Z",
      "manageableState": "unmanaged",
      "namespacePrefix": "nitroMySpace",
      "type": "NavigationMenu"
    }
  ]
}