{
  "status": 0,
  "result": [
    {
      "createdById": "0055i000005UjC4AAK",
      "createdByName": "Edsel Lita",
      "createdDate": "2022-07-27T09:13:38.000Z",
      "fileName": "networkBranding/cbNitro_Motors.networkBranding",
      "fullName": "cbNitro_Motors",
      "id": "07W5i000000bmZcEAI",
      "lastModifiedById": "0055i000005UjC4AAK",
      "lastModifiedByName": "Edsel Lita",
      "lastModifiedDate": "2022-07-27T09:13:38.000Z",
      "type": "NetworkBranding"
    },
    {
      "createdById": "0055i000005UjC4AAK",
      "createdByName": "Edsel Lita",
      "createdDate": "2022-07-27T06:47:22.000Z",
      "fileName": "networkBranding/cbBadger_Parts_Partner_Community.networkBranding",
      "fullName": "cbBadger_Parts_Partner_Community",
      "id": "07W5i0000001s2rEAA",
      "lastModifiedById": "0055i000005UjC4AAK",
      "lastModifiedByName": "Edsel Lita",
      "lastModifiedDate": "2022-07-27T06:47:22.000Z",
      "type": "NetworkBranding"
    }
  ]
}