{
  "status": 0,
  "result": [
    {
      "createdById": "0055i000005UjC4AAK",
      "createdByName": "Edsel Lita",
      "createdDate": "2022-07-30T08:03:06.000Z",
      "fileName": "pathAssistants/Automotive_Design_and_Manufacture.pathAssistant",
      "fullName": "Automotive_Design_and_Manufacture",
      "id": "1CP5i000000ocDBGAY",
      "lastModifiedById": "0055i000005UjC4AAK",
      "lastModifiedByName": "Edsel Lita",
      "lastModifiedDate": "2022-08-07T22:52:37.000Z",
      "manageableState": "unmanaged",
      "namespacePrefix": "nitroMySpace",
      "type": "PathAssistant"
    },
    {
      "createdById": "0055i000005UjC4AAK",
      "createdByName": "Edsel Lita",
      "createdDate": "2022-08-07T21:48:20.000Z",
      "fileName": "pathAssistants/Booking_and_Delivery_Monitoring.pathAssistant",
      "fullName": "Booking_and_Delivery_Monitoring",
      "id": "1CP5i000000odDCGAY",
      "lastModifiedById": "0055i000005UjC4AAK",
      "lastModifiedByName": "Edsel Lita",
      "lastModifiedDate": "2022-08-09T19:15:12.000Z",
      "manageableState": "unmanaged",
      "namespacePrefix": "nitroMySpace",
      "type": "PathAssistant"
    }
  ]
}