{
  "status": 0,
  "result": [
    {
      "createdById": "0055i000005UjC4AAK",
      "createdByName": "Edsel Lita",
      "createdDate": "2022-07-27T06:47:22.000Z",
      "fileName": "profileSessionSettings/PT1_profileSessionSetting1637843196673.profileSessionSetting",
      "fullName": "PT1_profileSessionSetting1637843196673",
      "id": "0HU5i000000PgzfGAC",
      "lastModifiedById": "0055i000005UjC4AAK",
      "lastModifiedByName": "Edsel Lita",
      "lastModifiedDate": "2022-07-27T06:47:22.000Z",
      "manageableState": "unmanaged",
      "namespacePrefix": "nitroMySpace",
      "type": "ProfileSessionSetting"
    },
    {
      "createdById": "0055i000005UjC4AAK",
      "createdByName": "Edsel Lita",
      "createdDate": "2022-07-31T06:50:01.000Z",
      "fileName": "profileSessionSettings/null_profileSessionSetting1659250201880.profileSessionSetting",
      "fullName": "null_profileSessionSetting1659250201880",
      "id": "0HU5i000000PiLMGA0",
      "lastModifiedById": "0055i000005UjC4AAK",
      "lastModifiedByName": "Edsel Lita",
      "lastModifiedDate": "2022-07-31T06:50:01.000Z",
      "manageableState": "unmanaged",
      "namespacePrefix": "nitroMySpace",
      "type": "ProfileSessionSetting"
    },
    {
      "createdById": "0055i000005UjC4AAK",
      "createdByName": "Edsel Lita",
      "createdDate": "2022-07-31T23:21:01.000Z",
      "fileName": "profileSessionSettings/null_profileSessionSetting1659309661296.profileSessionSetting",
      "fullName": "null_profileSessionSetting1659309661296",
      "id": "0HU5i000000PiSdGAK",
      "lastModifiedById": "0055i000005UjC4AAK",
      "lastModifiedByName": "Edsel Lita",
      "lastModifiedDate": "2022-07-31T23:21:01.000Z",
      "manageableState": "unmanaged",
      "namespacePrefix": "nitroMySpace",
      "type": "ProfileSessionSetting"
    },
    {
      "createdById": "0055i000005UjC4AAK",
      "createdByName": "Edsel Lita",
      "createdDate": "2022-07-31T06:54:14.000Z",
      "fileName": "profileSessionSettings/null_profileSessionSetting1659250454303.profileSessionSetting",
      "fullName": "null_profileSessionSetting1659250454303",
      "id": "0HU5i000000PiLRGA0",
      "lastModifiedById": "0055i000005UjC4AAK",
      "lastModifiedByName": "Edsel Lita",
      "lastModifiedDate": "2022-07-31T06:54:14.000Z",
      "manageableState": "unmanaged",
      "namespacePrefix": "nitroMySpace",
      "type": "ProfileSessionSetting"
    },
    {
      "createdById": "0055i000005UjC4AAK",
      "createdByName": "Edsel Lita",
      "createdDate": "2022-08-04T09:23:13.000Z",
      "fileName": "profileSessionSettings/null_profileSessionSetting1659604993687.profileSessionSetting",
      "fullName": "null_profileSessionSetting1659604993687",
      "id": "0HU5i000000PjsDGAS",
      "lastModifiedById": "0055i000005UjC4AAK",
      "lastModifiedByName": "Edsel Lita",
      "lastModifiedDate": "2022-08-04T09:23:13.000Z",
      "manageableState": "unmanaged",
      "namespacePrefix": "nitroMySpace",
      "type": "ProfileSessionSetting"
    },
    {
      "createdById": "0055i000005UjC4AAK",
      "createdByName": "Edsel Lita",
      "createdDate": "2022-08-04T09:12:08.000Z",
      "fileName": "profileSessionSettings/null_profileSessionSetting1659604328688.profileSessionSetting",
      "fullName": "null_profileSessionSetting1659604328688",
      "id": "0HU5i000000PjrtGAC",
      "lastModifiedById": "0055i000005UjC4AAK",
      "lastModifiedByName": "Edsel Lita",
      "lastModifiedDate": "2022-08-04T09:12:08.000Z",
      "manageableState": "unmanaged",
      "namespacePrefix": "nitroMySpace",
      "type": "ProfileSessionSetting"
    },
    {
      "createdById": "0055i000005UjC4AAK",
      "createdByName": "Edsel Lita",
      "createdDate": "2022-07-27T06:47:22.000Z",
      "fileName": "profileSessionSettings/Partner_User_profileSessionSetting1636989407943.profileSessionSetting",
      "fullName": "Partner_User_profileSessionSetting1636989407943",
      "id": "0HU5i000000PgzeGAC",
      "lastModifiedById": "0055i000005UjC4AAK",
      "lastModifiedByName": "Edsel Lita",
      "lastModifiedDate": "2022-07-27T06:47:22.000Z",
      "manageableState": "unmanaged",
      "namespacePrefix": "nitroMySpace",
      "type": "ProfileSessionSetting"
    },
    {
      "createdById": "0055i000005UjC4AAK",
      "createdByName": "Edsel Lita",
      "createdDate": "2022-07-30T11:34:38.000Z",
      "fileName": "profileSessionSettings/null_profileSessionSetting1659180878586.profileSessionSetting",
      "fullName": "null_profileSessionSetting1659180878586",
      "id": "0HU5i000000Pi9kGAC",
      "lastModifiedById": "0055i000005UjC4AAK",
      "lastModifiedByName": "Edsel Lita",
      "lastModifiedDate": "2022-07-30T11:34:38.000Z",
      "manageableState": "unmanaged",
      "namespacePrefix": "nitroMySpace",
      "type": "ProfileSessionSetting"
    },
    {
      "createdById": "0055i000005UjC4AAK",
      "createdByName": "Edsel Lita",
      "createdDate": "2022-08-04T09:39:54.000Z",
      "fileName": "profileSessionSettings/null_profileSessionSetting1659605994066.profileSessionSetting",
      "fullName": "null_profileSessionSetting1659605994066",
      "id": "0HU5i000000PjtLGAS",
      "lastModifiedById": "0055i000005UjC4AAK",
      "lastModifiedByName": "Edsel Lita",
      "lastModifiedDate": "2022-08-04T09:39:54.000Z",
      "manageableState": "unmanaged",
      "namespacePrefix": "nitroMySpace",
      "type": "ProfileSessionSetting"
    },
    {
      "createdById": "0055i000005UjC4AAK",
      "createdByName": "Edsel Lita",
      "createdDate": "2022-07-31T23:33:36.000Z",
      "fileName": "profileSessionSettings/null_profileSessionSetting1659310415891.profileSessionSetting",
      "fullName": "null_profileSessionSetting1659310415891",
      "id": "0HU5i000000PiSxGAK",
      "lastModifiedById": "0055i000005UjC4AAK",
      "lastModifiedByName": "Edsel Lita",
      "lastModifiedDate": "2022-07-31T23:33:36.000Z",
      "manageableState": "unmanaged",
      "namespacePrefix": "nitroMySpace",
      "type": "ProfileSessionSetting"
    }
  ]
}