{
  "status": 0,
  "result": [
    {
      "createdById": "0055i000005UjC4AAK",
      "createdByName": "Edsel Lita",
      "createdDate": "2022-07-31T06:50:01.000Z",
      "fileName": "profilePasswordPolicies/Factory_Executive_Profile_profilePasswordPolicy1659250201854.profilePasswordPolicy",
      "fullName": "Factory_Executive_Profile_profilePasswordPolicy1659250201854",
      "id": "0HV5i000000PixFGAS",
      "lastModifiedById": "0055i000005UjC4AAK",
      "lastModifiedByName": "Edsel Lita",
      "lastModifiedDate": "2022-07-31T06:50:01.000Z",
      "manageableState": "unmanaged",
      "namespacePrefix": "nitroMySpace",
      "type": "ProfilePasswordPolicy"
    },
    {
      "createdById": "0055i000005UjC4AAK",
      "createdByName": "Edsel Lita",
      "createdDate": "2022-07-31T23:21:01.000Z",
      "fileName": "profilePasswordPolicies/Sales_Executive_Profile_profilePasswordPolicy1659309661266.profilePasswordPolicy",
      "fullName": "Sales_Executive_Profile_profilePasswordPolicy1659309661266",
      "id": "0HV5i000000Pj4WGAS",
      "lastModifiedById": "0055i000005UjC4AAK",
      "lastModifiedByName": "Edsel Lita",
      "lastModifiedDate": "2022-07-31T23:21:01.000Z",
      "manageableState": "unmanaged",
      "namespacePrefix": "nitroMySpace",
      "type": "ProfilePasswordPolicy"
    },
    {
      "createdById": "0055i000005UjC4AAK",
      "createdByName": "Edsel Lita",
      "createdDate": "2022-07-31T06:54:14.000Z",
      "fileName": "profilePasswordPolicies/Quality_Analyst_Profile_profilePasswordPolicy1659250454278.profilePasswordPolicy",
      "fullName": "Quality_Analyst_Profile_profilePasswordPolicy1659250454278",
      "id": "0HV5i000000PixKGAS",
      "lastModifiedById": "0055i000005UjC4AAK",
      "lastModifiedByName": "Edsel Lita",
      "lastModifiedDate": "2022-07-31T06:54:14.000Z",
      "manageableState": "unmanaged",
      "namespacePrefix": "nitroMySpace",
      "type": "ProfilePasswordPolicy"
    },
    {
      "createdById": "0055i000005UjC4AAK",
      "createdByName": "Edsel Lita",
      "createdDate": "2022-08-04T09:12:08.000Z",
      "fileName": "profilePasswordPolicies/Sales_User_profilePasswordPolicy1659604328580.profilePasswordPolicy",
      "fullName": "Sales_User_profilePasswordPolicy1659604328580",
      "id": "0HV5i000000PkUhGAK",
      "lastModifiedById": "0055i000005UjC4AAK",
      "lastModifiedByName": "Edsel Lita",
      "lastModifiedDate": "2022-08-04T09:12:08.000Z",
      "manageableState": "unmanaged",
      "namespacePrefix": "nitroMySpace",
      "type": "ProfilePasswordPolicy"
    },
    {
      "createdById": "0055i000005UjC4AAK",
      "createdByName": "Edsel Lita",
      "createdDate": "2022-07-27T06:47:22.000Z",
      "fileName": "profilePasswordPolicies/PT1_profilePasswordPolicy1637843196550.profilePasswordPolicy",
      "fullName": "PT1_profilePasswordPolicy1637843196550",
      "id": "0HV5i000000PhbDGAS",
      "lastModifiedById": "0055i000005UjC4AAK",
      "lastModifiedByName": "Edsel Lita",
      "lastModifiedDate": "2022-07-27T06:47:22.000Z",
      "manageableState": "unmanaged",
      "namespacePrefix": "nitroMySpace",
      "type": "ProfilePasswordPolicy"
    },
    {
      "createdById": "0055i000005UjC4AAK",
      "createdByName": "Edsel Lita",
      "createdDate": "2022-08-04T09:23:13.000Z",
      "fileName": "profilePasswordPolicies/Car_Dealer_profilePasswordPolicy1659604993661.profilePasswordPolicy",
      "fullName": "Car_Dealer_profilePasswordPolicy1659604993661",
      "id": "0HV5i000000PkV1GAK",
      "lastModifiedById": "0055i000005UjC4AAK",
      "lastModifiedByName": "Edsel Lita",
      "lastModifiedDate": "2022-08-04T09:23:13.000Z",
      "manageableState": "unmanaged",
      "namespacePrefix": "nitroMySpace",
      "type": "ProfilePasswordPolicy"
    },
    {
      "createdById": "0055i000005UjC4AAK",
      "createdByName": "Edsel Lita",
      "createdDate": "2022-07-27T06:47:22.000Z",
      "fileName": "profilePasswordPolicies/Partner_User_profilePasswordPolicy1636989407842.profilePasswordPolicy",
      "fullName": "Partner_User_profilePasswordPolicy1636989407842",
      "id": "0HV5i000000PhbCGAS",
      "lastModifiedById": "0055i000005UjC4AAK",
      "lastModifiedByName": "Edsel Lita",
      "lastModifiedDate": "2022-07-27T06:47:22.000Z",
      "manageableState": "unmanaged",
      "namespacePrefix": "nitroMySpace",
      "type": "ProfilePasswordPolicy"
    },
    {
      "createdById": "0055i000005UjC4AAK",
      "createdByName": "Edsel Lita",
      "createdDate": "2022-07-31T23:33:35.000Z",
      "fileName": "profilePasswordPolicies/Customer_Profile_profilePasswordPolicy1659310415867.profilePasswordPolicy",
      "fullName": "Customer_Profile_profilePasswordPolicy1659310415867",
      "id": "0HV5i000000Pj4qGAC",
      "lastModifiedById": "0055i000005UjC4AAK",
      "lastModifiedByName": "Edsel Lita",
      "lastModifiedDate": "2022-07-31T23:33:35.000Z",
      "manageableState": "unmanaged",
      "namespacePrefix": "nitroMySpace",
      "type": "ProfilePasswordPolicy"
    },
    {
      "createdById": "0055i000005UjC4AAK",
      "createdByName": "Edsel Lita",
      "createdDate": "2022-07-30T11:34:38.000Z",
      "fileName": "profilePasswordPolicies/Company_Executive_profilePasswordPolicy1659180878563.profilePasswordPolicy",
      "fullName": "Company_Executive_profilePasswordPolicy1659180878563",
      "id": "0HV5i000000PildGAC",
      "lastModifiedById": "0055i000005UjC4AAK",
      "lastModifiedByName": "Edsel Lita",
      "lastModifiedDate": "2022-07-30T11:34:38.000Z",
      "manageableState": "unmanaged",
      "namespacePrefix": "nitroMySpace",
      "type": "ProfilePasswordPolicy"
    },
    {
      "createdById": "0055i000005UjC4AAK",
      "createdByName": "Edsel Lita",
      "createdDate": "2022-08-04T09:39:54.000Z",
      "fileName": "profilePasswordPolicies/Regional_Head_Profile_profilePasswordPolicy1659605994018.profilePasswordPolicy",
      "fullName": "Regional_Head_Profile_profilePasswordPolicy1659605994018",
      "id": "0HV5i000000PkW9GAK",
      "lastModifiedById": "0055i000005UjC4AAK",
      "lastModifiedByName": "Edsel Lita",
      "lastModifiedDate": "2022-08-04T09:39:54.000Z",
      "manageableState": "unmanaged",
      "namespacePrefix": "nitroMySpace",
      "type": "ProfilePasswordPolicy"
    }
  ]
}