{
  "status": 0,
  "result": {
    "createdById": "0055i000005UjC4AAK",
    "createdByName": "Edsel Lita",
    "createdDate": "2022-07-27T06:47:22.000Z",
    "fileName": "remoteSiteSettings/ApexDevNet.remoteSite",
    "fullName": "ApexDevNet",
    "id": "0rp5i000001DiqQAAS",
    "lastModifiedById": "0055i000005UjC4AAK",
    "lastModifiedByName": "Edsel Lita",
    "lastModifiedDate": "2022-07-27T06:47:22.000Z",
    "manageableState": "unmanaged",
    "namespacePrefix": "nitroMySpace",
    "type": "RemoteSiteSetting"
  }
}