{
  "status": 0,
  "result": [
    {
      "createdById": "0055i000005NMYZAA4",
      "createdByName": "Automated Process",
      "createdDate": "2022-07-27T06:47:22.000Z",
      "fileName": "reports/EinsteinBotReports",
      "fullName": "EinsteinBotReports",
      "id": "00l5i000001wTF2AAM",
      "lastModifiedById": "0055i000005NMYZAA4",
      "lastModifiedByName": "Automated Process",
      "lastModifiedDate": "2022-07-27T06:47:22.000Z",
      "manageableState": "unmanaged",
      "namespacePrefix": "nitroMySpace",
      "type": "ReportFolder"
    },
    {
      "createdById": "0055i000005NMYZAA4",
      "createdByName": "Automated Process",
      "createdDate": "2022-07-27T06:47:22.000Z",
      "fileName": "reports/EinsteinBotReports_v2",
      "fullName": "EinsteinBotReports_v2",
      "id": "00l5i000001wTF1AAM",
      "lastModifiedById": "0055i000005NMYZAA4",
      "lastModifiedByName": "Automated Process",
      "lastModifiedDate": "2022-07-27T06:47:22.000Z",
      "manageableState": "unmanaged",
      "namespacePrefix": "nitroMySpace",
      "type": "ReportFolder"
    },
    {
      "createdById": "0055i000005UjC4AAK",
      "createdByName": "Edsel Lita",
      "createdDate": "1970-01-01T00:00:00.000Z",
      "fileName": "unfiled$public",
      "fullName": "unfiled$public",
      "id": "",
      "lastModifiedById": "0055i000005UjC4AAK",
      "lastModifiedByName": "Edsel Lita",
      "lastModifiedDate": "1970-01-01T00:00:00.000Z",
      "manageableState": "unmanaged",
      "namespacePrefix": "",
      "type": "ReportFolder"
    }
  ]
}