{
  "status": 0,
  "result": [
    {
      "createdById": "0055i000005UjC4AAK",
      "createdByName": "Edsel Lita",
      "createdDate": "2022-07-27T08:20:17.000Z",
      "fileName": "reportTypes/Cars_with_Car_Models_with_Car_Bookings.reportType",
      "fullName": "Cars_with_Car_Models_with_Car_Bookings",
      "id": "0705i000000Ti9VAAS",
      "lastModifiedById": "0055i000005UjC4AAK",
      "lastModifiedByName": "Edsel Lita",
      "lastModifiedDate": "2022-07-27T08:20:17.000Z",
      "manageableState": "unmanaged",
      "namespacePrefix": "nitroMySpace",
      "type": "ReportType"
    },
    {
      "createdById": "0055i000005NMYZAA4",
      "createdByName": "Automated Process",
      "createdDate": "2022-07-27T06:47:22.000Z",
      "fileName": "reportTypes/screen_flows_prebuilt_crt.reportType",
      "fullName": "screen_flows_prebuilt_crt",
      "id": "0705i000001GZmUAAW",
      "lastModifiedById": "0055i000005NMYZAA4",
      "lastModifiedByName": "Automated Process",
      "lastModifiedDate": "2022-07-27T06:47:22.000Z",
      "manageableState": "unmanaged",
      "namespacePrefix": "nitroMySpace",
      "type": "ReportType"
    }
  ]
}