{
  "status": 0,
  "result": [
    {
      "createdById": "0055i000005UjC4AAK",
      "createdByName": "Edsel Lita",
      "createdDate": "1970-01-01T00:00:00.000Z",
      "fileName": "roles/Territory_Manager.role",
      "fullName": "Territory_Manager",
      "id": "00E5i000001rGJWEA2",
      "lastModifiedById": "0055i000005UjC4AAK",
      "lastModifiedByName": "Edsel Lita",
      "lastModifiedDate": "2022-07-27T06:47:22.000Z",
      "type": "Role"
    },
    {
      "createdById": "0055i000005UjC4AAK",
      "createdByName": "Edsel Lita",
      "createdDate": "1970-01-01T00:00:00.000Z",
      "fileName": "roles/Account_Manager.role",
      "fullName": "Account_Manager",
      "id": "00E5i000001rGJYEA2",
      "lastModifiedById": "0055i000005UjC4AAK",
      "lastModifiedByName": "Edsel Lita",
      "lastModifiedDate": "2022-07-27T06:47:22.000Z",
      "type": "Role"
    },
    {
      "createdById": "0055i000005UjC4AAK",
      "createdByName": "Edsel Lita",
      "createdDate": "1970-01-01T00:00:00.000Z",
      "fileName": "roles/CustomerSupportNorthAmerica.role",
      "fullName": "CustomerSupportNorthAmerica",
      "id": "00E5i000001rGJgEAM",
      "lastModifiedById": "0055i000005UjC4AAK",
      "lastModifiedByName": "Edsel Lita",
      "lastModifiedDate": "2022-07-27T06:47:22.000Z",
      "type": "Role"
    },
    {
      "createdById": "0055i000005UjC4AAK",
      "createdByName": "Edsel Lita",
      "createdDate": "1970-01-01T00:00:00.000Z",
      "fileName": "roles/CFO.role",
      "fullName": "CFO",
      "id": "00E5i000001rGJeEAM",
      "lastModifiedById": "0055i000005UjC4AAK",
      "lastModifiedByName": "Edsel Lita",
      "lastModifiedDate": "2022-07-27T06:47:22.000Z",
      "type": "Role"
    },
    {
      "createdById": "0055i000005UjC4AAK",
      "createdByName": "Edsel Lita",
      "createdDate": "1970-01-01T00:00:00.000Z",
      "fileName": "roles/InstallationRepairServices.role",
      "fullName": "InstallationRepairServices",
      "id": "00E5i000001rGJjEAM",
      "lastModifiedById": "0055i000005UjC4AAK",
      "lastModifiedByName": "Edsel Lita",
      "lastModifiedDate": "2022-07-27T06:47:22.000Z",
      "type": "Role"
    },
    {
      "createdById": "0055i000005UjC4AAK",
      "createdByName": "Edsel Lita",
      "createdDate": "1970-01-01T00:00:00.000Z",
      "fileName": "roles/WesternSalesTeam.role",
      "fullName": "WesternSalesTeam",
      "id": "00E5i000001rGJfEAM",
      "lastModifiedById": "0055i000005UjC4AAK",
      "lastModifiedByName": "Edsel Lita",
      "lastModifiedDate": "2022-07-27T06:47:22.000Z",
      "type": "Role"
    },
    {
      "createdById": "0055i000005UjC4AAK",
      "createdByName": "Edsel Lita",
      "createdDate": "1970-01-01T00:00:00.000Z",
      "fileName": "roles/SVPCustomerServiceSupport.role",
      "fullName": "SVPCustomerServiceSupport",
      "id": "00E5i000001rGJcEAM",
      "lastModifiedById": "0055i000005UjC4AAK",
      "lastModifiedByName": "Edsel Lita",
      "lastModifiedDate": "2022-07-27T06:47:22.000Z",
      "type": "Role"
    },
    {
      "createdById": "0055i000005UjC4AAK",
      "createdByName": "Edsel Lita",
      "createdDate": "1970-01-01T00:00:00.000Z",
      "fileName": "roles/VPMarketing.role",
      "fullName": "VPMarketing",
      "id": "00E5i000001rGJbEAM",
      "lastModifiedById": "0055i000005UjC4AAK",
      "lastModifiedByName": "Edsel Lita",
      "lastModifiedDate": "2022-07-27T06:47:22.000Z",
      "type": "Role"
    },
    {
      "createdById": "0055i000005UjC4AAK",
      "createdByName": "Edsel Lita",
      "createdDate": "1970-01-01T00:00:00.000Z",
      "fileName": "roles/DirectorDirectSales.role",
      "fullName": "DirectorDirectSales",
      "id": "00E5i000001rGJVEA2",
      "lastModifiedById": "0055i000005UjC4AAK",
      "lastModifiedByName": "Edsel Lita",
      "lastModifiedDate": "2022-07-27T06:47:22.000Z",
      "type": "Role"
    },
    {
      "createdById": "0055i000005UjC4AAK",
      "createdByName": "Edsel Lita",
      "createdDate": "1970-01-01T00:00:00.000Z",
      "fileName": "roles/MarketingTeam.role",
      "fullName": "MarketingTeam",
      "id": "00E5i000001rGJiEAM",
      "lastModifiedById": "0055i000005UjC4AAK",
      "lastModifiedByName": "Edsel Lita",
      "lastModifiedDate": "2022-07-27T06:47:22.000Z",
      "type": "Role"
    },
    {
      "createdById": "0055i000005UjC4AAK",
      "createdByName": "Edsel Lita",
      "createdDate": "1970-01-01T00:00:00.000Z",
      "fileName": "roles/CEO.role",
      "fullName": "CEO",
      "id": "00E5i000001rGJUEA2",
      "lastModifiedById": "0055i000005UjC4AAK",
      "lastModifiedByName": "Edsel Lita",
      "lastModifiedDate": "2022-07-27T06:47:22.000Z",
      "type": "Role"
    },
    {
      "createdById": "0055i000005UjC4AAK",
      "createdByName": "Edsel Lita",
      "createdDate": "1970-01-01T00:00:00.000Z",
      "fileName": "roles/SVPSalesMarketing.role",
      "fullName": "SVPSalesMarketing",
      "id": "00E5i000001rGJZEA2",
      "lastModifiedById": "0055i000005UjC4AAK",
      "lastModifiedByName": "Edsel Lita",
      "lastModifiedDate": "2022-07-27T06:47:22.000Z",
      "type": "Role"
    },
    {
      "createdById": "0055i000005UjC4AAK",
      "createdByName": "Edsel Lita",
      "createdDate": "1970-01-01T00:00:00.000Z",
      "fileName": "roles/COO.role",
      "fullName": "COO",
      "id": "00E5i000001rGJoEAM",
      "lastModifiedById": "0055i000005UjC4AAK",
      "lastModifiedByName": "Edsel Lita",
      "lastModifiedDate": "2022-07-27T06:47:22.000Z",
      "type": "Role"
    },
    {
      "createdById": "0055i000005UjC4AAK",
      "createdByName": "Edsel Lita",
      "createdDate": "1970-01-01T00:00:00.000Z",
      "fileName": "roles/ChannelSalesTeam.role",
      "fullName": "ChannelSalesTeam",
      "id": "00E5i000001rGJhEAM",
      "lastModifiedById": "0055i000005UjC4AAK",
      "lastModifiedByName": "Edsel Lita",
      "lastModifiedDate": "2022-07-27T06:47:22.000Z",
      "type": "Role"
    },
    {
      "createdById": "0055i000005UjC4AAK",
      "createdByName": "Edsel Lita",
      "createdDate": "1970-01-01T00:00:00.000Z",
      "fileName": "roles/VPNorthAmericanSales.role",
      "fullName": "VPNorthAmericanSales",
      "id": "00E5i000001rGJaEAM",
      "lastModifiedById": "0055i000005UjC4AAK",
      "lastModifiedByName": "Edsel Lita",
      "lastModifiedDate": "2022-07-27T06:47:22.000Z",
      "type": "Role"
    },
    {
      "createdById": "0055i000005UjC4AAK",
      "createdByName": "Edsel Lita",
      "createdDate": "1970-01-01T00:00:00.000Z",
      "fileName": "roles/SVPHumanResources.role",
      "fullName": "SVPHumanResources",
      "id": "00E5i000001rGJnEAM",
      "lastModifiedById": "0055i000005UjC4AAK",
      "lastModifiedByName": "Edsel Lita",
      "lastModifiedDate": "2022-07-27T06:47:22.000Z",
      "type": "Role"
    },
    {
      "createdById": "0055i000005UjC4AAK",
      "createdByName": "Edsel Lita",
      "createdDate": "1970-01-01T00:00:00.000Z",
      "fileName": "roles/DirectorChannelSales.role",
      "fullName": "DirectorChannelSales",
      "id": "00E5i000001rGJdEAM",
      "lastModifiedById": "0055i000005UjC4AAK",
      "lastModifiedByName": "Edsel Lita",
      "lastModifiedDate": "2022-07-27T06:47:22.000Z",
      "type": "Role"
    },
    {
      "createdById": "0055i000005UjC4AAK",
      "createdByName": "Edsel Lita",
      "createdDate": "1970-01-01T00:00:00.000Z",
      "fileName": "roles/Sales_Executive.role",
      "fullName": "Sales_Executive",
      "id": "00E5i000001rGJXEA2",
      "lastModifiedById": "0055i000005UjC4AAK",
      "lastModifiedByName": "Edsel Lita",
      "lastModifiedDate": "2022-07-27T06:47:22.000Z",
      "type": "Role"
    },
    {
      "createdById": "0055i000005UjC4AAK",
      "createdByName": "Edsel Lita",
      "createdDate": "1970-01-01T00:00:00.000Z",
      "fileName": "roles/CustomerSupportInternational.role",
      "fullName": "CustomerSupportInternational",
      "id": "00E5i000001rGJlEAM",
      "lastModifiedById": "0055i000005UjC4AAK",
      "lastModifiedByName": "Edsel Lita",
      "lastModifiedDate": "2022-07-27T06:47:22.000Z",
      "type": "Role"
    },
    {
      "createdById": "0055i000005UjC4AAK",
      "createdByName": "Edsel Lita",
      "createdDate": "1970-01-01T00:00:00.000Z",
      "fileName": "roles/EasternSalesTeam.role",
      "fullName": "EasternSalesTeam",
      "id": "00E5i000001rGJkEAM",
      "lastModifiedById": "0055i000005UjC4AAK",
      "lastModifiedByName": "Edsel Lita",
      "lastModifiedDate": "2022-07-27T06:47:22.000Z",
      "type": "Role"
    },
    {
      "createdById": "0055i000005UjC4AAK",
      "createdByName": "Edsel Lita",
      "createdDate": "1970-01-01T00:00:00.000Z",
      "fileName": "roles/VPInternationalSales.role",
      "fullName": "VPInternationalSales",
      "id": "00E5i000001rGJmEAM",
      "lastModifiedById": "0055i000005UjC4AAK",
      "lastModifiedByName": "Edsel Lita",
      "lastModifiedDate": "2022-07-27T06:47:22.000Z",
      "type": "Role"
    }
  ]
}