{
  "status": 0,
  "result": [
    {
      "createdById": "0055i000005UjC4AAK",
      "createdByName": "Edsel Lita",
      "createdDate": "2022-07-29T11:45:16.000Z",
      "fileName": "staticresources/car_resource.resource",
      "fullName": "car_resource",
      "id": "0815i000000u1ZSAAY",
      "lastModifiedById": "0055i000005UjC4AAK",
      "lastModifiedByName": "Edsel Lita",
      "lastModifiedDate": "2022-07-29T11:45:16.000Z",
      "manageableState": "unmanaged",
      "namespacePrefix": "nitroMySpace",
      "type": "StaticResource"
    },
    {
      "createdById": "0055i000005UjC4AAK",
      "createdByName": "Edsel Lita",
      "createdDate": "2022-08-07T11:14:05.000Z",
      "fileName": "staticresources/customize.resource",
      "fullName": "customize",
      "id": "0815i000000u7FMAAY",
      "lastModifiedById": "0055i000005UjC4AAK",
      "lastModifiedByName": "Edsel Lita",
      "lastModifiedDate": "2022-08-07T11:14:05.000Z",
      "manageableState": "unmanaged",
      "namespacePrefix": "nitroMySpace",
      "type": "StaticResource"
    },
    {
      "createdById": "0055i000005UjC4AAK",
      "createdByName": "Edsel Lita",
      "createdDate": "2022-08-01T06:49:53.000Z",
      "fileName": "staticresources/showroom_img.resource",
      "fullName": "showroom_img",
      "id": "0815i000000u2UOAAY",
      "lastModifiedById": "0055i000005UjC4AAK",
      "lastModifiedByName": "Edsel Lita",
      "lastModifiedDate": "2022-08-01T06:49:53.000Z",
      "manageableState": "unmanaged",
      "namespacePrefix": "nitroMySpace",
      "type": "StaticResource"
    },
    {
      "createdById": "0055i000005UjC4AAK",
      "createdByName": "Edsel Lita",
      "createdDate": "2022-07-30T10:30:57.000Z",
      "fileName": "staticresources/RHG__RecordHunterLib.resource",
      "fullName": "RHG__RecordHunterLib",
      "id": "0815i000000u1gyAAA",
      "lastModifiedById": "0055i000005UjC4AAK",
      "lastModifiedByName": "Edsel Lita",
      "lastModifiedDate": "2022-07-30T10:30:57.000Z",
      "manageableState": "installed",
      "namespacePrefix": "RHG",
      "type": "StaticResource"
    },
    {
      "createdById": "0055i000005UjC4AAK",
      "createdByName": "Edsel Lita",
      "createdDate": "2022-08-01T00:49:41.000Z",
      "fileName": "staticresources/variant_img.resource",
      "fullName": "variant_img",
      "id": "0815i000000u235AAA",
      "lastModifiedById": "0055i000005UjC4AAK",
      "lastModifiedByName": "Edsel Lita",
      "lastModifiedDate": "2022-08-01T01:07:40.000Z",
      "manageableState": "unmanaged",
      "namespacePrefix": "nitroMySpace",
      "type": "StaticResource"
    },
    {
      "createdById": "0055i000005UjC4AAK",
      "createdByName": "Edsel Lita",
      "createdDate": "2022-07-29T01:47:54.000Z",
      "fileName": "staticresources/resource.resource",
      "fullName": "resource",
      "id": "0815i000000u19MAAQ",
      "lastModifiedById": "0055i000005UjC4AAK",
      "lastModifiedByName": "Edsel Lita",
      "lastModifiedDate": "2022-07-29T01:53:20.000Z",
      "manageableState": "unmanaged",
      "namespacePrefix": "nitroMySpace",
      "type": "StaticResource"
    },
    {
      "createdById": "0055i000005UjC4AAK",
      "createdByName": "Edsel Lita",
      "createdDate": "2022-08-04T10:38:04.000Z",
      "fileName": "staticresources/promo.resource",
      "fullName": "promo",
      "id": "0815i000000u62TAAQ",
      "lastModifiedById": "0055i000005UjC4AAK",
      "lastModifiedByName": "Edsel Lita",
      "lastModifiedDate": "2022-08-04T10:38:04.000Z",
      "manageableState": "unmanaged",
      "namespacePrefix": "nitroMySpace",
      "type": "StaticResource"
    },
    {
      "createdById": "0055i000005UjC4AAK",
      "createdByName": "Edsel Lita",
      "createdDate": "2022-07-27T10:38:28.000Z",
      "fileName": "staticresources/SNA_Badger_Parts_Partner_Community1_sf_default_cdn_WA2xr.resource",
      "fullName": "SNA_Badger_Parts_Partner_Community1_sf_default_cdn_WA2xr",
      "id": "0815i000000tzSrAAI",
      "lastModifiedById": "0055i000005UjC4AAK",
      "lastModifiedByName": "Edsel Lita",
      "lastModifiedDate": "2022-08-09T23:42:03.000Z",
      "manageableState": "unmanaged",
      "namespacePrefix": "nitroMySpace",
      "type": "StaticResource"
    },
    {
      "createdById": "0055i000005UjC4AAK",
      "createdByName": "Edsel Lita",
      "createdDate": "2022-07-27T06:47:22.000Z",
      "fileName": "staticresources/SiteSamples.resource",
      "fullName": "SiteSamples",
      "id": "0815i000001euhWAAQ",
      "lastModifiedById": "0055i000005UjC4AAK",
      "lastModifiedByName": "Edsel Lita",
      "lastModifiedDate": "2022-07-27T06:47:22.000Z",
      "manageableState": "unmanaged",
      "namespacePrefix": "nitroMySpace",
      "type": "StaticResource"
    },
    {
      "createdById": "0055i000005UjC4AAK",
      "createdByName": "Edsel Lita",
      "createdDate": "2022-08-09T23:47:47.000Z",
      "fileName": "staticresources/siteAsset_fc48c5d25c364809a95ea0bdea515c10.resource",
      "fullName": "siteAsset_fc48c5d25c364809a95ea0bdea515c10",
      "id": "0815i000000uACMAA2",
      "lastModifiedById": "0055i000005UjC4AAK",
      "lastModifiedByName": "Edsel Lita",
      "lastModifiedDate": "2022-08-09T23:47:47.000Z",
      "manageableState": "unmanaged",
      "namespacePrefix": "nitroMySpace",
      "type": "StaticResource"
    },
    {
      "createdById": "0055i000005UjC4AAK",
      "createdByName": "Edsel Lita",
      "createdDate": "2022-08-09T23:47:47.000Z",
      "fileName": "staticresources/siteAsset_abea847fee5648e1902af9c62886f022.resource",
      "fullName": "siteAsset_abea847fee5648e1902af9c62886f022",
      "id": "0815i000000uACLAA2",
      "lastModifiedById": "0055i000005UjC4AAK",
      "lastModifiedByName": "Edsel Lita",
      "lastModifiedDate": "2022-08-09T23:47:47.000Z",
      "manageableState": "unmanaged",
      "namespacePrefix": "nitroMySpace",
      "type": "StaticResource"
    },
    {
      "createdById": "0055i000005UjC4AAK",
      "createdByName": "Edsel Lita",
      "createdDate": "2022-08-04T10:17:33.000Z",
      "fileName": "staticresources/footer.resource",
      "fullName": "footer",
      "id": "0815i000000u62EAAQ",
      "lastModifiedById": "0055i000005UjC4AAK",
      "lastModifiedByName": "Edsel Lita",
      "lastModifiedDate": "2022-08-04T10:48:21.000Z",
      "manageableState": "unmanaged",
      "namespacePrefix": "nitroMySpace",
      "type": "StaticResource"
    },
    {
      "createdById": "0055i000005UjC4AAK",
      "createdByName": "Edsel Lita",
      "createdDate": "2022-08-09T23:47:46.000Z",
      "fileName": "staticresources/siteAsset_e7ae2dcab74f4df4869e662be5bca368.resource",
      "fullName": "siteAsset_e7ae2dcab74f4df4869e662be5bca368",
      "id": "0815i000000uACKAA2",
      "lastModifiedById": "0055i000005UjC4AAK",
      "lastModifiedByName": "Edsel Lita",
      "lastModifiedDate": "2022-08-09T23:47:46.000Z",
      "manageableState": "unmanaged",
      "namespacePrefix": "nitroMySpace",
      "type": "StaticResource"
    },
    {
      "createdById": "0055i000005UjC4AAK",
      "createdByName": "Edsel Lita",
      "createdDate": "2022-08-04T10:00:14.000Z",
      "fileName": "staticresources/banner.resource",
      "fullName": "banner",
      "id": "0815i000000u61kAAA",
      "lastModifiedById": "0055i000005UjC4AAK",
      "lastModifiedByName": "Edsel Lita",
      "lastModifiedDate": "2022-08-04T10:08:52.000Z",
      "manageableState": "unmanaged",
      "namespacePrefix": "nitroMySpace",
      "type": "StaticResource"
    },
    {
      "createdById": "0055i000005UjC4AAK",
      "createdByName": "Edsel Lita",
      "createdDate": "2022-08-07T00:22:41.000Z",
      "fileName": "staticresources/tableresource.resource",
      "fullName": "tableresource",
      "id": "0815i000000u7EJAAY",
      "lastModifiedById": "0055i000005UjC4AAK",
      "lastModifiedByName": "Edsel Lita",
      "lastModifiedDate": "2022-08-09T22:58:15.000Z",
      "manageableState": "unmanaged",
      "namespacePrefix": "nitroMySpace",
      "type": "StaticResource"
    },
    {
      "createdById": "0055i000005UjC4AAK",
      "createdByName": "Edsel Lita",
      "createdDate": "2022-08-04T23:44:50.000Z",
      "fileName": "staticresources/credit.resource",
      "fullName": "credit",
      "id": "0815i000000u6BuAAI",
      "lastModifiedById": "0055i000005UjC4AAK",
      "lastModifiedByName": "Edsel Lita",
      "lastModifiedDate": "2022-08-04T23:59:11.000Z",
      "manageableState": "unmanaged",
      "namespacePrefix": "nitroMySpace",
      "type": "StaticResource"
    }
  ]
}