{
  "status": 0,
  "result": [
    {
      "createdById": "0055i000005UjC4AAK",
      "createdByName": "Edsel Lita",
      "createdDate": "2022-07-27T09:14:17.000Z",
      "fileName": "userCriteria/Nitro Motors.Members_without_contribution.userCriteria",
      "fullName": "Nitro Motors.Members_without_contribution",
      "id": "0LV5i000000U7QQGA0",
      "lastModifiedById": "0055i000005UjC4AAK",
      "lastModifiedByName": "Edsel Lita",
      "lastModifiedDate": "2022-07-27T09:14:17.000Z",
      "type": "UserCriteria"
    },
    {
      "createdById": "0055i000005UjC4AAK",
      "createdByName": "Edsel Lita",
      "createdDate": "2022-07-27T09:14:17.000Z",
      "fileName": "userCriteria/Nitro Motors.Customer_Members.userCriteria",
      "fullName": "Nitro Motors.Customer_Members",
      "id": "0LV5i000000U7QPGA0",
      "lastModifiedById": "0055i000005UjC4AAK",
      "lastModifiedByName": "Edsel Lita",
      "lastModifiedDate": "2022-07-27T09:14:17.000Z",
      "type": "UserCriteria"
    },
    {
      "createdById": "0055i000005UjC4AAK",
      "createdByName": "Edsel Lita",
      "createdDate": "2022-07-27T09:14:17.000Z",
      "fileName": "userCriteria/Nitro Motors.Partner_and_Customer_members.userCriteria",
      "fullName": "Nitro Motors.Partner_and_Customer_members",
      "id": "0LV5i000000U7QRGA0",
      "lastModifiedById": "0055i000005UjC4AAK",
      "lastModifiedByName": "Edsel Lita",
      "lastModifiedDate": "2022-07-27T09:14:17.000Z",
      "type": "UserCriteria"
    },
    {
      "createdById": "0055i000005UjC4AAK",
      "createdByName": "Edsel Lita",
      "createdDate": "2022-07-27T06:47:22.000Z",
      "fileName": "userCriteria/Badger Parts' Partner Community.Members_without_contribution.userCriteria",
      "fullName": "Badger Parts' Partner Community.Members_without_contribution",
      "id": "0LV5i000000U7HmGAK",
      "lastModifiedById": "0055i000005UjC4AAK",
      "lastModifiedByName": "Edsel Lita",
      "lastModifiedDate": "2022-07-27T06:47:22.000Z",
      "type": "UserCriteria"
    },
    {
      "createdById": "0055i000005UjC4AAK",
      "createdByName": "Edsel Lita",
      "createdDate": "2022-07-27T06:47:22.000Z",
      "fileName": "userCriteria/Badger Parts' Partner Community.Partner_and_Customer_members.userCriteria",
      "fullName": "Badger Parts' Partner Community.Partner_and_Customer_members",
      "id": "0LV5i000000U7HlGAK",
      "lastModifiedById": "0055i000005UjC4AAK",
      "lastModifiedByName": "Edsel Lita",
      "lastModifiedDate": "2022-07-27T06:47:22.000Z",
      "type": "UserCriteria"
    },
    {
      "createdById": "0055i000005UjC4AAK",
      "createdByName": "Edsel Lita",
      "createdDate": "2022-07-27T06:47:22.000Z",
      "fileName": "userCriteria/Badger Parts' Partner Community.Customer_Members.userCriteria",
      "fullName": "Badger Parts' Partner Community.Customer_Members",
      "id": "0LV5i000000U7HkGAK",
      "lastModifiedById": "0055i000005UjC4AAK",
      "lastModifiedByName": "Edsel Lita",
      "lastModifiedDate": "2022-07-27T06:47:22.000Z",
      "type": "UserCriteria"
    }
  ]
}