<?xml version="1.0" encoding="UTF-8"?>
<CustomField xmlns="http://soap.sforce.com/2006/04/metadata">
    <fullName>Sports_Master__c</fullName>
    <externalId>false</externalId>
    <label>Sports_Master</label>
    <referenceTo>Sports_Master__c</referenceTo>
    <relationshipLabel>Student Sports Junctions</relationshipLabel>
    <relationshipName>Student_Sports_Junctions</relationshipName>
    <relationshipOrder>1</relationshipOrder>
    <reparentableMasterDetail>false</reparentableMasterDetail>
    <trackHistory>false</trackHistory>
    <trackTrending>false</trackTrending>
    <type>MasterDetail</type>
    <writeRequiresMasterRead>false</writeRequiresMasterRead>
</CustomField>
