<?xml version="1.0" encoding="UTF-8"?>
<CustomField xmlns="http://soap.sforce.com/2006/04/metadata">
    <fullName>Customer__c</fullName>
    <externalId>false</externalId>
    <label>Customer</label>
    <referenceTo>Customer_List__c</referenceTo>
    <relationshipLabel>Property Bookings</relationshipLabel>
    <relationshipName>Customer</relationshipName>
    <relationshipOrder>1</relationshipOrder>
    <reparentableMasterDetail>false</reparentableMasterDetail>
    <trackHistory>false</trackHistory>
    <trackTrending>false</trackTrending>
    <type>MasterDetail</type>
    <writeRequiresMasterRead>false</writeRequiresMasterRead>
</CustomField>
