<?xml version="1.0" encoding="UTF-8"?>
<CustomField xmlns="http://soap.sforce.com/2006/04/metadata">
    <fullName>Property__c</fullName>
    <externalId>false</externalId>
    <label>Property</label>
    <referenceTo>Property_List__c</referenceTo>
    <relationshipLabel>Property Bookings</relationshipLabel>
    <relationshipName>Property</relationshipName>
    <relationshipOrder>0</relationshipOrder>
    <reparentableMasterDetail>false</reparentableMasterDetail>
    <trackHistory>false</trackHistory>
    <trackTrending>false</trackTrending>
    <type>MasterDetail</type>
    <writeRequiresMasterRead>false</writeRequiresMasterRead>
</CustomField>
