<?xml version="1.0" encoding="UTF-8"?>
<CustomField xmlns="http://soap.sforce.com/2006/04/metadata">
    <fullName>Status__c</fullName>
    <externalId>false</externalId>
    <label>Status</label>
    <required>false</required>
    <trackHistory>false</trackHistory>
    <trackTrending>false</trackTrending>
    <type>Picklist</type>
    <valueSet>
        <restricted>true</restricted>
        <valueSetDefinition>
            <sorted>false</sorted>
            <value>
                <fullName>Draft</fullName>
                <default>false</default>
                <label>Draft</label>
            </value>
            <value>
                <fullName>Approved</fullName>
                <default>false</default>
                <label>Approved</label>
            </value>
            <value>
                <fullName>Rejected</fullName>
                <default>false</default>
                <label>Rejected</label>
            </value>
            <value>
                <fullName>Passed</fullName>
                <default>false</default>
                <label>Passed</label>
            </value>
            <value>
                <fullName>Failed</fullName>
                <default>false</default>
                <label>Failed</label>
            </value>
            <value>
                <fullName>Assigned</fullName>
                <default>false</default>
                <label>Assigned</label>
            </value>
        </valueSetDefinition>
    </valueSet>
</CustomField>
