<?xml version="1.0" encoding="UTF-8"?>
<CustomField xmlns="http://soap.sforce.com/2006/04/metadata">
    <fullName>Total_Spend__c</fullName>
    <externalId>false</externalId>
    <label>Total Spend</label>
    <summarizedField>Passbook__c.Amount__c</summarizedField>
    <summaryForeignKey>Passbook__c.PayPal_User__c</summaryForeignKey>
    <summaryOperation>sum</summaryOperation>
    <trackHistory>false</trackHistory>
    <trackTrending>false</trackTrending>
    <type>Summary</type>
</CustomField>
