<?xml version="1.0" encoding="UTF-8"?>
<ListView xmlns="http://soap.sforce.com/2006/04/metadata">
    <fullName>All</fullName>
    <columns>ID__c</columns>
    <columns>Property__c</columns>
    <columns>Customer__c</columns>
    <columns>Status__c</columns>
    <columns>Actual_Price__c</columns>
    <columns>Quoted_Price__c</columns>
    <columns>Quotation_Generated__c</columns>
    <columns>NAME</columns>
    <columns>Acquire_Property_By__c</columns>
    <filterScope>Everything</filterScope>
    <label>All</label>
</ListView>
