{
  "status": 0,
  "result": [
    {
      "createdById": "0055i000003ooZFAAY",
      "createdByName": "Edsel Lita",
      "createdDate": "2022-07-18T08:57:56.000Z",
      "fileName": "triggers/CreateQuotationAfterPropertyBookingApprovalTrigger.trigger",
      "fullName": "CreateQuotationAfterPropertyBookingApprovalTrigger",
      "id": "01q5i000000p5LKAAY",
      "lastModifiedById": "0055i000003ooZFAAY",
      "lastModifiedByName": "Edsel Lita",
      "lastModifiedDate": "2022-07-18T10:21:04.000Z",
      "manageableState": "unmanaged",
      "type": "ApexTrigger"
    },
    {
      "createdById": "0055i000003ooZFAAY",
      "createdByName": "Edsel Lita",
      "createdDate": "2022-07-18T13:22:54.000Z",
      "fileName": "triggers/QuotationGeneratedCheckedThenLockTrigger.trigger",
      "fullName": "QuotationGeneratedCheckedThenLockTrigger",
      "id": "01q5i000000p5YVAAY",
      "lastModifiedById": "0055i000003ooZFAAY",
      "lastModifiedByName": "Edsel Lita",
      "lastModifiedDate": "2022-07-18T13:50:36.000Z",
      "manageableState": "unmanaged",
      "type": "ApexTrigger"
    },
    {
      "createdById": "0055i000003ooZFAAY",
      "createdByName": "Edsel Lita",
      "createdDate": "2022-08-10T14:08:02.000Z",
      "fileName": "triggers/triggerOnAccount.trigger",
      "fullName": "triggerOnAccount",
      "id": "01q5i000000pGwrAAE",
      "lastModifiedById": "0055i000003ooZFAAY",
      "lastModifiedByName": "Edsel Lita",
      "lastModifiedDate": "2022-08-10T14:09:23.000Z",
      "manageableState": "unmanaged",
      "type": "ApexTrigger"
    },
    {
      "createdById": "0055i000003ooZFAAY",
      "createdByName": "Edsel Lita",
      "createdDate": "2022-07-13T15:46:12.000Z",
      "fileName": "triggers/EmailTheDetailsTrigger.trigger",
      "fullName": "EmailTheDetailsTrigger",
      "id": "01q5i000000DczgAAC",
      "lastModifiedById": "0055i000003ooZFAAY",
      "lastModifiedByName": "Edsel Lita",
      "lastModifiedDate": "2022-07-14T00:02:30.000Z",
      "manageableState": "unmanaged",
      "type": "ApexTrigger"
    },
    {
      "createdById": "0055i000003ooZFAAY",
      "createdByName": "Edsel Lita",
      "createdDate": "2022-07-21T06:24:53.000Z",
      "fileName": "triggers/Opptrigger.trigger",
      "fullName": "Opptrigger",
      "id": "01q5i000000p759AAA",
      "lastModifiedById": "0055i000003ooZFAAY",
      "lastModifiedByName": "Edsel Lita",
      "lastModifiedDate": "2022-07-21T06:28:05.000Z",
      "manageableState": "unmanaged",
      "type": "ApexTrigger"
    },
    {
      "createdById": "0055i000003ooZFAAY",
      "createdByName": "Edsel Lita",
      "createdDate": "2022-07-18T15:53:19.000Z",
      "fileName": "triggers/OneBookingOneQuotationTrigger.trigger",
      "fullName": "OneBookingOneQuotationTrigger",
      "id": "01q5i000000p5dRAAQ",
      "lastModifiedById": "0055i000003ooZFAAY",
      "lastModifiedByName": "Edsel Lita",
      "lastModifiedDate": "2022-07-18T16:03:10.000Z",
      "manageableState": "unmanaged",
      "type": "ApexTrigger"
    }
  ]
}