{
  "status": 0,
  "result": [
    {
      "createdById": "0055i000003ooZFAAY",
      "createdByName": "Edsel Lita",
      "createdDate": "2022-07-07T07:53:57.000Z",
      "fileName": "classes/SwapNumbers.cls",
      "fullName": "SwapNumbers",
      "id": "01p5i00000CG09DAAT",
      "lastModifiedById": "0055i000003ooZFAAY",
      "lastModifiedByName": "Edsel Lita",
      "lastModifiedDate": "2022-07-08T04:44:23.000Z",
      "manageableState": "unmanaged",
      "type": "ApexClass"
    },
    {
      "createdById": "0055i000003ooZFAAY",
      "createdByName": "Edsel Lita",
      "createdDate": "2022-07-07T07:58:06.000Z",
      "fileName": "classes/ReverseNumber.cls",
      "fullName": "ReverseNumber",
      "id": "01p5i00000CG0JtAAL",
      "lastModifiedById": "0055i000003ooZFAAY",
      "lastModifiedByName": "Edsel Lita",
      "lastModifiedDate": "2022-07-08T04:57:42.000Z",
      "manageableState": "unmanaged",
      "type": "ApexClass"
    },
    {
      "createdById": "0055i000003ooZFAAY",
      "createdByName": "Edsel Lita",
      "createdDate": "2022-07-13T15:54:58.000Z",
      "fileName": "classes/EmailTheDetailsTriggerHandler.cls",
      "fullName": "EmailTheDetailsTriggerHandler",
      "id": "01p5i00000CHvldAAD",
      "lastModifiedById": "0055i000003ooZFAAY",
      "lastModifiedByName": "Edsel Lita",
      "lastModifiedDate": "2022-07-14T01:18:39.000Z",
      "manageableState": "unmanaged",
      "type": "ApexClass"
    },
    {
      "createdById": "0055i000003ooZFAAY",
      "createdByName": "Edsel Lita",
      "createdDate": "2022-07-14T03:25:12.000Z",
      "fileName": "classes/AccountProcessor.cls",
      "fullName": "AccountProcessor",
      "id": "01p5i00000CI4bHAAT",
      "lastModifiedById": "0055i000003ooZFAAY",
      "lastModifiedByName": "Edsel Lita",
      "lastModifiedDate": "2022-07-14T04:43:29.000Z",
      "manageableState": "unmanaged",
      "type": "ApexClass"
    },
    {
      "createdById": "0055i000003ooZFAAY",
      "createdByName": "Edsel Lita",
      "createdDate": "2022-06-24T11:24:15.000Z",
      "fileName": "classes/PropertyController.cls",
      "fullName": "PropertyController",
      "id": "01p5i00000AV2vUAAT",
      "lastModifiedById": "0055i000003ooZFAAY",
      "lastModifiedByName": "Edsel Lita",
      "lastModifiedDate": "2022-06-24T11:24:15.000Z",
      "manageableState": "unmanaged",
      "type": "ApexClass"
    },
    {
      "createdById": "0055i000003ooZFAAY",
      "createdByName": "Edsel Lita",
      "createdDate": "2022-06-24T11:24:15.000Z",
      "fileName": "classes/GeocodingService.cls",
      "fullName": "GeocodingService",
      "id": "01p5i00000AV2vRAAT",
      "lastModifiedById": "0055i000003ooZFAAY",
      "lastModifiedByName": "Edsel Lita",
      "lastModifiedDate": "2022-06-24T11:24:15.000Z",
      "manageableState": "unmanaged",
      "type": "ApexClass"
    },
    {
      "createdById": "0055i000003ooZFAAY",
      "createdByName": "Edsel Lita",
      "createdDate": "2022-08-06T08:08:48.000Z",
      "fileName": "classes/AllPropertyBookingAppRecords.cls",
      "fullName": "AllPropertyBookingAppRecords",
      "id": "01p5i00000FnPMhAAN",
      "lastModifiedById": "0055i000003ooZFAAY",
      "lastModifiedByName": "Edsel Lita",
      "lastModifiedDate": "2022-08-06T17:30:22.000Z",
      "manageableState": "unmanaged",
      "type": "ApexClass"
    },
    {
      "createdById": "0055i000003ooZFAAY",
      "createdByName": "Edsel Lita",
      "createdDate": "2022-07-07T08:37:38.000Z",
      "fileName": "classes/AutomorphicNumbers.cls",
      "fullName": "AutomorphicNumbers",
      "id": "01p5i00000CG1NPAA1",
      "lastModifiedById": "0055i000003ooZFAAY",
      "lastModifiedByName": "Edsel Lita",
      "lastModifiedDate": "2022-07-08T04:46:46.000Z",
      "manageableState": "unmanaged",
      "type": "ApexClass"
    },
    {
      "createdById": "0055i000003ooZFAAY",
      "createdByName": "Edsel Lita",
      "createdDate": "2022-07-13T12:59:55.000Z",
      "fileName": "classes/DeleteQuotationError.cls",
      "fullName": "DeleteQuotationError",
      "id": "01p5i00000CHtGsAAL",
      "lastModifiedById": "0055i000003ooZFAAY",
      "lastModifiedByName": "Edsel Lita",
      "lastModifiedDate": "2022-07-13T15:44:23.000Z",
      "manageableState": "unmanaged",
      "type": "ApexClass"
    },
    {
      "createdById": "0055i000003ooZFAAY",
      "createdByName": "Edsel Lita",
      "createdDate": "2022-07-07T05:22:18.000Z",
      "fileName": "classes/Fibonacci.cls",
      "fullName": "Fibonacci",
      "id": "01p5i00000CFuBnAAL",
      "lastModifiedById": "0055i000003ooZFAAY",
      "lastModifiedByName": "Edsel Lita",
      "lastModifiedDate": "2022-07-08T04:51:46.000Z",
      "manageableState": "unmanaged",
      "type": "ApexClass"
    },
    {
      "createdById": "0055i000003ooZFAAY",
      "createdByName": "Edsel Lita",
      "createdDate": "2022-06-24T11:24:15.000Z",
      "fileName": "classes/PagedResult.cls",
      "fullName": "PagedResult",
      "id": "01p5i00000AV2vTAAT",
      "lastModifiedById": "0055i000003ooZFAAY",
      "lastModifiedByName": "Edsel Lita",
      "lastModifiedDate": "2022-06-24T11:24:15.000Z",
      "manageableState": "unmanaged",
      "type": "ApexClass"
    },
    {
      "createdById": "0055i000003ooZFAAY",
      "createdByName": "Edsel Lita",
      "createdDate": "2022-08-05T17:59:03.000Z",
      "fileName": "classes/fetchPropertyBooking.cls",
      "fullName": "fetchPropertyBooking",
      "id": "01p5i00000FnLIqAAN",
      "lastModifiedById": "0055i000003ooZFAAY",
      "lastModifiedByName": "Edsel Lita",
      "lastModifiedDate": "2022-08-06T04:23:33.000Z",
      "manageableState": "unmanaged",
      "type": "ApexClass"
    },
    {
      "createdById": "0055i000003ooZFAAY",
      "createdByName": "Edsel Lita",
      "createdDate": "2022-07-07T06:48:13.000Z",
      "fileName": "classes/ArmStrongNumber.cls",
      "fullName": "ArmStrongNumber",
      "id": "01p5i00000CFx28AAD",
      "lastModifiedById": "0055i000003ooZFAAY",
      "lastModifiedByName": "Edsel Lita",
      "lastModifiedDate": "2022-07-08T05:18:11.000Z",
      "manageableState": "unmanaged",
      "type": "ApexClass"
    },
    {
      "createdById": "0055i000003ooZFAAY",
      "createdByName": "Edsel Lita",
      "createdDate": "2022-07-07T07:28:42.000Z",
      "fileName": "classes/PrimeNumber.cls",
      "fullName": "PrimeNumber",
      "id": "01p5i00000CFynQAAT",
      "lastModifiedById": "0055i000003ooZFAAY",
      "lastModifiedByName": "Edsel Lita",
      "lastModifiedDate": "2022-07-08T04:37:26.000Z",
      "manageableState": "unmanaged",
      "type": "ApexClass"
    },
    {
      "createdById": "0055i000003ooZFAAY",
      "createdByName": "Edsel Lita",
      "createdDate": "2022-06-24T11:24:15.000Z",
      "fileName": "classes/TestPropertyController.cls",
      "fullName": "TestPropertyController",
      "id": "01p5i00000AV2vWAAT",
      "lastModifiedById": "0055i000003ooZFAAY",
      "lastModifiedByName": "Edsel Lita",
      "lastModifiedDate": "2022-06-24T11:24:15.000Z",
      "manageableState": "unmanaged",
      "type": "ApexClass"
    },
    {
      "createdById": "0055i000003ooZFAAY",
      "createdByName": "Edsel Lita",
      "createdDate": "2022-07-07T08:22:52.000Z",
      "fileName": "classes/Palindrome.cls",
      "fullName": "Palindrome",
      "id": "01p5i00000CG15CAAT",
      "lastModifiedById": "0055i000003ooZFAAY",
      "lastModifiedByName": "Edsel Lita",
      "lastModifiedDate": "2022-07-08T04:45:53.000Z",
      "manageableState": "unmanaged",
      "type": "ApexClass"
    },
    {
      "createdById": "0055i000003ooZFAAY",
      "createdByName": "Edsel Lita",
      "createdDate": "2022-08-03T03:11:03.000Z",
      "fileName": "classes/fetchAccount.cls",
      "fullName": "fetchAccount",
      "id": "01p5i00000FmBrgAAF",
      "lastModifiedById": "0055i000003ooZFAAY",
      "lastModifiedByName": "Edsel Lita",
      "lastModifiedDate": "2022-08-03T03:17:13.000Z",
      "manageableState": "unmanaged",
      "type": "ApexClass"
    },
    {
      "createdById": "0055i000003ooZFAAY",
      "createdByName": "Edsel Lita",
      "createdDate": "2022-07-07T06:04:38.000Z",
      "fileName": "classes/MagicNumber.cls",
      "fullName": "MagicNumber",
      "id": "01p5i00000CFvmNAAT",
      "lastModifiedById": "0055i000003ooZFAAY",
      "lastModifiedByName": "Edsel Lita",
      "lastModifiedDate": "2022-07-08T06:29:06.000Z",
      "manageableState": "unmanaged",
      "type": "ApexClass"
    },
    {
      "createdById": "0055i000003ooZFAAY",
      "createdByName": "Edsel Lita",
      "createdDate": "2022-07-18T10:01:58.000Z",
      "fileName": "classes/testClass.cls",
      "fullName": "testClass",
      "id": "01p5i00000CJ7smAAD",
      "lastModifiedById": "0055i000003ooZFAAY",
      "lastModifiedByName": "Edsel Lita",
      "lastModifiedDate": "2022-07-18T10:12:20.000Z",
      "manageableState": "unmanaged",
      "type": "ApexClass"
    },
    {
      "createdById": "0055i000003ooZFAAY",
      "createdByName": "Edsel Lita",
      "createdDate": "2022-07-08T04:31:16.000Z",
      "fileName": "classes/NeonNumber.cls",
      "fullName": "NeonNumber",
      "id": "01p5i00000CGIOrAAP",
      "lastModifiedById": "0055i000003ooZFAAY",
      "lastModifiedByName": "Edsel Lita",
      "lastModifiedDate": "2022-07-08T07:02:53.000Z",
      "manageableState": "unmanaged",
      "type": "ApexClass"
    },
    {
      "createdById": "0055i000003ooZFAAY",
      "createdByName": "Edsel Lita",
      "createdDate": "2022-08-06T14:15:18.000Z",
      "fileName": "classes/testingLang.cls",
      "fullName": "testingLang",
      "id": "01p5i00000FnRk5AAF",
      "lastModifiedById": "0055i000003ooZFAAY",
      "lastModifiedByName": "Edsel Lita",
      "lastModifiedDate": "2022-08-06T14:16:35.000Z",
      "manageableState": "unmanaged",
      "type": "ApexClass"
    },
    {
      "createdById": "0055i000003ooZFAAY",
      "createdByName": "Edsel Lita",
      "createdDate": "2022-07-08T07:33:07.000Z",
      "fileName": "classes/EvilOrOdious.cls",
      "fullName": "EvilOrOdious",
      "id": "01p5i00000CGNGjAAP",
      "lastModifiedById": "0055i000003ooZFAAY",
      "lastModifiedByName": "Edsel Lita",
      "lastModifiedDate": "2022-07-08T07:58:06.000Z",
      "manageableState": "unmanaged",
      "type": "ApexClass"
    },
    {
      "createdById": "0055i000003ooZFAAY",
      "createdByName": "Edsel Lita",
      "createdDate": "2022-08-03T03:10:06.000Z",
      "fileName": "classes/fetchCase.cls",
      "fullName": "fetchCase",
      "id": "01p5i00000FmBnTAAV",
      "lastModifiedById": "0055i000003ooZFAAY",
      "lastModifiedByName": "Edsel Lita",
      "lastModifiedDate": "2022-08-03T09:16:45.000Z",
      "manageableState": "unmanaged",
      "type": "ApexClass"
    },
    {
      "createdById": "0055i000003ooZFAAY",
      "createdByName": "Edsel Lita",
      "createdDate": "2022-06-24T11:24:15.000Z",
      "fileName": "classes/SampleDataController.cls",
      "fullName": "SampleDataController",
      "id": "01p5i00000AV2vVAAT",
      "lastModifiedById": "0055i000003ooZFAAY",
      "lastModifiedByName": "Edsel Lita",
      "lastModifiedDate": "2022-06-24T11:24:15.000Z",
      "manageableState": "unmanaged",
      "type": "ApexClass"
    },
    {
      "createdById": "0055i000003ooZFAAY",
      "createdByName": "Edsel Lita",
      "createdDate": "2022-06-24T11:24:15.000Z",
      "fileName": "classes/GeocodingServiceTest.cls",
      "fullName": "GeocodingServiceTest",
      "id": "01p5i00000AV2vSAAT",
      "lastModifiedById": "0055i000003ooZFAAY",
      "lastModifiedByName": "Edsel Lita",
      "lastModifiedDate": "2022-06-24T11:24:15.000Z",
      "manageableState": "unmanaged",
      "type": "ApexClass"
    },
    {
      "createdById": "0055i000003ooZFAAY",
      "createdByName": "Edsel Lita",
      "createdDate": "2022-07-26T14:04:45.000Z",
      "fileName": "classes/DataController.cls",
      "fullName": "DataController",
      "id": "01p5i00000E2teOAAR",
      "lastModifiedById": "0055i000003ooZFAAY",
      "lastModifiedByName": "Edsel Lita",
      "lastModifiedDate": "2022-07-27T01:30:28.000Z",
      "manageableState": "unmanaged",
      "type": "ApexClass"
    },
    {
      "createdById": "0055i000003ooZFAAY",
      "createdByName": "Edsel Lita",
      "createdDate": "2022-07-07T08:49:02.000Z",
      "fileName": "classes/PetersonNumber.cls",
      "fullName": "PetersonNumber",
      "id": "01p5i00000CG1j1AAD",
      "lastModifiedById": "0055i000003ooZFAAY",
      "lastModifiedByName": "Edsel Lita",
      "lastModifiedDate": "2022-07-08T04:40:16.000Z",
      "manageableState": "unmanaged",
      "type": "ApexClass"
    },
    {
      "createdById": "0055i000003ooZFAAY",
      "createdByName": "Edsel Lita",
      "createdDate": "2022-07-08T01:27:28.000Z",
      "fileName": "classes/SunnyNumber.cls",
      "fullName": "SunnyNumber",
      "id": "01p5i00000CGDfyAAH",
      "lastModifiedById": "0055i000003ooZFAAY",
      "lastModifiedByName": "Edsel Lita",
      "lastModifiedDate": "2022-07-08T04:47:58.000Z",
      "manageableState": "unmanaged",
      "type": "ApexClass"
    },
    {
      "createdById": "0055i000003ooZFAAY",
      "createdByName": "Edsel Lita",
      "createdDate": "2022-06-24T11:24:15.000Z",
      "fileName": "classes/TestSampleDataController.cls",
      "fullName": "TestSampleDataController",
      "id": "01p5i00000AV2vXAAT",
      "lastModifiedById": "0055i000003ooZFAAY",
      "lastModifiedByName": "Edsel Lita",
      "lastModifiedDate": "2022-06-24T11:24:15.000Z",
      "manageableState": "unmanaged",
      "type": "ApexClass"
    },
    {
      "createdById": "0055i000003ooZFAAY",
      "createdByName": "Edsel Lita",
      "createdDate": "2022-07-08T07:06:07.000Z",
      "fileName": "classes/DuckNumber.cls",
      "fullName": "DuckNumber",
      "id": "01p5i00000CGM6MAAX",
      "lastModifiedById": "0055i000003ooZFAAY",
      "lastModifiedByName": "Edsel Lita",
      "lastModifiedDate": "2022-07-08T07:18:52.000Z",
      "manageableState": "unmanaged",
      "type": "ApexClass"
    },
    {
      "createdById": "0055i000003ooZFAAY",
      "createdByName": "Edsel Lita",
      "createdDate": "2022-08-06T04:34:07.000Z",
      "fileName": "classes/EmailTheQuotationDetailThenSetQuoteToYes.cls",
      "fullName": "EmailTheQuotationDetailThenSetQuoteToYes",
      "id": "01p5i00000FnN0yAAF",
      "lastModifiedById": "0055i000003ooZFAAY",
      "lastModifiedByName": "Edsel Lita",
      "lastModifiedDate": "2022-08-06T07:38:38.000Z",
      "manageableState": "unmanaged",
      "type": "ApexClass"
    },
    {
      "createdById": "0055i000003ooZFAAY",
      "createdByName": "Edsel Lita",
      "createdDate": "2022-07-08T09:13:51.000Z",
      "fileName": "classes/Arrayz.cls",
      "fullName": "Arrayz",
      "id": "01p5i00000CGRKpAAP",
      "lastModifiedById": "0055i000003ooZFAAY",
      "lastModifiedByName": "Edsel Lita",
      "lastModifiedDate": "2022-07-08T09:13:51.000Z",
      "manageableState": "unmanaged",
      "type": "ApexClass"
    }
  ]
}