{
  "status": 0,
  "result": {
    "createdById": "0055i000003uuvuAAA",
    "createdByName": "Automated Process",
    "createdDate": "2022-06-20T00:13:07.000Z",
    "fileName": "appointmentSchedulingPolicies/default_appointment_scheduling_policy.policy",
    "fullName": "default_appointment_scheduling_policy",
    "id": "0Vr5i000000CmdPCAS",
    "lastModifiedById": "0055i000003uuvuAAA",
    "lastModifiedByName": "Automated Process",
    "lastModifiedDate": "2022-06-20T00:13:07.000Z",
    "type": "AppointmentSchedulingPolicy"
  }
}