{
  "status": 0,
  "result": [
    {
      "createdById": "0055i000003ooZFAAY",
      "createdByName": "Edsel Lita",
      "createdDate": "2022-07-18T08:08:52.000Z",
      "fileName": "approvalProcesses/Property_Booking__c.Approval_Process3.approvalProcess",
      "fullName": "Property_Booking__c.Approval_Process3",
      "id": "04a5i000000PaNOAA0",
      "lastModifiedById": "0055i000003ooZFAAY",
      "lastModifiedByName": "Edsel Lita",
      "lastModifiedDate": "2022-07-18T13:59:04.000Z",
      "type": "ApprovalProcess"
    },
    {
      "createdById": "0055i000003ooZFAAY",
      "createdByName": "Edsel Lita",
      "createdDate": "2022-07-09T12:28:40.000Z",
      "fileName": "approvalProcesses/Property_Booking__c.Approval_Process.approvalProcess",
      "fullName": "Property_Booking__c.Approval_Process",
      "id": "04a5i000000PY3hAAG",
      "lastModifiedById": "0055i000003ooZFAAY",
      "lastModifiedByName": "Edsel Lita",
      "lastModifiedDate": "2022-07-18T13:58:17.000Z",
      "type": "ApprovalProcess"
    }
  ]
}