{
  "status": 0,
  "result": [
    {
      "createdById": "0055i000003ooZFAAY",
      "createdByName": "Edsel Lita",
      "createdDate": "2022-08-03T03:26:22.000Z",
      "fileName": "aura/test2",
      "fullName": "test2",
      "id": "0Ab5i000002wbw9CAA",
      "lastModifiedById": "0055i000003ooZFAAY",
      "lastModifiedByName": "Edsel Lita",
      "lastModifiedDate": "2022-08-06T23:35:45.000Z",
      "manageableState": "unmanaged",
      "type": "AuraDefinitionBundle"
    },
    {
      "createdById": "0055i000003ooZFAAY",
      "createdByName": "Edsel Lita",
      "createdDate": "2022-08-03T02:55:32.000Z",
      "fileName": "aura/SearchOnCaseDataTable",
      "fullName": "SearchOnCaseDataTable",
      "id": "0Ab5i000002wbvMCAQ",
      "lastModifiedById": "0055i000003ooZFAAY",
      "lastModifiedByName": "Edsel Lita",
      "lastModifiedDate": "2022-08-03T09:09:31.000Z",
      "manageableState": "unmanaged",
      "type": "AuraDefinitionBundle"
    },
    {
      "createdById": "0055i000003ooZFAAY",
      "createdByName": "Edsel Lita",
      "createdDate": "2022-08-03T02:36:01.000Z",
      "fileName": "aura/SearchOnAccountDataTable",
      "fullName": "SearchOnAccountDataTable",
      "id": "0Ab5i000002wbr9CAA",
      "lastModifiedById": "0055i000003ooZFAAY",
      "lastModifiedByName": "Edsel Lita",
      "lastModifiedDate": "2022-08-03T02:44:28.000Z",
      "manageableState": "unmanaged",
      "type": "AuraDefinitionBundle"
    },
    {
      "createdById": "0055i000003ooZFAAY",
      "createdByName": "Edsel Lita",
      "createdDate": "2022-08-03T03:24:17.000Z",
      "fileName": "aura/testing",
      "fullName": "testing",
      "id": "0Ab5i000002wbvsCAA",
      "lastModifiedById": "0055i000003ooZFAAY",
      "lastModifiedByName": "Edsel Lita",
      "lastModifiedDate": "2022-08-03T03:24:18.000Z",
      "manageableState": "unmanaged",
      "type": "AuraDefinitionBundle"
    },
    {
      "createdById": "0055i000003ooZFAAY",
      "createdByName": "Edsel Lita",
      "createdDate": "2022-06-24T11:23:58.000Z",
      "fileName": "aura/auraPropertyListMap",
      "fullName": "auraPropertyListMap",
      "id": "0Ab5i000001s6QLCAY",
      "lastModifiedById": "0055i000003ooZFAAY",
      "lastModifiedByName": "Edsel Lita",
      "lastModifiedDate": "2022-06-24T11:23:58.000Z",
      "manageableState": "unmanaged",
      "type": "AuraDefinitionBundle"
    },
    {
      "createdById": "0055i000003ooZFAAY",
      "createdByName": "Edsel Lita",
      "createdDate": "2022-06-24T11:23:58.000Z",
      "fileName": "aura/pageTemplate_2_7_3",
      "fullName": "pageTemplate_2_7_3",
      "id": "0Ab5i000001s6QKCAY",
      "lastModifiedById": "0055i000003ooZFAAY",
      "lastModifiedByName": "Edsel Lita",
      "lastModifiedDate": "2022-06-24T11:23:58.000Z",
      "manageableState": "unmanaged",
      "type": "AuraDefinitionBundle"
    },
    {
      "createdById": "0055i000003ooZFAAY",
      "createdByName": "Edsel Lita",
      "createdDate": "2022-08-03T06:57:41.000Z",
      "fileName": "aura/SearchKeyChange",
      "fullName": "SearchKeyChange",
      "id": "0Ab5i000002wdzmCAA",
      "lastModifiedById": "0055i000003ooZFAAY",
      "lastModifiedByName": "Edsel Lita",
      "lastModifiedDate": "2022-08-03T06:58:57.000Z",
      "manageableState": "unmanaged",
      "type": "AuraDefinitionBundle"
    }
  ]
}