{
  "status": 0,
  "result": {
    "createdById": "0055i000003uuvuAAA",
    "createdByName": "Automated Process",
    "createdDate": "2022-06-20T00:13:07.000Z",
    "fileName": "cleanDataServices/DataCloudGeoLocation.cleanDataService",
    "fullName": "DataCloudGeoLocation",
    "id": "07S5i000000cC4GEAU",
    "lastModifiedById": "0055i000003uuvuAAA",
    "lastModifiedByName": "Automated Process",
    "lastModifiedDate": "2022-06-20T00:13:07.000Z",
    "manageableState": "unmanaged",
    "type": "CleanDataService"
  }
}