{
  "status": 0,
  "result": [
    {
      "createdById": "0055i000003ooZFAAY",
      "createdByName": "Edsel Lita",
      "createdDate": "2022-06-27T04:11:17.000Z",
      "fileName": "tabs/Customer_List__c.tab",
      "fullName": "Customer_List__c",
      "id": "01r5i000000xKq2AAE",
      "lastModifiedById": "0055i000003ooZFAAY",
      "lastModifiedByName": "Edsel Lita",
      "lastModifiedDate": "2022-06-27T04:11:17.000Z",
      "manageableState": "unmanaged",
      "type": "CustomTab"
    },
    {
      "createdById": "0055i000003ooZFAAY",
      "createdByName": "Edsel Lita",
      "createdDate": "2022-06-22T01:59:25.000Z",
      "fileName": "tabs/Student_Master__c.tab",
      "fullName": "Student_Master__c",
      "id": "01r5i000000xI8DAAU",
      "lastModifiedById": "0055i000003ooZFAAY",
      "lastModifiedByName": "Edsel Lita",
      "lastModifiedDate": "2022-06-22T01:59:25.000Z",
      "manageableState": "unmanaged",
      "type": "CustomTab"
    },
    {
      "createdById": "0055i000003ooZFAAY",
      "createdByName": "Edsel Lita",
      "createdDate": "2022-06-27T04:11:48.000Z",
      "fileName": "tabs/Property_Booking__c.tab",
      "fullName": "Property_Booking__c",
      "id": "01r5i000000xKq7AAE",
      "lastModifiedById": "0055i000003ooZFAAY",
      "lastModifiedByName": "Edsel Lita",
      "lastModifiedDate": "2022-06-27T04:11:48.000Z",
      "manageableState": "unmanaged",
      "type": "CustomTab"
    },
    {
      "createdById": "0055i000003ooZFAAY",
      "createdByName": "Edsel Lita",
      "createdDate": "2022-06-24T11:24:08.000Z",
      "fileName": "tabs/Property_Explorer.tab",
      "fullName": "Property_Explorer",
      "id": "01r5i000000xK5pAAE",
      "lastModifiedById": "0055i000003ooZFAAY",
      "lastModifiedByName": "Edsel Lita",
      "lastModifiedDate": "2022-06-24T11:24:08.000Z",
      "manageableState": "unmanaged",
      "type": "CustomTab"
    },
    {
      "createdById": "0055i000003ooZFAAY",
      "createdByName": "Edsel Lita",
      "createdDate": "2022-06-24T11:24:08.000Z",
      "fileName": "tabs/Broker__c.tab",
      "fullName": "Broker__c",
      "id": "01r5i000000xK5oAAE",
      "lastModifiedById": "0055i000003ooZFAAY",
      "lastModifiedByName": "Edsel Lita",
      "lastModifiedDate": "2022-06-27T04:13:33.000Z",
      "manageableState": "unmanaged",
      "type": "CustomTab"
    },
    {
      "createdById": "0055i000003ooZFAAY",
      "createdByName": "Edsel Lita",
      "createdDate": "2022-06-27T04:59:14.000Z",
      "fileName": "tabs/Property__c.tab",
      "fullName": "Property__c",
      "id": "01r5i000000xKs3AAE",
      "lastModifiedById": "0055i000003ooZFAAY",
      "lastModifiedByName": "Edsel Lita",
      "lastModifiedDate": "2022-06-27T04:59:14.000Z",
      "manageableState": "unmanaged",
      "type": "CustomTab"
    },
    {
      "createdById": "0055i000003ooZFAAY",
      "createdByName": "Edsel Lita",
      "createdDate": "2022-06-22T03:36:06.000Z",
      "fileName": "tabs/Student_Grade__c.tab",
      "fullName": "Student_Grade__c",
      "id": "01r5i000000xI9uAAE",
      "lastModifiedById": "0055i000003ooZFAAY",
      "lastModifiedByName": "Edsel Lita",
      "lastModifiedDate": "2022-06-22T03:36:06.000Z",
      "manageableState": "unmanaged",
      "type": "CustomTab"
    },
    {
      "createdById": "0055i000003ooZFAAY",
      "createdByName": "Edsel Lita",
      "createdDate": "2022-08-06T11:59:12.000Z",
      "fileName": "tabs/Search.tab",
      "fullName": "Search",
      "id": "01r5i000000xgeeAAA",
      "lastModifiedById": "0055i000003ooZFAAY",
      "lastModifiedByName": "Edsel Lita",
      "lastModifiedDate": "2022-08-06T11:59:23.000Z",
      "manageableState": "unmanaged",
      "type": "CustomTab"
    },
    {
      "createdById": "0055i000003ooZFAAY",
      "createdByName": "Edsel Lita",
      "createdDate": "2022-06-27T04:57:56.000Z",
      "fileName": "tabs/Property_List__c.tab",
      "fullName": "Property_List__c",
      "id": "01r5i000000xKrtAAE",
      "lastModifiedById": "0055i000003ooZFAAY",
      "lastModifiedByName": "Edsel Lita",
      "lastModifiedDate": "2022-06-27T04:57:56.000Z",
      "manageableState": "unmanaged",
      "type": "CustomTab"
    },
    {
      "createdById": "0055i000003ooZFAAY",
      "createdByName": "Edsel Lita",
      "createdDate": "2022-06-27T04:09:01.000Z",
      "fileName": "tabs/Quotation__c.tab",
      "fullName": "Quotation__c",
      "id": "01r5i000000xKpxAAE",
      "lastModifiedById": "0055i000003ooZFAAY",
      "lastModifiedByName": "Edsel Lita",
      "lastModifiedDate": "2022-06-27T04:09:01.000Z",
      "manageableState": "unmanaged",
      "type": "CustomTab"
    },
    {
      "createdById": "0055i000003ooZFAAY",
      "createdByName": "Edsel Lita",
      "createdDate": "2022-06-22T04:32:52.000Z",
      "fileName": "tabs/Student_Request__c.tab",
      "fullName": "Student_Request__c",
      "id": "01r5i000000xIBlAAM",
      "lastModifiedById": "0055i000003ooZFAAY",
      "lastModifiedByName": "Edsel Lita",
      "lastModifiedDate": "2022-06-22T04:32:52.000Z",
      "manageableState": "unmanaged",
      "type": "CustomTab"
    },
    {
      "createdById": "0055i000003ooZFAAY",
      "createdByName": "Edsel Lita",
      "createdDate": "2022-06-24T07:51:03.000Z",
      "fileName": "tabs/Student_Sports_Junction__c.tab",
      "fullName": "Student_Sports_Junction__c",
      "id": "01r5i000000xJuqAAE",
      "lastModifiedById": "0055i000003ooZFAAY",
      "lastModifiedByName": "Edsel Lita",
      "lastModifiedDate": "2022-06-24T07:51:03.000Z",
      "manageableState": "unmanaged",
      "type": "CustomTab"
    },
    {
      "createdById": "0055i000003ooZFAAY",
      "createdByName": "Edsel Lita",
      "createdDate": "2022-06-24T11:24:08.000Z",
      "fileName": "tabs/Settings.tab",
      "fullName": "Settings",
      "id": "01r5i000000xK5sAAE",
      "lastModifiedById": "0055i000003ooZFAAY",
      "lastModifiedByName": "Edsel Lita",
      "lastModifiedDate": "2022-06-24T11:24:08.000Z",
      "manageableState": "unmanaged",
      "type": "CustomTab"
    },
    {
      "createdById": "0055i000003ooZFAAY",
      "createdByName": "Edsel Lita",
      "createdDate": "2022-06-24T06:56:40.000Z",
      "fileName": "tabs/Sports_Master__c.tab",
      "fullName": "Sports_Master__c",
      "id": "01r5i000000xJs6AAE",
      "lastModifiedById": "0055i000003ooZFAAY",
      "lastModifiedByName": "Edsel Lita",
      "lastModifiedDate": "2022-06-24T06:56:40.000Z",
      "manageableState": "unmanaged",
      "type": "CustomTab"
    },
    {
      "createdById": "0055i000003ooZFAAY",
      "createdByName": "Edsel Lita",
      "createdDate": "2022-06-24T11:24:08.000Z",
      "fileName": "tabs/Property_Finder.tab",
      "fullName": "Property_Finder",
      "id": "01r5i000000xK5qAAE",
      "lastModifiedById": "0055i000003ooZFAAY",
      "lastModifiedByName": "Edsel Lita",
      "lastModifiedDate": "2022-06-24T11:24:08.000Z",
      "manageableState": "unmanaged",
      "type": "CustomTab"
    }
  ]
}