{
  "status": 0,
  "result": [
    {
      "createdById": "0055i000003ooZFAAY",
      "createdByName": "Edsel Lita",
      "createdDate": "2022-06-20T00:13:07.000Z",
      "fileName": "duplicateRules/Contact.Standard_Contact_Duplicate_Rule.duplicateRule",
      "fullName": "Contact.Standard_Contact_Duplicate_Rule",
      "id": "0Bm5i000006OeJ7CAK",
      "lastModifiedById": "0055i000003ooZFAAY",
      "lastModifiedByName": "Edsel Lita",
      "lastModifiedDate": "2022-06-20T00:13:07.000Z",
      "manageableState": "unmanaged",
      "type": "DuplicateRule"
    },
    {
      "createdById": "0055i000003ooZFAAY",
      "createdByName": "Edsel Lita",
      "createdDate": "2022-06-20T00:13:07.000Z",
      "fileName": "duplicateRules/Account.Standard_Account_Duplicate_Rule.duplicateRule",
      "fullName": "Account.Standard_Account_Duplicate_Rule",
      "id": "0Bm5i000006OeJ6CAK",
      "lastModifiedById": "0055i000003ooZFAAY",
      "lastModifiedByName": "Edsel Lita",
      "lastModifiedDate": "2022-06-20T00:13:07.000Z",
      "manageableState": "unmanaged",
      "type": "DuplicateRule"
    },
    {
      "createdById": "0055i000003ooZFAAY",
      "createdByName": "Edsel Lita",
      "createdDate": "2022-06-20T00:13:07.000Z",
      "fileName": "duplicateRules/Lead.Standard_Lead_Duplicate_Rule.duplicateRule",
      "fullName": "Lead.Standard_Lead_Duplicate_Rule",
      "id": "0Bm5i000006OeJ8CAK",
      "lastModifiedById": "0055i000003ooZFAAY",
      "lastModifiedByName": "Edsel Lita",
      "lastModifiedDate": "2022-06-20T00:13:07.000Z",
      "manageableState": "unmanaged",
      "type": "DuplicateRule"
    }
  ]
}