{
  "status": 0,
  "result": [
    {
      "createdById": "0055i000003ooZFAAY",
      "createdByName": "Edsel Lita",
      "createdDate": "2022-07-05T06:22:56.000Z",
      "fileName": "flowDefinitions/Avoid_Creating_Duplicate_Active_Records.flowDefinition",
      "fullName": "Avoid_Creating_Duplicate_Active_Records",
      "id": "3005i000000Tn1vAAC",
      "lastModifiedById": "0055i000003ooZFAAY",
      "lastModifiedByName": "Edsel Lita",
      "lastModifiedDate": "2022-07-18T13:42:58.000Z",
      "manageableState": "unmanaged",
      "type": "FlowDefinition"
    },
    {
      "createdById": "0055i000003ooZFAAY",
      "createdByName": "Edsel Lita",
      "createdDate": "2022-06-24T11:24:09.000Z",
      "fileName": "flowDefinitions/Create_property.flowDefinition",
      "fullName": "Create_property",
      "id": "3005i000000TkBeAAK",
      "lastModifiedById": "0055i000003ooZFAAY",
      "lastModifiedByName": "Edsel Lita",
      "lastModifiedDate": "2022-06-24T11:24:23.000Z",
      "manageableState": "unmanaged",
      "type": "FlowDefinition"
    },
    {
      "createdById": "0055i000003ooZFAAY",
      "createdByName": "Edsel Lita",
      "createdDate": "2022-07-04T15:45:52.000Z",
      "fileName": "flowDefinitions/Quotation_Cannot_Be_Deleted_By_Contractor.flowDefinition",
      "fullName": "Quotation_Cannot_Be_Deleted_By_Contractor",
      "id": "3005i000000TmkhAAC",
      "lastModifiedById": "0055i000003ooZFAAY",
      "lastModifiedByName": "Edsel Lita",
      "lastModifiedDate": "2022-07-13T14:39:58.000Z",
      "manageableState": "unmanaged",
      "type": "FlowDefinition"
    },
    {
      "createdById": "0055i000003ooZFAAY",
      "createdByName": "Edsel Lita",
      "createdDate": "2022-07-04T07:58:12.000Z",
      "fileName": "flowDefinitions/Case_Escalation_Form.flowDefinition",
      "fullName": "Case_Escalation_Form",
      "id": "3005i000000TmdqAAC",
      "lastModifiedById": "0055i000003ooZFAAY",
      "lastModifiedByName": "Edsel Lita",
      "lastModifiedDate": "2022-07-04T08:48:47.000Z",
      "manageableState": "unmanaged",
      "type": "FlowDefinition"
    },
    {
      "createdById": "0055i000003ooZFAAY",
      "createdByName": "Edsel Lita",
      "createdDate": "2022-07-18T16:22:20.000Z",
      "fileName": "flowDefinitions/Set_Status_of_Created_Property_Booking_to_New.flowDefinition",
      "fullName": "Set_Status_of_Created_Property_Booking_to_New",
      "id": "3005i000000TsPQAA0",
      "lastModifiedById": "0055i000003ooZFAAY",
      "lastModifiedByName": "Edsel Lita",
      "lastModifiedDate": "2022-07-18T16:23:50.000Z",
      "manageableState": "unmanaged",
      "type": "FlowDefinition"
    }
  ]
}