{
  "status": 0,
  "result": [
    {
      "createdById": "0055i000003ooZFAAY",
      "createdByName": "Edsel Lita",
      "createdDate": "2022-07-18T16:23:44.000Z",
      "fileName": "flows/Set_Status_of_Created_Property_Booking_to_New.flow",
      "fullName": "Set_Status_of_Created_Property_Booking_to_New",
      "id": "3015i000000URBRAA4",
      "lastModifiedById": "0055i000003ooZFAAY",
      "lastModifiedByName": "Edsel Lita",
      "lastModifiedDate": "2022-07-18T16:23:50.000Z",
      "manageableState": "unmanaged",
      "type": "Flow"
    },
    {
      "createdById": "0055i000003ooZFAAY",
      "createdByName": "Edsel Lita",
      "createdDate": "2022-07-04T08:48:45.000Z",
      "fileName": "flows/Case_Escalation_Form.flow",
      "fullName": "Case_Escalation_Form",
      "id": "3015i000000UDytAAG",
      "lastModifiedById": "0055i000003ooZFAAY",
      "lastModifiedByName": "Edsel Lita",
      "lastModifiedDate": "2022-07-04T08:48:47.000Z",
      "manageableState": "unmanaged",
      "type": "Flow"
    },
    {
      "createdById": "0055i000003ooZFAAY",
      "createdByName": "Edsel Lita",
      "createdDate": "2022-07-13T14:39:55.000Z",
      "fileName": "flows/Quotation_Cannot_Be_Deleted_By_Contractor.flow",
      "fullName": "Quotation_Cannot_Be_Deleted_By_Contractor",
      "id": "3015i000000UNbcAAG",
      "lastModifiedById": "0055i000003ooZFAAY",
      "lastModifiedByName": "Edsel Lita",
      "lastModifiedDate": "2022-07-13T14:39:58.000Z",
      "manageableState": "unmanaged",
      "type": "Flow"
    },
    {
      "createdById": "0055i000003ooZFAAY",
      "createdByName": "Edsel Lita",
      "createdDate": "2022-06-24T11:24:09.000Z",
      "fileName": "flows/Create_property.flow",
      "fullName": "Create_property",
      "id": "3015i000000U6DvAAK",
      "lastModifiedById": "0055i000003ooZFAAY",
      "lastModifiedByName": "Edsel Lita",
      "lastModifiedDate": "2022-06-24T11:24:23.000Z",
      "manageableState": "unmanaged",
      "type": "Flow"
    },
    {
      "createdById": "0055i000003ooZFAAY",
      "createdByName": "Edsel Lita",
      "createdDate": "2022-07-18T13:42:05.000Z",
      "fileName": "flows/Avoid_Creating_Duplicate_Active_Records.flow",
      "fullName": "Avoid_Creating_Duplicate_Active_Records",
      "id": "3015i000000UR5PAAW",
      "lastModifiedById": "0055i000003ooZFAAY",
      "lastModifiedByName": "Edsel Lita",
      "lastModifiedDate": "2022-07-18T13:42:24.000Z",
      "manageableState": "unmanaged",
      "type": "Flow"
    }
  ]
}