{
  "status": 0,
  "result": [
    {
      "createdById": "0055i000003ooZFAAY",
      "createdByName": "Edsel Lita",
      "createdDate": "2022-06-27T07:33:05.000Z",
      "fileName": "globalValueSets/State.globalValueSet",
      "fullName": "State",
      "id": "0Nt5i000000xF9SCAU",
      "lastModifiedById": "0055i000003ooZFAAY",
      "lastModifiedByName": "Edsel Lita",
      "lastModifiedDate": "2022-06-27T07:33:05.000Z",
      "manageableState": "unmanaged",
      "type": "GlobalValueSet"
    },
    {
      "createdById": "0055i000003ooZFAAY",
      "createdByName": "Edsel Lita",
      "createdDate": "2022-07-01T07:42:36.000Z",
      "fileName": "globalValueSets/District.globalValueSet",
      "fullName": "District",
      "id": "0Nt5i000000xGu8CAE",
      "lastModifiedById": "0055i000003ooZFAAY",
      "lastModifiedByName": "Edsel Lita",
      "lastModifiedDate": "2022-07-01T07:42:36.000Z",
      "manageableState": "unmanaged",
      "type": "GlobalValueSet"
    }
  ]
}