{
  "status": 0,
  "result": [
    {
      "createdById": "0055i000003ooZFAAY",
      "createdByName": "Edsel Lita",
      "createdDate": "2022-06-29T05:11:23.000Z",
      "fileName": "groups/Group_excluding_Customer.group",
      "fullName": "Group_excluding_Customer",
      "id": "00G5i000000u9kuEAA",
      "lastModifiedById": "0055i000003ooZFAAY",
      "lastModifiedByName": "Edsel Lita",
      "lastModifiedDate": "2022-06-29T05:11:23.000Z",
      "type": "Group"
    },
    {
      "createdById": "0055i000003ooZFAAY",
      "createdByName": "Edsel Lita",
      "createdDate": "2022-06-29T14:41:04.000Z",
      "fileName": "groups/Everyone.group",
      "fullName": "Everyone",
      "id": "00G5i000000uA6uEAE",
      "lastModifiedById": "0055i000003ooZFAAY",
      "lastModifiedByName": "Edsel Lita",
      "lastModifiedDate": "2022-06-29T14:41:04.000Z",
      "type": "Group"
    }
  ]
}