{
  "status": 0,
  "result": {
    "createdById": "0055i000003ooZFAAY",
    "createdByName": "Edsel Lita",
    "createdDate": "1970-01-01T00:00:00.000Z",
    "fileName": "iframeWhiteListUrlSettings/IframeWhiteListUrlSettings.iframeWhiteListUrlSettings",
    "fullName": "IframeWhiteListUrlSettings",
    "id": "",
    "lastModifiedById": "0055i000003ooZFAAY",
    "lastModifiedByName": "Edsel Lita",
    "lastModifiedDate": "1970-01-01T00:00:00.000Z",
    "namespacePrefix": "",
    "type": "IframeWhiteListUrlSettings"
  }
}