{
  "status": 0,
  "result": [
    {
      "createdById": "0055i000003uuvvAAA",
      "createdByName": "salesforce.com, inc.",
      "createdDate": "2022-06-20T00:15:08.000Z",
      "fileName": "layouts/PaymentAuthAdjustment-Payment Authorization Adjustment Layout.layout",
      "fullName": "PaymentAuthAdjustment-Payment Authorization Adjustment Layout",
      "id": "00h5i000000pTeIAAU",
      "lastModifiedById": "0055i000003uuvvAAA",
      "lastModifiedByName": "salesforce.com, inc.",
      "lastModifiedDate": "2022-06-20T00:15:08.000Z",
      "manageableState": "unmanaged",
      "type": "Layout"
    },
    {
      "createdById": "0055i000003uuvvAAA",
      "createdByName": "salesforce.com, inc.",
      "createdDate": "2022-06-20T00:15:25.000Z",
      "fileName": "layouts/ReportAnomalyEventStore-Report Anomaly Event Store Layout.layout",
      "fullName": "ReportAnomalyEventStore-Report Anomaly Event Store Layout",
      "id": "00h5i000000pTeTAAU",
      "lastModifiedById": "0055i000003uuvvAAA",
      "lastModifiedByName": "salesforce.com, inc.",
      "lastModifiedDate": "2022-06-20T00:15:25.000Z",
      "manageableState": "unmanaged",
      "type": "Layout"
    },
    {
      "createdById": "0055i000003ooZFAAY",
      "createdByName": "Edsel Lita",
      "createdDate": "2022-06-22T03:34:39.000Z",
      "fileName": "layouts/Student_Grade__c-Student Grade Layout.layout",
      "fullName": "Student_Grade__c-Student Grade Layout",
      "id": "00h5i000000pdGbAAI",
      "lastModifiedById": "0055i000003ooZFAAY",
      "lastModifiedByName": "Edsel Lita",
      "lastModifiedDate": "2022-06-24T06:33:59.000Z",
      "manageableState": "unmanaged",
      "type": "Layout"
    },
    {
      "createdById": "0055i000003ooZFAAY",
      "createdByName": "Edsel Lita",
      "createdDate": "2022-06-20T00:13:07.000Z",
      "fileName": "layouts/ContentVersion-Content Version Layout.layout",
      "fullName": "ContentVersion-Content Version Layout",
      "id": "00h5i000005OqeYAAS",
      "lastModifiedById": "0055i000003ooZFAAY",
      "lastModifiedByName": "Edsel Lita",
      "lastModifiedDate": "2022-06-20T00:13:07.000Z",
      "manageableState": "unmanaged",
      "type": "Layout"
    },
    {
      "createdById": "0055i000003ooZFAAY",
      "createdByName": "Edsel Lita",
      "createdDate": "2022-06-20T00:13:07.000Z",
      "fileName": "layouts/Campaign-Campaign Layout.layout",
      "fullName": "Campaign-Campaign Layout",
      "id": "00h5i000005OqcTAAS",
      "lastModifiedById": "0055i000003ooZFAAY",
      "lastModifiedByName": "Edsel Lita",
      "lastModifiedDate": "2022-06-20T00:15:41.000Z",
      "manageableState": "unmanaged",
      "type": "Layout"
    },
    {
      "createdById": "0055i000003uuvuAAA",
      "createdByName": "Automated Process",
      "createdDate": "2022-06-20T00:13:07.000Z",
      "fileName": "layouts/OperatingHours-Operating Hours Layout.layout",
      "fullName": "OperatingHours-Operating Hours Layout",
      "id": "00h5i000005Oqd7AAC",
      "lastModifiedById": "0055i000003uuvuAAA",
      "lastModifiedByName": "Automated Process",
      "lastModifiedDate": "2022-06-20T00:13:07.000Z",
      "manageableState": "unmanaged",
      "type": "Layout"
    },
    {
      "createdById": "0055i000003uuvvAAA",
      "createdByName": "salesforce.com, inc.",
      "createdDate": "2022-06-20T00:13:07.000Z",
      "fileName": "layouts/BusinessBrand-Business Brand Layout.layout",
      "fullName": "BusinessBrand-Business Brand Layout",
      "id": "00h5i000005OqdKAAS",
      "lastModifiedById": "0055i000003uuvvAAA",
      "lastModifiedByName": "salesforce.com, inc.",
      "lastModifiedDate": "2022-06-20T00:13:07.000Z",
      "manageableState": "unmanaged",
      "type": "Layout"
    },
    {
      "createdById": "0055i000003uuvvAAA",
      "createdByName": "salesforce.com, inc.",
      "createdDate": "2022-06-20T00:13:07.000Z",
      "fileName": "layouts/ReturnOrder-Return Order Layout.layout",
      "fullName": "ReturnOrder-Return Order Layout",
      "id": "00h5i000005OqdbAAC",
      "lastModifiedById": "0055i000003uuvvAAA",
      "lastModifiedByName": "salesforce.com, inc.",
      "lastModifiedDate": "2022-06-20T00:13:07.000Z",
      "manageableState": "unmanaged",
      "type": "Layout"
    },
    {
      "createdById": "0055i000003ooZFAAY",
      "createdByName": "Edsel Lita",
      "createdDate": "2022-06-20T00:13:07.000Z",
      "fileName": "layouts/ScorecardMetric-Scorecard Metric Layout.layout",
      "fullName": "ScorecardMetric-Scorecard Metric Layout",
      "id": "00h5i000005OqenAAC",
      "lastModifiedById": "0055i000003ooZFAAY",
      "lastModifiedByName": "Edsel Lita",
      "lastModifiedDate": "2022-06-20T00:13:07.000Z",
      "manageableState": "unmanaged",
      "type": "Layout"
    },
    {
      "createdById": "0055i000003ooZFAAY",
      "createdByName": "Edsel Lita",
      "createdDate": "2022-06-20T00:13:07.000Z",
      "fileName": "layouts/CaseClose-Close Case Layout.layout",
      "fullName": "CaseClose-Close Case Layout",
      "id": "00h5i000005OqeOAAS",
      "lastModifiedById": "0055i000003ooZFAAY",
      "lastModifiedByName": "Edsel Lita",
      "lastModifiedDate": "2022-06-20T00:13:07.000Z",
      "manageableState": "unmanaged",
      "type": "Layout"
    },
    {
      "createdById": "0055i000003uuvvAAA",
      "createdByName": "salesforce.com, inc.",
      "createdDate": "2022-06-20T00:13:07.000Z",
      "fileName": "layouts/ProductConsumptionSchedule-Product Consumption Schedule Layout.layout",
      "fullName": "ProductConsumptionSchedule-Product Consumption Schedule Layout",
      "id": "00h5i000005OqdoAAC",
      "lastModifiedById": "0055i000003uuvvAAA",
      "lastModifiedByName": "salesforce.com, inc.",
      "lastModifiedDate": "2022-06-20T00:13:07.000Z",
      "manageableState": "unmanaged",
      "type": "Layout"
    },
    {
      "createdById": "0055i000003uuvvAAA",
      "createdByName": "salesforce.com, inc.",
      "createdDate": "2022-06-20T00:15:35.000Z",
      "fileName": "layouts/UserProvAccount-User Provisioning Account Layout.layout",
      "fullName": "UserProvAccount-User Provisioning Account Layout",
      "id": "00h5i000000pTefAAE",
      "lastModifiedById": "0055i000003uuvvAAA",
      "lastModifiedByName": "salesforce.com, inc.",
      "lastModifiedDate": "2022-06-20T00:15:35.000Z",
      "manageableState": "unmanaged",
      "type": "Layout"
    },
    {
      "createdById": "0055i000003uuvuAAA",
      "createdByName": "Automated Process",
      "createdDate": "2022-06-20T00:13:07.000Z",
      "fileName": "layouts/ResourcePreference-Resource Preference Layout.layout",
      "fullName": "ResourcePreference-Resource Preference Layout",
      "id": "00h5i000005Oqd9AAC",
      "lastModifiedById": "0055i000003uuvuAAA",
      "lastModifiedByName": "Automated Process",
      "lastModifiedDate": "2022-06-20T00:13:07.000Z",
      "manageableState": "unmanaged",
      "type": "Layout"
    },
    {
      "createdById": "0055i000003uuvuAAA",
      "createdByName": "Automated Process",
      "createdDate": "2022-06-20T00:13:07.000Z",
      "fileName": "layouts/WorkTypeGroup-Work Type Group Layout.layout",
      "fullName": "WorkTypeGroup-Work Type Group Layout",
      "id": "00h5i000005OqdFAAS",
      "lastModifiedById": "0055i000003uuvuAAA",
      "lastModifiedByName": "Automated Process",
      "lastModifiedDate": "2022-06-20T00:13:07.000Z",
      "manageableState": "unmanaged",
      "type": "Layout"
    },
    {
      "createdById": "0055i000003uuvvAAA",
      "createdByName": "salesforce.com, inc.",
      "createdDate": "2022-06-20T00:15:11.000Z",
      "fileName": "layouts/AuthorizationForm-Authorization Form Layout.layout",
      "fullName": "AuthorizationForm-Authorization Form Layout",
      "id": "00h5i000000pTeKAAU",
      "lastModifiedById": "0055i000003ooZFAAY",
      "lastModifiedByName": "Edsel Lita",
      "lastModifiedDate": "2022-06-20T00:15:11.000Z",
      "manageableState": "unmanaged",
      "type": "Layout"
    },
    {
      "createdById": "0055i000003ooZFAAY",
      "createdByName": "Edsel Lita",
      "createdDate": "2022-06-20T00:13:07.000Z",
      "fileName": "layouts/Case-Case %28Support%29 Layout.layout",
      "fullName": "Case-Case %28Support%29 Layout",
      "id": "00h5i000005Oqc9AAC",
      "lastModifiedById": "0055i000003ooZFAAY",
      "lastModifiedByName": "Edsel Lita",
      "lastModifiedDate": "2022-06-20T00:13:07.000Z",
      "manageableState": "unmanaged",
      "type": "Layout"
    },
    {
      "createdById": "0055i000003ooZFAAY",
      "createdByName": "Edsel Lita",
      "createdDate": "2022-06-20T00:13:07.000Z",
      "fileName": "layouts/Order-Order Layout.layout",
      "fullName": "Order-Order Layout",
      "id": "00h5i000005OqeTAAS",
      "lastModifiedById": "0055i000003ooZFAAY",
      "lastModifiedByName": "Edsel Lita",
      "lastModifiedDate": "2022-06-20T00:13:07.000Z",
      "manageableState": "unmanaged",
      "type": "Layout"
    },
    {
      "createdById": "0055i000003uuvvAAA",
      "createdByName": "salesforce.com, inc.",
      "createdDate": "2022-06-20T00:15:35.000Z",
      "fileName": "layouts/UserProvisioningLog-User Provisioning Log Layout.layout",
      "fullName": "UserProvisioningLog-User Provisioning Log Layout",
      "id": "00h5i000000pTeeAAE",
      "lastModifiedById": "0055i000003uuvvAAA",
      "lastModifiedByName": "salesforce.com, inc.",
      "lastModifiedDate": "2022-06-20T00:15:35.000Z",
      "manageableState": "unmanaged",
      "type": "Layout"
    },
    {
      "createdById": "0055i000003uuvvAAA",
      "createdByName": "salesforce.com, inc.",
      "createdDate": "2022-06-20T00:15:11.000Z",
      "fileName": "layouts/AuthorizationFormDataUse-Authorization Form Data Use Layout.layout",
      "fullName": "AuthorizationFormDataUse-Authorization Form Data Use Layout",
      "id": "00h5i000000pTeNAAU",
      "lastModifiedById": "0055i000003ooZFAAY",
      "lastModifiedByName": "Edsel Lita",
      "lastModifiedDate": "2022-06-20T00:15:11.000Z",
      "manageableState": "unmanaged",
      "type": "Layout"
    },
    {
      "createdById": "0055i000003uuvvAAA",
      "createdByName": "salesforce.com, inc.",
      "createdDate": "2022-06-20T00:13:07.000Z",
      "fileName": "layouts/FinanceTransaction-Finance Transaction Layout.layout",
      "fullName": "FinanceTransaction-Finance Transaction Layout",
      "id": "00h5i000005OqdhAAC",
      "lastModifiedById": "0055i000003uuvvAAA",
      "lastModifiedByName": "salesforce.com, inc.",
      "lastModifiedDate": "2022-06-20T00:13:07.000Z",
      "manageableState": "unmanaged",
      "type": "Layout"
    },
    {
      "createdById": "0055i000003uuvvAAA",
      "createdByName": "salesforce.com, inc.",
      "createdDate": "2022-06-20T00:15:59.000Z",
      "fileName": "layouts/WorkPlanTemplateEntry-Work Plan Template Entry Layout.layout",
      "fullName": "WorkPlanTemplateEntry-Work Plan Template Entry Layout",
      "id": "00h5i000000pTexAAE",
      "lastModifiedById": "0055i000003uuvvAAA",
      "lastModifiedByName": "salesforce.com, inc.",
      "lastModifiedDate": "2022-06-20T00:15:59.000Z",
      "manageableState": "unmanaged",
      "type": "Layout"
    },
    {
      "createdById": "0055i000003uuvuAAA",
      "createdByName": "Automated Process",
      "createdDate": "2022-06-20T00:13:07.000Z",
      "fileName": "layouts/ScorecardAssociation-Scorecard Association Layout.layout",
      "fullName": "ScorecardAssociation-Scorecard Association Layout",
      "id": "00h5i000005OqepAAC",
      "lastModifiedById": "0055i000003uuvuAAA",
      "lastModifiedByName": "Automated Process",
      "lastModifiedDate": "2022-06-20T00:13:07.000Z",
      "manageableState": "unmanaged",
      "type": "Layout"
    },
    {
      "createdById": "0055i000003ooZFAAY",
      "createdByName": "Edsel Lita",
      "createdDate": "2022-06-22T01:58:11.000Z",
      "fileName": "layouts/Student_Master__c-Student Master Layout.layout",
      "fullName": "Student_Master__c-Student Master Layout",
      "id": "00h5i000000pcygAAA",
      "lastModifiedById": "0055i000003uuvuAAA",
      "lastModifiedByName": "Automated Process",
      "lastModifiedDate": "2022-07-15T00:29:41.000Z",
      "manageableState": "unmanaged",
      "type": "Layout"
    },
    {
      "createdById": "0055i000003uuvuAAA",
      "createdByName": "Automated Process",
      "createdDate": "2022-06-20T00:13:07.000Z",
      "fileName": "layouts/ServiceResource-Service Resource Layout.layout",
      "fullName": "ServiceResource-Service Resource Layout",
      "id": "00h5i000005Oqd2AAC",
      "lastModifiedById": "0055i000003uuvuAAA",
      "lastModifiedByName": "Automated Process",
      "lastModifiedDate": "2022-06-20T00:13:07.000Z",
      "manageableState": "unmanaged",
      "type": "Layout"
    },
    {
      "createdById": "0055i000003ooZFAAY",
      "createdByName": "Edsel Lita",
      "createdDate": "2022-06-20T00:13:07.000Z",
      "fileName": "layouts/Lead-Lead %28Support%29 Layout.layout",
      "fullName": "Lead-Lead %28Support%29 Layout",
      "id": "00h5i000005OqcPAAS",
      "lastModifiedById": "0055i000003ooZFAAY",
      "lastModifiedByName": "Edsel Lita",
      "lastModifiedDate": "2022-06-20T00:13:07.000Z",
      "manageableState": "unmanaged",
      "type": "Layout"
    },
    {
      "createdById": "0055i000003uuvvAAA",
      "createdByName": "salesforce.com, inc.",
      "createdDate": "2022-06-20T00:13:07.000Z",
      "fileName": "layouts/FeedItem-Feed Item Layout.layout",
      "fullName": "FeedItem-Feed Item Layout",
      "id": "00h5i000005OqdfAAC",
      "lastModifiedById": "0055i000003uuvvAAA",
      "lastModifiedByName": "salesforce.com, inc.",
      "lastModifiedDate": "2022-06-20T00:13:07.000Z",
      "manageableState": "unmanaged",
      "type": "Layout"
    },
    {
      "createdById": "0055i000003ooZFAAY",
      "createdByName": "Edsel Lita",
      "createdDate": "2022-06-20T00:13:07.000Z",
      "fileName": "layouts/Case-Case %28Marketing%29 Layout.layout",
      "fullName": "Case-Case %28Marketing%29 Layout",
      "id": "00h5i000005Oqc7AAC",
      "lastModifiedById": "0055i000003ooZFAAY",
      "lastModifiedByName": "Edsel Lita",
      "lastModifiedDate": "2022-06-20T00:13:07.000Z",
      "manageableState": "unmanaged",
      "type": "Layout"
    },
    {
      "createdById": "0055i000003ooZFAAY",
      "createdByName": "Edsel Lita",
      "createdDate": "2022-06-20T00:13:07.000Z",
      "fileName": "layouts/Event-Event Layout.layout",
      "fullName": "Event-Event Layout",
      "id": "00h5i000005OqeQAAS",
      "lastModifiedById": "0055i000003ooZFAAY",
      "lastModifiedByName": "Edsel Lita",
      "lastModifiedDate": "2022-06-20T00:16:01.000Z",
      "manageableState": "unmanaged",
      "type": "Layout"
    },
    {
      "createdById": "0055i000003ooZFAAY",
      "createdByName": "Edsel Lita",
      "createdDate": "2022-06-20T00:13:07.000Z",
      "fileName": "layouts/ContactPointPhone-Contact Point Phone Layout.layout",
      "fullName": "ContactPointPhone-Contact Point Phone Layout",
      "id": "00h5i000005OqcsAAC",
      "lastModifiedById": "0055i000003ooZFAAY",
      "lastModifiedByName": "Edsel Lita",
      "lastModifiedDate": "2022-06-20T00:13:07.000Z",
      "manageableState": "unmanaged",
      "type": "Layout"
    },
    {
      "createdById": "0055i000003ooZFAAY",
      "createdByName": "Edsel Lita",
      "createdDate": "2022-06-27T04:01:51.000Z",
      "fileName": "layouts/Customer_List__c-Customer Layout.layout",
      "fullName": "Customer_List__c-Customer Layout",
      "id": "00h5i000000pvM6AAI",
      "lastModifiedById": "0055i000003ooZFAAY",
      "lastModifiedByName": "Edsel Lita",
      "lastModifiedDate": "2022-06-29T05:22:07.000Z",
      "manageableState": "unmanaged",
      "type": "Layout"
    },
    {
      "createdById": "0055i000003uuvvAAA",
      "createdByName": "salesforce.com, inc.",
      "createdDate": "2022-06-20T00:13:07.000Z",
      "fileName": "layouts/PaymentGroup-Payment Group Layout.layout",
      "fullName": "PaymentGroup-Payment Group Layout",
      "id": "00h5i000005OqcjAAC",
      "lastModifiedById": "0055i000003uuvvAAA",
      "lastModifiedByName": "salesforce.com, inc.",
      "lastModifiedDate": "2022-06-20T00:13:07.000Z",
      "manageableState": "unmanaged",
      "type": "Layout"
    },
    {
      "createdById": "0055i000003ooZFAAY",
      "createdByName": "Edsel Lita",
      "createdDate": "2022-06-20T00:13:07.000Z",
      "fileName": "layouts/Contract-Contract Layout.layout",
      "fullName": "Contract-Contract Layout",
      "id": "00h5i000005OqePAAS",
      "lastModifiedById": "0055i000003ooZFAAY",
      "lastModifiedByName": "Edsel Lita",
      "lastModifiedDate": "2022-06-20T00:13:07.000Z",
      "manageableState": "unmanaged",
      "type": "Layout"
    },
    {
      "createdById": "0055i000003ooZFAAY",
      "createdByName": "Edsel Lita",
      "createdDate": "2022-06-20T00:13:07.000Z",
      "fileName": "layouts/Account-Account %28Sales%29 Layout.layout",
      "fullName": "Account-Account %28Sales%29 Layout",
      "id": "00h5i000005OqcKAAS",
      "lastModifiedById": "0055i000003ooZFAAY",
      "lastModifiedByName": "Edsel Lita",
      "lastModifiedDate": "2022-06-20T00:13:07.000Z",
      "manageableState": "unmanaged",
      "type": "Layout"
    },
    {
      "createdById": "0055i000003uuvvAAA",
      "createdByName": "salesforce.com, inc.",
      "createdDate": "2022-06-20T00:15:34.000Z",
      "fileName": "layouts/UserProvisioningRequest-User Provisioning Request Layout.layout",
      "fullName": "UserProvisioningRequest-User Provisioning Request Layout",
      "id": "00h5i000000pTedAAE",
      "lastModifiedById": "0055i000003uuvvAAA",
      "lastModifiedByName": "salesforce.com, inc.",
      "lastModifiedDate": "2022-06-20T00:15:34.000Z",
      "manageableState": "unmanaged",
      "type": "Layout"
    },
    {
      "createdById": "0055i000003ooZFAAY",
      "createdByName": "Edsel Lita",
      "createdDate": "2022-06-20T00:13:07.000Z",
      "fileName": "layouts/Scorecard-Scorecard Layout.layout",
      "fullName": "Scorecard-Scorecard Layout",
      "id": "00h5i000005OqemAAC",
      "lastModifiedById": "0055i000003ooZFAAY",
      "lastModifiedByName": "Edsel Lita",
      "lastModifiedDate": "2022-06-20T00:13:07.000Z",
      "manageableState": "unmanaged",
      "type": "Layout"
    },
    {
      "createdById": "0055i000003ooZFAAY",
      "createdByName": "Edsel Lita",
      "createdDate": "2022-06-20T00:13:07.000Z",
      "fileName": "layouts/Lead-Lead Layout.layout",
      "fullName": "Lead-Lead Layout",
      "id": "00h5i000005OqcQAAS",
      "lastModifiedById": "0055i000003ooZFAAY",
      "lastModifiedByName": "Edsel Lita",
      "lastModifiedDate": "2022-06-20T00:13:07.000Z",
      "manageableState": "unmanaged",
      "type": "Layout"
    },
    {
      "createdById": "0055i000003ooZFAAY",
      "createdByName": "Edsel Lita",
      "createdDate": "2022-06-20T00:13:07.000Z",
      "fileName": "layouts/Account-Account Layout.layout",
      "fullName": "Account-Account Layout",
      "id": "00h5i000005OqcMAAS",
      "lastModifiedById": "0055i000003ooZFAAY",
      "lastModifiedByName": "Edsel Lita",
      "lastModifiedDate": "2022-06-20T00:13:07.000Z",
      "manageableState": "unmanaged",
      "type": "Layout"
    },
    {
      "createdById": "0055i000003uuvvAAA",
      "createdByName": "salesforce.com, inc.",
      "createdDate": "2022-06-20T00:13:07.000Z",
      "fileName": "layouts/Refund-Refund Layout.layout",
      "fullName": "Refund-Refund Layout",
      "id": "00h5i000005OqcgAAC",
      "lastModifiedById": "0055i000003uuvvAAA",
      "lastModifiedByName": "salesforce.com, inc.",
      "lastModifiedDate": "2022-06-20T00:13:07.000Z",
      "manageableState": "unmanaged",
      "type": "Layout"
    },
    {
      "createdById": "0055i000003ooZFAAY",
      "createdByName": "Edsel Lita",
      "createdDate": "2022-06-24T11:23:59.000Z",
      "fileName": "layouts/Property__c-Property Layout.layout",
      "fullName": "Property__c-Property Layout",
      "id": "00h5i000000prDFAAY",
      "lastModifiedById": "0055i000003ooZFAAY",
      "lastModifiedByName": "Edsel Lita",
      "lastModifiedDate": "2022-06-27T04:55:36.000Z",
      "manageableState": "unmanaged",
      "type": "Layout"
    },
    {
      "createdById": "0055i000003uuvvAAA",
      "createdByName": "salesforce.com, inc.",
      "createdDate": "2022-06-20T00:13:07.000Z",
      "fileName": "layouts/DuplicateRecordSet-Duplicate Record Set Layout.layout",
      "fullName": "DuplicateRecordSet-Duplicate Record Set Layout",
      "id": "00h5i000005OqdzAAC",
      "lastModifiedById": "0055i000003uuvvAAA",
      "lastModifiedByName": "salesforce.com, inc.",
      "lastModifiedDate": "2022-06-20T00:13:07.000Z",
      "manageableState": "unmanaged",
      "type": "Layout"
    },
    {
      "createdById": "0055i000003uuvvAAA",
      "createdByName": "salesforce.com, inc.",
      "createdDate": "2022-06-20T00:13:07.000Z",
      "fileName": "layouts/DigitalWallet-Digital Wallet Layout.layout",
      "fullName": "DigitalWallet-Digital Wallet Layout",
      "id": "00h5i000005OqckAAC",
      "lastModifiedById": "0055i000003uuvvAAA",
      "lastModifiedByName": "salesforce.com, inc.",
      "lastModifiedDate": "2022-06-20T00:13:07.000Z",
      "manageableState": "unmanaged",
      "type": "Layout"
    },
    {
      "createdById": "0055i000003ooZFAAY",
      "createdByName": "Edsel Lita",
      "createdDate": "2022-06-20T00:16:23.000Z",
      "fileName": "layouts/EntityMilestone-Object Milestone Layout.layout",
      "fullName": "EntityMilestone-Object Milestone Layout",
      "id": "00h5i000000pTfGAAU",
      "lastModifiedById": "0055i000003ooZFAAY",
      "lastModifiedByName": "Edsel Lita",
      "lastModifiedDate": "2022-06-20T00:16:23.000Z",
      "manageableState": "unmanaged",
      "type": "Layout"
    },
    {
      "createdById": "0055i000003ooZFAAY",
      "createdByName": "Edsel Lita",
      "createdDate": "2022-06-20T00:13:07.000Z",
      "fileName": "layouts/Case-Case %28Sales%29 Layout.layout",
      "fullName": "Case-Case %28Sales%29 Layout",
      "id": "00h5i000005Oqc8AAC",
      "lastModifiedById": "0055i000003ooZFAAY",
      "lastModifiedByName": "Edsel Lita",
      "lastModifiedDate": "2022-06-20T00:13:07.000Z",
      "manageableState": "unmanaged",
      "type": "Layout"
    },
    {
      "createdById": "0055i000003ooZFAAY",
      "createdByName": "Edsel Lita",
      "createdDate": "2022-06-27T04:57:34.000Z",
      "fileName": "layouts/Property_List__c-Property List Layout.layout",
      "fullName": "Property_List__c-Property List Layout",
      "id": "00h5i000000pvVNAAY",
      "lastModifiedById": "0055i000003ooZFAAY",
      "lastModifiedByName": "Edsel Lita",
      "lastModifiedDate": "2022-06-27T14:26:25.000Z",
      "manageableState": "unmanaged",
      "type": "Layout"
    },
    {
      "createdById": "0055i000003uuvvAAA",
      "createdByName": "salesforce.com, inc.",
      "createdDate": "2022-06-20T00:13:07.000Z",
      "fileName": "layouts/Macro-Macro Layout.layout",
      "fullName": "Macro-Macro Layout",
      "id": "00h5i000005OqdpAAC",
      "lastModifiedById": "0055i000003uuvvAAA",
      "lastModifiedByName": "salesforce.com, inc.",
      "lastModifiedDate": "2022-06-20T00:13:07.000Z",
      "manageableState": "unmanaged",
      "type": "Layout"
    },
    {
      "createdById": "0055i000003uuvuAAA",
      "createdByName": "Automated Process",
      "createdDate": "2022-06-20T00:13:07.000Z",
      "fileName": "layouts/AssignedResource-Assigned Resource Layout.layout",
      "fullName": "AssignedResource-Assigned Resource Layout",
      "id": "00h5i000005OqdCAAS",
      "lastModifiedById": "0055i000003uuvuAAA",
      "lastModifiedByName": "Automated Process",
      "lastModifiedDate": "2022-06-20T00:13:07.000Z",
      "manageableState": "unmanaged",
      "type": "Layout"
    },
    {
      "createdById": "0055i000003uuvvAAA",
      "createdByName": "salesforce.com, inc.",
      "createdDate": "2022-06-20T00:13:07.000Z",
      "fileName": "layouts/PaymentAuthorization-Payment Authorization Layout.layout",
      "fullName": "PaymentAuthorization-Payment Authorization Layout",
      "id": "00h5i000005OqcnAAC",
      "lastModifiedById": "0055i000003uuvvAAA",
      "lastModifiedByName": "salesforce.com, inc.",
      "lastModifiedDate": "2022-06-20T00:13:07.000Z",
      "manageableState": "unmanaged",
      "type": "Layout"
    },
    {
      "createdById": "0055i000003uuvuAAA",
      "createdByName": "Automated Process",
      "createdDate": "2022-06-20T00:13:07.000Z",
      "fileName": "layouts/ServiceTerritoryMember-Service Territory Member Layout.layout",
      "fullName": "ServiceTerritoryMember-Service Territory Member Layout",
      "id": "00h5i000005Oqd4AAC",
      "lastModifiedById": "0055i000003uuvuAAA",
      "lastModifiedByName": "Automated Process",
      "lastModifiedDate": "2022-06-20T00:13:07.000Z",
      "manageableState": "unmanaged",
      "type": "Layout"
    },
    {
      "createdById": "0055i000003ooZFAAY",
      "createdByName": "Edsel Lita",
      "createdDate": "2022-06-20T00:13:07.000Z",
      "fileName": "layouts/OpportunityLineItem-Opportunity Product Layout.layout",
      "fullName": "OpportunityLineItem-Opportunity Product Layout",
      "id": "00h5i000005OqeSAAS",
      "lastModifiedById": "0055i000003ooZFAAY",
      "lastModifiedByName": "Edsel Lita",
      "lastModifiedDate": "2022-06-20T00:13:07.000Z",
      "manageableState": "unmanaged",
      "type": "Layout"
    },
    {
      "createdById": "0055i000003uuvvAAA",
      "createdByName": "salesforce.com, inc.",
      "createdDate": "2022-06-20T00:13:07.000Z",
      "fileName": "layouts/Payment-Payment Layout.layout",
      "fullName": "Payment-Payment Layout",
      "id": "00h5i000005OqclAAC",
      "lastModifiedById": "0055i000003uuvvAAA",
      "lastModifiedByName": "salesforce.com, inc.",
      "lastModifiedDate": "2022-06-20T00:13:07.000Z",
      "manageableState": "unmanaged",
      "type": "Layout"
    },
    {
      "createdById": "0055i000003uuvvAAA",
      "createdByName": "salesforce.com, inc.",
      "createdDate": "2022-06-20T00:13:07.000Z",
      "fileName": "layouts/ConsumptionRate-Consumption Rate Layout.layout",
      "fullName": "ConsumptionRate-Consumption Rate Layout",
      "id": "00h5i000005OqdnAAC",
      "lastModifiedById": "0055i000003uuvvAAA",
      "lastModifiedByName": "salesforce.com, inc.",
      "lastModifiedDate": "2022-06-20T00:13:07.000Z",
      "manageableState": "unmanaged",
      "type": "Layout"
    },
    {
      "createdById": "0055i000003uuvvAAA",
      "createdByName": "salesforce.com, inc.",
      "createdDate": "2022-06-20T00:13:07.000Z",
      "fileName": "layouts/ReturnOrderItemAdjustment-Return Order Item Adjustment Layout.layout",
      "fullName": "ReturnOrderItemAdjustment-Return Order Item Adjustment Layout",
      "id": "00h5i000005OqddAAC",
      "lastModifiedById": "0055i000003uuvvAAA",
      "lastModifiedByName": "salesforce.com, inc.",
      "lastModifiedDate": "2022-06-20T00:13:07.000Z",
      "manageableState": "unmanaged",
      "type": "Layout"
    },
    {
      "createdById": "0055i000003ooZFAAY",
      "createdByName": "Edsel Lita",
      "createdDate": "2022-06-20T00:15:53.000Z",
      "fileName": "layouts/WorkOrderLineItem-Work Order Line Item Layout.layout",
      "fullName": "WorkOrderLineItem-Work Order Line Item Layout",
      "id": "00h5i000000pTetAAE",
      "lastModifiedById": "0055i000003ooZFAAY",
      "lastModifiedByName": "Edsel Lita",
      "lastModifiedDate": "2022-06-20T00:15:53.000Z",
      "manageableState": "unmanaged",
      "type": "Layout"
    },
    {
      "createdById": "0055i000003uuvvAAA",
      "createdByName": "salesforce.com, inc.",
      "createdDate": "2022-06-20T00:13:07.000Z",
      "fileName": "layouts/Invoice-Invoice Layout.layout",
      "fullName": "Invoice-Invoice Layout",
      "id": "00h5i000005OqcxAAC",
      "lastModifiedById": "0055i000003uuvvAAA",
      "lastModifiedByName": "salesforce.com, inc.",
      "lastModifiedDate": "2022-06-20T00:13:07.000Z",
      "manageableState": "unmanaged",
      "type": "Layout"
    },
    {
      "createdById": "0055i000003ooZFAAY",
      "createdByName": "Edsel Lita",
      "createdDate": "2022-06-20T00:13:07.000Z",
      "fileName": "layouts/User-User Layout.layout",
      "fullName": "User-User Layout",
      "id": "00h5i000005OqeXAAS",
      "lastModifiedById": "0055i000003ooZFAAY",
      "lastModifiedByName": "Edsel Lita",
      "lastModifiedDate": "2022-06-20T00:13:07.000Z",
      "manageableState": "unmanaged",
      "type": "Layout"
    },
    {
      "createdById": "0055i000003ooZFAAY",
      "createdByName": "Edsel Lita",
      "createdDate": "2022-06-20T00:15:52.000Z",
      "fileName": "layouts/WorkOrder-Work Order Layout.layout",
      "fullName": "WorkOrder-Work Order Layout",
      "id": "00h5i000000pTesAAE",
      "lastModifiedById": "0055i000003ooZFAAY",
      "lastModifiedByName": "Edsel Lita",
      "lastModifiedDate": "2022-06-20T00:15:52.000Z",
      "manageableState": "unmanaged",
      "type": "Layout"
    },
    {
      "createdById": "0055i000003ooZFAAY",
      "createdByName": "Edsel Lita",
      "createdDate": "2022-06-20T00:16:23.000Z",
      "fileName": "layouts/ServiceContract-Service Contract Layout.layout",
      "fullName": "ServiceContract-Service Contract Layout",
      "id": "00h5i000000pTfDAAU",
      "lastModifiedById": "0055i000003ooZFAAY",
      "lastModifiedByName": "Edsel Lita",
      "lastModifiedDate": "2022-06-20T00:16:23.000Z",
      "manageableState": "unmanaged",
      "type": "Layout"
    },
    {
      "createdById": "0055i000003uuvuAAA",
      "createdByName": "Automated Process",
      "createdDate": "2022-06-20T00:13:07.000Z",
      "fileName": "layouts/TimeSlot-Time Slot Layout.layout",
      "fullName": "TimeSlot-Time Slot Layout",
      "id": "00h5i000005OqdAAAS",
      "lastModifiedById": "0055i000003uuvuAAA",
      "lastModifiedByName": "Automated Process",
      "lastModifiedDate": "2022-06-20T00:13:07.000Z",
      "manageableState": "unmanaged",
      "type": "Layout"
    },
    {
      "createdById": "0055i000003ooZFAAY",
      "createdByName": "Edsel Lita",
      "createdDate": "2022-06-20T00:13:07.000Z",
      "fileName": "layouts/Lead-Lead %28Sales%29 Layout.layout",
      "fullName": "Lead-Lead %28Sales%29 Layout",
      "id": "00h5i000005OqcOAAS",
      "lastModifiedById": "0055i000003ooZFAAY",
      "lastModifiedByName": "Edsel Lita",
      "lastModifiedDate": "2022-06-20T00:13:07.000Z",
      "manageableState": "unmanaged",
      "type": "Layout"
    },
    {
      "createdById": "0055i000003ooZFAAY",
      "createdByName": "Edsel Lita",
      "createdDate": "2022-06-20T00:13:07.000Z",
      "fileName": "layouts/Asset-Asset Layout.layout",
      "fullName": "Asset-Asset Layout",
      "id": "00h5i000005OqeNAAS",
      "lastModifiedById": "0055i000003ooZFAAY",
      "lastModifiedByName": "Edsel Lita",
      "lastModifiedDate": "2022-06-20T00:13:07.000Z",
      "manageableState": "unmanaged",
      "type": "Layout"
    },
    {
      "createdById": "0055i000003uuvvAAA",
      "createdByName": "salesforce.com, inc.",
      "createdDate": "2022-06-20T00:13:07.000Z",
      "fileName": "layouts/CreditMemoLine-Credit Memo Line Layout.layout",
      "fullName": "CreditMemoLine-Credit Memo Line Layout",
      "id": "00h5i000005Oqd0AAC",
      "lastModifiedById": "0055i000003uuvvAAA",
      "lastModifiedByName": "salesforce.com, inc.",
      "lastModifiedDate": "2022-06-20T00:13:07.000Z",
      "manageableState": "unmanaged",
      "type": "Layout"
    },
    {
      "createdById": "0055i000003uuvvAAA",
      "createdByName": "salesforce.com, inc.",
      "createdDate": "2022-06-20T00:13:07.000Z",
      "fileName": "layouts/AssetStatePeriod-Asset State Period Layout.layout",
      "fullName": "AssetStatePeriod-Asset State Period Layout",
      "id": "00h5i000005OqdaAAC",
      "lastModifiedById": "0055i000003uuvvAAA",
      "lastModifiedByName": "salesforce.com, inc.",
      "lastModifiedDate": "2022-06-20T00:13:07.000Z",
      "manageableState": "unmanaged",
      "type": "Layout"
    },
    {
      "createdById": "0055i000003uuvvAAA",
      "createdByName": "salesforce.com, inc.",
      "createdDate": "2022-06-20T00:13:07.000Z",
      "fileName": "layouts/PaymentGateway-Payment Gateway Layout.layout",
      "fullName": "PaymentGateway-Payment Gateway Layout",
      "id": "00h5i000005OqciAAC",
      "lastModifiedById": "0055i000003uuvvAAA",
      "lastModifiedByName": "salesforce.com, inc.",
      "lastModifiedDate": "2022-06-20T00:13:07.000Z",
      "manageableState": "unmanaged",
      "type": "Layout"
    },
    {
      "createdById": "0055i000003uuvvAAA",
      "createdByName": "salesforce.com, inc.",
      "createdDate": "2022-06-20T00:13:07.000Z",
      "fileName": "layouts/RefundLinePayment-Refund Line Payment Layout.layout",
      "fullName": "RefundLinePayment-Refund Line Payment Layout",
      "id": "00h5i000005OqchAAC",
      "lastModifiedById": "0055i000003uuvvAAA",
      "lastModifiedByName": "salesforce.com, inc.",
      "lastModifiedDate": "2022-06-20T00:13:07.000Z",
      "manageableState": "unmanaged",
      "type": "Layout"
    },
    {
      "createdById": "0055i000003uuvvAAA",
      "createdByName": "salesforce.com, inc.",
      "createdDate": "2022-06-20T00:15:39.000Z",
      "fileName": "layouts/AssetRelationship-Asset Relationship Layout.layout",
      "fullName": "AssetRelationship-Asset Relationship Layout",
      "id": "00h5i000000pTegAAE",
      "lastModifiedById": "0055i000003uuvvAAA",
      "lastModifiedByName": "salesforce.com, inc.",
      "lastModifiedDate": "2022-06-20T00:15:39.000Z",
      "manageableState": "unmanaged",
      "type": "Layout"
    },
    {
      "createdById": "0055i000003uuvvAAA",
      "createdByName": "salesforce.com, inc.",
      "createdDate": "2022-06-20T00:15:26.000Z",
      "fileName": "layouts/ApiAnomalyEventStore-API Anomaly Event Store Layout.layout",
      "fullName": "ApiAnomalyEventStore-API Anomaly Event Store Layout",
      "id": "00h5i000000pTeWAAU",
      "lastModifiedById": "0055i000003uuvvAAA",
      "lastModifiedByName": "salesforce.com, inc.",
      "lastModifiedDate": "2022-06-20T00:15:26.000Z",
      "manageableState": "unmanaged",
      "type": "Layout"
    },
    {
      "createdById": "0055i000003ooZFAAY",
      "createdByName": "Edsel Lita",
      "createdDate": "2022-06-27T02:49:17.000Z",
      "fileName": "layouts/QuoteLineItem-Quote Line Item Layout.layout",
      "fullName": "QuoteLineItem-Quote Line Item Layout",
      "id": "00h5i000000pvFQAAY",
      "lastModifiedById": "0055i000003ooZFAAY",
      "lastModifiedByName": "Edsel Lita",
      "lastModifiedDate": "2022-06-27T02:49:17.000Z",
      "manageableState": "unmanaged",
      "type": "Layout"
    },
    {
      "createdById": "0055i000003uuvuAAA",
      "createdByName": "Automated Process",
      "createdDate": "2022-06-20T00:13:07.000Z",
      "fileName": "layouts/WorkType-Work Type Layout.layout",
      "fullName": "WorkType-Work Type Layout",
      "id": "00h5i000005Oqd1AAC",
      "lastModifiedById": "0055i000003uuvuAAA",
      "lastModifiedByName": "Automated Process",
      "lastModifiedDate": "2022-06-20T00:13:07.000Z",
      "manageableState": "unmanaged",
      "type": "Layout"
    },
    {
      "createdById": "0055i000003ooZFAAY",
      "createdByName": "Edsel Lita",
      "createdDate": "2022-06-20T00:13:07.000Z",
      "fileName": "layouts/Opportunity-Opportunity %28Marketing%29 Layout.layout",
      "fullName": "Opportunity-Opportunity %28Marketing%29 Layout",
      "id": "00h5i000005OqcBAAS",
      "lastModifiedById": "0055i000003ooZFAAY",
      "lastModifiedByName": "Edsel Lita",
      "lastModifiedDate": "2022-07-21T06:27:44.000Z",
      "manageableState": "unmanaged",
      "type": "Layout"
    },
    {
      "createdById": "0055i000003uuvvAAA",
      "createdByName": "salesforce.com, inc.",
      "createdDate": "2022-06-20T00:13:07.000Z",
      "fileName": "layouts/FinanceBalanceSnapshot-Finance Balance Snapshot Layout.layout",
      "fullName": "FinanceBalanceSnapshot-Finance Balance Snapshot Layout",
      "id": "00h5i000005OqdgAAC",
      "lastModifiedById": "0055i000003uuvvAAA",
      "lastModifiedByName": "salesforce.com, inc.",
      "lastModifiedDate": "2022-06-20T00:13:07.000Z",
      "manageableState": "unmanaged",
      "type": "Layout"
    },
    {
      "createdById": "0055i000003uuvuAAA",
      "createdByName": "Automated Process",
      "createdDate": "2022-06-20T00:13:07.000Z",
      "fileName": "layouts/ServiceAppointment-Service Appointment Layout.layout",
      "fullName": "ServiceAppointment-Service Appointment Layout",
      "id": "00h5i000005OqdDAAS",
      "lastModifiedById": "0055i000003uuvuAAA",
      "lastModifiedByName": "Automated Process",
      "lastModifiedDate": "2022-06-20T00:13:07.000Z",
      "manageableState": "unmanaged",
      "type": "Layout"
    },
    {
      "createdById": "0055i000003uuvvAAA",
      "createdByName": "salesforce.com, inc.",
      "createdDate": "2022-06-20T00:13:07.000Z",
      "fileName": "layouts/CreditMemo-Credit Memo Layout.layout",
      "fullName": "CreditMemo-Credit Memo Layout",
      "id": "00h5i000005OqczAAC",
      "lastModifiedById": "0055i000003uuvvAAA",
      "lastModifiedByName": "salesforce.com, inc.",
      "lastModifiedDate": "2022-06-20T00:13:07.000Z",
      "manageableState": "unmanaged",
      "type": "Layout"
    },
    {
      "createdById": "0055i000003uuvvAAA",
      "createdByName": "salesforce.com, inc.",
      "createdDate": "2022-06-20T00:15:33.000Z",
      "fileName": "layouts/EmailMessage-Email Message Layout.layout",
      "fullName": "EmailMessage-Email Message Layout",
      "id": "00h5i000000pTeXAAU",
      "lastModifiedById": "0055i000003uuvvAAA",
      "lastModifiedByName": "salesforce.com, inc.",
      "lastModifiedDate": "2022-06-20T00:15:33.000Z",
      "manageableState": "unmanaged",
      "type": "Layout"
    },
    {
      "createdById": "0055i000003ooZFAAY",
      "createdByName": "Edsel Lita",
      "createdDate": "2022-06-20T00:13:07.000Z",
      "fileName": "layouts/Contact-Contact %28Support%29 Layout.layout",
      "fullName": "Contact-Contact %28Support%29 Layout",
      "id": "00h5i000005OqcHAAS",
      "lastModifiedById": "0055i000003ooZFAAY",
      "lastModifiedByName": "Edsel Lita",
      "lastModifiedDate": "2022-06-20T00:13:07.000Z",
      "manageableState": "unmanaged",
      "type": "Layout"
    },
    {
      "createdById": "0055i000003ooZFAAY",
      "createdByName": "Edsel Lita",
      "createdDate": "2022-06-27T04:08:28.000Z",
      "fileName": "layouts/Quotation__c-Quotation Layout.layout",
      "fullName": "Quotation__c-Quotation Layout",
      "id": "00h5i000000pvMfAAI",
      "lastModifiedById": "0055i000003ooZFAAY",
      "lastModifiedByName": "Edsel Lita",
      "lastModifiedDate": "2022-08-06T06:02:52.000Z",
      "manageableState": "unmanaged",
      "type": "Layout"
    },
    {
      "createdById": "0055i000003ooZFAAY",
      "createdByName": "Edsel Lita",
      "createdDate": "2022-06-20T00:16:23.000Z",
      "fileName": "layouts/CaseMilestone-Case Milestone Layout.layout",
      "fullName": "CaseMilestone-Case Milestone Layout",
      "id": "00h5i000000pTfFAAU",
      "lastModifiedById": "0055i000003ooZFAAY",
      "lastModifiedByName": "Edsel Lita",
      "lastModifiedDate": "2022-06-20T00:16:23.000Z",
      "manageableState": "unmanaged",
      "type": "Layout"
    },
    {
      "createdById": "0055i000003uuvvAAA",
      "createdByName": "salesforce.com, inc.",
      "createdDate": "2022-06-20T00:13:07.000Z",
      "fileName": "layouts/PaymentGatewayLog-Payment Gateway Log Layout.layout",
      "fullName": "PaymentGatewayLog-Payment Gateway Log Layout",
      "id": "00h5i000005OqcfAAC",
      "lastModifiedById": "0055i000003uuvvAAA",
      "lastModifiedByName": "salesforce.com, inc.",
      "lastModifiedDate": "2022-06-20T00:13:07.000Z",
      "manageableState": "unmanaged",
      "type": "Layout"
    },
    {
      "createdById": "0055i000003ooZFAAY",
      "createdByName": "Edsel Lita",
      "createdDate": "2022-06-20T00:13:07.000Z",
      "fileName": "layouts/Task-Task Layout.layout",
      "fullName": "Task-Task Layout",
      "id": "00h5i000005OqcSAAS",
      "lastModifiedById": "0055i000003ooZFAAY",
      "lastModifiedByName": "Edsel Lita",
      "lastModifiedDate": "2022-06-20T00:15:41.000Z",
      "manageableState": "unmanaged",
      "type": "Layout"
    },
    {
      "createdById": "0055i000003ooZFAAY",
      "createdByName": "Edsel Lita",
      "createdDate": "2022-06-20T00:13:07.000Z",
      "fileName": "layouts/Individual-Individual Layout.layout",
      "fullName": "Individual-Individual Layout",
      "id": "00h5i000005OqdlAAC",
      "lastModifiedById": "0055i000003ooZFAAY",
      "lastModifiedByName": "Edsel Lita",
      "lastModifiedDate": "2022-06-20T00:13:07.000Z",
      "manageableState": "unmanaged",
      "type": "Layout"
    },
    {
      "createdById": "0055i000003ooZFAAY",
      "createdByName": "Edsel Lita",
      "createdDate": "2022-06-20T00:13:07.000Z",
      "fileName": "layouts/Contact-Contact Layout.layout",
      "fullName": "Contact-Contact Layout",
      "id": "00h5i000005OqcIAAS",
      "lastModifiedById": "0055i000003ooZFAAY",
      "lastModifiedByName": "Edsel Lita",
      "lastModifiedDate": "2022-06-20T00:13:07.000Z",
      "manageableState": "unmanaged",
      "type": "Layout"
    },
    {
      "createdById": "0055i000003uuvvAAA",
      "createdByName": "salesforce.com, inc.",
      "createdDate": "2022-06-20T00:13:07.000Z",
      "fileName": "layouts/AssetActionSource-Asset Action Source Layout.layout",
      "fullName": "AssetActionSource-Asset Action Source Layout",
      "id": "00h5i000005OqdZAAS",
      "lastModifiedById": "0055i000003uuvvAAA",
      "lastModifiedByName": "salesforce.com, inc.",
      "lastModifiedDate": "2022-06-20T00:13:07.000Z",
      "manageableState": "unmanaged",
      "type": "Layout"
    },
    {
      "createdById": "0055i000003uuvvAAA",
      "createdByName": "salesforce.com, inc.",
      "createdDate": "2022-06-20T00:13:07.000Z",
      "fileName": "layouts/ConsumptionSchedule-Consumption Schedule Layout.layout",
      "fullName": "ConsumptionSchedule-Consumption Schedule Layout",
      "id": "00h5i000005OqdmAAC",
      "lastModifiedById": "0055i000003uuvvAAA",
      "lastModifiedByName": "salesforce.com, inc.",
      "lastModifiedDate": "2022-06-20T00:13:07.000Z",
      "manageableState": "unmanaged",
      "type": "Layout"
    },
    {
      "createdById": "0055i000003uuvvAAA",
      "createdByName": "salesforce.com, inc.",
      "createdDate": "2022-06-20T00:15:26.000Z",
      "fileName": "layouts/ThreatDetectionFeedback-Threat Detection Feedback Layout.layout",
      "fullName": "ThreatDetectionFeedback-Threat Detection Feedback Layout",
      "id": "00h5i000000pTeVAAU",
      "lastModifiedById": "0055i000003uuvvAAA",
      "lastModifiedByName": "salesforce.com, inc.",
      "lastModifiedDate": "2022-06-20T00:15:26.000Z",
      "manageableState": "unmanaged",
      "type": "Layout"
    },
    {
      "createdById": "0055i000003uuvuAAA",
      "createdByName": "Automated Process",
      "createdDate": "2022-06-20T00:13:07.000Z",
      "fileName": "layouts/CommunityMemberLayout-Community Member Layout.layout",
      "fullName": "CommunityMemberLayout-Community Member Layout",
      "id": "00h5i000005OqelAAC",
      "lastModifiedById": "0055i000003uuvuAAA",
      "lastModifiedByName": "Automated Process",
      "lastModifiedDate": "2022-06-20T00:13:07.000Z",
      "manageableState": "unmanaged",
      "type": "Layout"
    },
    {
      "createdById": "0055i000003uuvvAAA",
      "createdByName": "salesforce.com, inc.",
      "createdDate": "2022-06-20T00:15:07.000Z",
      "fileName": "layouts/AlternativePaymentMethod-Alternative Payment Method Layout.layout",
      "fullName": "AlternativePaymentMethod-Alternative Payment Method Layout",
      "id": "00h5i000000pTeHAAU",
      "lastModifiedById": "0055i000003uuvvAAA",
      "lastModifiedByName": "salesforce.com, inc.",
      "lastModifiedDate": "2022-06-20T00:15:07.000Z",
      "manageableState": "unmanaged",
      "type": "Layout"
    },
    {
      "createdById": "0055i000003ooZFAAY",
      "createdByName": "Edsel Lita",
      "createdDate": "2022-06-20T00:16:23.000Z",
      "fileName": "layouts/ContractLineItem-Contract Line Item Layout.layout",
      "fullName": "ContractLineItem-Contract Line Item Layout",
      "id": "00h5i000000pTfEAAU",
      "lastModifiedById": "0055i000003ooZFAAY",
      "lastModifiedByName": "Edsel Lita",
      "lastModifiedDate": "2022-06-20T00:16:23.000Z",
      "manageableState": "unmanaged",
      "type": "Layout"
    },
    {
      "createdById": "0055i000003ooZFAAY",
      "createdByName": "Edsel Lita",
      "createdDate": "2022-06-20T00:13:07.000Z",
      "fileName": "layouts/Opportunity-Opportunity Layout.layout",
      "fullName": "Opportunity-Opportunity Layout",
      "id": "00h5i000005OqcEAAS",
      "lastModifiedById": "0055i000003ooZFAAY",
      "lastModifiedByName": "Edsel Lita",
      "lastModifiedDate": "2022-07-21T06:27:44.000Z",
      "manageableState": "unmanaged",
      "type": "Layout"
    },
    {
      "createdById": "0055i000003ooZFAAY",
      "createdByName": "Edsel Lita",
      "createdDate": "2022-06-20T00:13:07.000Z",
      "fileName": "layouts/Product2-Product Layout.layout",
      "fullName": "Product2-Product Layout",
      "id": "00h5i000005OqeVAAS",
      "lastModifiedById": "0055i000003ooZFAAY",
      "lastModifiedByName": "Edsel Lita",
      "lastModifiedDate": "2022-06-20T00:13:07.000Z",
      "manageableState": "unmanaged",
      "type": "Layout"
    },
    {
      "createdById": "0055i000003uuvvAAA",
      "createdByName": "salesforce.com, inc.",
      "createdDate": "2022-06-20T00:15:11.000Z",
      "fileName": "layouts/AuthorizationFormText-Authorization Form Text Layout.layout",
      "fullName": "AuthorizationFormText-Authorization Form Text Layout",
      "id": "00h5i000000pTeLAAU",
      "lastModifiedById": "0055i000003ooZFAAY",
      "lastModifiedByName": "Edsel Lita",
      "lastModifiedDate": "2022-06-20T00:15:11.000Z",
      "manageableState": "unmanaged",
      "type": "Layout"
    },
    {
      "createdById": "0055i000003uuvuAAA",
      "createdByName": "Automated Process",
      "createdDate": "2022-06-20T00:13:07.000Z",
      "fileName": "layouts/QuickText-Quick Text Layout.layout",
      "fullName": "QuickText-Quick Text Layout",
      "id": "00h5i000005OqeoAAC",
      "lastModifiedById": "0055i000003uuvuAAA",
      "lastModifiedByName": "Automated Process",
      "lastModifiedDate": "2022-06-20T00:13:07.000Z",
      "manageableState": "unmanaged",
      "type": "Layout"
    },
    {
      "createdById": "0055i000003uuvvAAA",
      "createdByName": "salesforce.com, inc.",
      "createdDate": "2022-06-20T00:15:11.000Z",
      "fileName": "layouts/DataUseLegalBasis-Data Use Legal Basis Layout.layout",
      "fullName": "DataUseLegalBasis-Data Use Legal Basis Layout",
      "id": "00h5i000000pTeQAAU",
      "lastModifiedById": "0055i000003ooZFAAY",
      "lastModifiedByName": "Edsel Lita",
      "lastModifiedDate": "2022-06-20T00:15:11.000Z",
      "manageableState": "unmanaged",
      "type": "Layout"
    },
    {
      "createdById": "0055i000003uuvuAAA",
      "createdByName": "Automated Process",
      "createdDate": "2022-06-20T00:16:38.000Z",
      "fileName": "layouts/AppointmentInvitation-Appointment Invitation Layout.layout",
      "fullName": "AppointmentInvitation-Appointment Invitation Layout",
      "id": "00h5i000000pTezAAE",
      "lastModifiedById": "0055i000003uuvuAAA",
      "lastModifiedByName": "Automated Process",
      "lastModifiedDate": "2022-06-20T00:16:38.000Z",
      "manageableState": "unmanaged",
      "type": "Layout"
    },
    {
      "createdById": "0055i000003ooZFAAY",
      "createdByName": "Edsel Lita",
      "createdDate": "2022-06-20T00:13:07.000Z",
      "fileName": "layouts/Case-Case Layout.layout",
      "fullName": "Case-Case Layout",
      "id": "00h5i000005OqcAAAS",
      "lastModifiedById": "0055i000003ooZFAAY",
      "lastModifiedByName": "Edsel Lita",
      "lastModifiedDate": "2022-06-20T00:13:07.000Z",
      "manageableState": "unmanaged",
      "type": "Layout"
    },
    {
      "createdById": "0055i000003ooZFAAY",
      "createdByName": "Edsel Lita",
      "createdDate": "2022-06-24T11:23:59.000Z",
      "fileName": "layouts/Broker__c-Broker Layout.layout",
      "fullName": "Broker__c-Broker Layout",
      "id": "00h5i000000prDEAAY",
      "lastModifiedById": "0055i000003ooZFAAY",
      "lastModifiedByName": "Edsel Lita",
      "lastModifiedDate": "2022-06-24T11:24:02.000Z",
      "manageableState": "unmanaged",
      "type": "Layout"
    },
    {
      "createdById": "0055i000003ooZFAAY",
      "createdByName": "Edsel Lita",
      "createdDate": "2022-06-20T00:13:07.000Z",
      "fileName": "layouts/Account-Account %28Support%29 Layout.layout",
      "fullName": "Account-Account %28Support%29 Layout",
      "id": "00h5i000005OqcLAAS",
      "lastModifiedById": "0055i000003ooZFAAY",
      "lastModifiedByName": "Edsel Lita",
      "lastModifiedDate": "2022-06-20T00:13:07.000Z",
      "manageableState": "unmanaged",
      "type": "Layout"
    },
    {
      "createdById": "0055i000003ooZFAAY",
      "createdByName": "Edsel Lita",
      "createdDate": "2022-06-20T00:13:07.000Z",
      "fileName": "layouts/OrderItem-Order Product Layout.layout",
      "fullName": "OrderItem-Order Product Layout",
      "id": "00h5i000005OqeUAAS",
      "lastModifiedById": "0055i000003ooZFAAY",
      "lastModifiedByName": "Edsel Lita",
      "lastModifiedDate": "2022-06-20T00:13:07.000Z",
      "manageableState": "unmanaged",
      "type": "Layout"
    },
    {
      "createdById": "0055i000003uuvvAAA",
      "createdByName": "salesforce.com, inc.",
      "createdDate": "2022-06-20T00:13:07.000Z",
      "fileName": "layouts/ReturnOrderLineItem-Return Order Line Item Layout.layout",
      "fullName": "ReturnOrderLineItem-Return Order Line Item Layout",
      "id": "00h5i000005OqdcAAC",
      "lastModifiedById": "0055i000003uuvvAAA",
      "lastModifiedByName": "salesforce.com, inc.",
      "lastModifiedDate": "2022-06-20T00:13:07.000Z",
      "manageableState": "unmanaged",
      "type": "Layout"
    },
    {
      "createdById": "0055i000003ooZFAAY",
      "createdByName": "Edsel Lita",
      "createdDate": "2022-06-20T00:13:07.000Z",
      "fileName": "layouts/PricebookEntry-Price Book Entry Layout.layout",
      "fullName": "PricebookEntry-Price Book Entry Layout",
      "id": "00h5i000005OqdqAAC",
      "lastModifiedById": "0055i000003ooZFAAY",
      "lastModifiedByName": "Edsel Lita",
      "lastModifiedDate": "2022-06-20T00:13:07.000Z",
      "manageableState": "unmanaged",
      "type": "Layout"
    },
    {
      "createdById": "0055i000003uuvvAAA",
      "createdByName": "salesforce.com, inc.",
      "createdDate": "2022-06-20T00:15:59.000Z",
      "fileName": "layouts/WorkPlanTemplate-Work Plan Template Layout.layout",
      "fullName": "WorkPlanTemplate-Work Plan Template Layout",
      "id": "00h5i000000pTewAAE",
      "lastModifiedById": "0055i000003uuvvAAA",
      "lastModifiedByName": "salesforce.com, inc.",
      "lastModifiedDate": "2022-06-20T00:15:59.000Z",
      "manageableState": "unmanaged",
      "type": "Layout"
    },
    {
      "createdById": "0055i000003ooZFAAY",
      "createdByName": "Edsel Lita",
      "createdDate": "2022-06-20T00:13:07.000Z",
      "fileName": "layouts/Contact-Contact %28Marketing%29 Layout.layout",
      "fullName": "Contact-Contact %28Marketing%29 Layout",
      "id": "00h5i000005OqcFAAS",
      "lastModifiedById": "0055i000003ooZFAAY",
      "lastModifiedByName": "Edsel Lita",
      "lastModifiedDate": "2022-06-20T00:13:07.000Z",
      "manageableState": "unmanaged",
      "type": "Layout"
    },
    {
      "createdById": "0055i000003uuvuAAA",
      "createdByName": "Automated Process",
      "createdDate": "2022-06-20T00:13:07.000Z",
      "fileName": "layouts/ServiceResourceSkill-Service Resource Skill Layout.layout",
      "fullName": "ServiceResourceSkill-Service Resource Skill Layout",
      "id": "00h5i000005Oqd5AAC",
      "lastModifiedById": "0055i000003uuvuAAA",
      "lastModifiedByName": "Automated Process",
      "lastModifiedDate": "2022-06-20T00:13:07.000Z",
      "manageableState": "unmanaged",
      "type": "Layout"
    },
    {
      "createdById": "0055i000003uuvvAAA",
      "createdByName": "salesforce.com, inc.",
      "createdDate": "2022-06-20T00:13:07.000Z",
      "fileName": "layouts/WebStore-Store Layout.layout",
      "fullName": "WebStore-Store Layout",
      "id": "00h5i000005OqdLAAS",
      "lastModifiedById": "0055i000003uuvvAAA",
      "lastModifiedByName": "salesforce.com, inc.",
      "lastModifiedDate": "2022-06-20T00:13:07.000Z",
      "manageableState": "unmanaged",
      "type": "Layout"
    },
    {
      "createdById": "0055i000003ooZFAAY",
      "createdByName": "Edsel Lita",
      "createdDate": "2022-06-20T00:13:07.000Z",
      "fileName": "layouts/Lead-Lead %28Marketing%29 Layout.layout",
      "fullName": "Lead-Lead %28Marketing%29 Layout",
      "id": "00h5i000005OqcNAAS",
      "lastModifiedById": "0055i000003ooZFAAY",
      "lastModifiedByName": "Edsel Lita",
      "lastModifiedDate": "2022-06-20T00:13:07.000Z",
      "manageableState": "unmanaged",
      "type": "Layout"
    },
    {
      "createdById": "0055i000003uuvvAAA",
      "createdByName": "salesforce.com, inc.",
      "createdDate": "2022-06-20T00:15:59.000Z",
      "fileName": "layouts/WorkStepTemplate-Work Step Template Layout.layout",
      "fullName": "WorkStepTemplate-Work Step Template Layout",
      "id": "00h5i000000pTeyAAE",
      "lastModifiedById": "0055i000003uuvvAAA",
      "lastModifiedByName": "salesforce.com, inc.",
      "lastModifiedDate": "2022-06-20T00:15:59.000Z",
      "manageableState": "unmanaged",
      "type": "Layout"
    },
    {
      "createdById": "0055i000003uuvvAAA",
      "createdByName": "salesforce.com, inc.",
      "createdDate": "2022-06-20T00:15:25.000Z",
      "fileName": "layouts/SessionHijackingEventStore-Session Hijacking Event Store Layout.layout",
      "fullName": "SessionHijackingEventStore-Session Hijacking Event Store Layout",
      "id": "00h5i000000pTeUAAU",
      "lastModifiedById": "0055i000003uuvvAAA",
      "lastModifiedByName": "salesforce.com, inc.",
      "lastModifiedDate": "2022-06-20T00:15:25.000Z",
      "manageableState": "unmanaged",
      "type": "Layout"
    },
    {
      "createdById": "0055i000003ooZFAAY",
      "createdByName": "Edsel Lita",
      "createdDate": "2022-06-20T00:13:07.000Z",
      "fileName": "layouts/CampaignMember-Campaign Member Page Layout.layout",
      "fullName": "CampaignMember-Campaign Member Page Layout",
      "id": "00h5i000005OqdsAAC",
      "lastModifiedById": "0055i000003ooZFAAY",
      "lastModifiedByName": "Edsel Lita",
      "lastModifiedDate": "2022-06-20T00:13:07.000Z",
      "manageableState": "unmanaged",
      "type": "Layout"
    },
    {
      "createdById": "0055i000003ooZFAAY",
      "createdByName": "Edsel Lita",
      "createdDate": "2022-06-24T06:56:21.000Z",
      "fileName": "layouts/Sports_Master__c-Sports_Master Layout.layout",
      "fullName": "Sports_Master__c-Sports_Master Layout",
      "id": "00h5i000000pprLAAQ",
      "lastModifiedById": "0055i000003ooZFAAY",
      "lastModifiedByName": "Edsel Lita",
      "lastModifiedDate": "2022-06-24T07:52:10.000Z",
      "manageableState": "unmanaged",
      "type": "Layout"
    },
    {
      "createdById": "0055i000003ooZFAAY",
      "createdByName": "Edsel Lita",
      "createdDate": "2022-06-22T04:32:14.000Z",
      "fileName": "layouts/Student_Request__c-Student Request Layout.layout",
      "fullName": "Student_Request__c-Student Request Layout",
      "id": "00h5i000000pdiZAAQ",
      "lastModifiedById": "0055i000003ooZFAAY",
      "lastModifiedByName": "Edsel Lita",
      "lastModifiedDate": "2022-06-22T04:39:41.000Z",
      "manageableState": "unmanaged",
      "type": "Layout"
    },
    {
      "createdById": "0055i000003ooZFAAY",
      "createdByName": "Edsel Lita",
      "createdDate": "2022-06-20T00:13:07.000Z",
      "fileName": "layouts/Account-Account %28Marketing%29 Layout.layout",
      "fullName": "Account-Account %28Marketing%29 Layout",
      "id": "00h5i000005OqcJAAS",
      "lastModifiedById": "0055i000003ooZFAAY",
      "lastModifiedByName": "Edsel Lita",
      "lastModifiedDate": "2022-06-20T00:13:07.000Z",
      "manageableState": "unmanaged",
      "type": "Layout"
    },
    {
      "createdById": "0055i000003ooZFAAY",
      "createdByName": "Edsel Lita",
      "createdDate": "2022-06-20T00:13:07.000Z",
      "fileName": "layouts/Opportunity-Opportunity %28Sales%29 Layout.layout",
      "fullName": "Opportunity-Opportunity %28Sales%29 Layout",
      "id": "00h5i000005OqcCAAS",
      "lastModifiedById": "0055i000003ooZFAAY",
      "lastModifiedByName": "Edsel Lita",
      "lastModifiedDate": "2022-07-21T06:27:44.000Z",
      "manageableState": "unmanaged",
      "type": "Layout"
    },
    {
      "createdById": "0055i000003uuvvAAA",
      "createdByName": "salesforce.com, inc.",
      "createdDate": "2022-06-21T08:39:45.000Z",
      "fileName": "layouts/Incident-Incident Layout.layout",
      "fullName": "Incident-Incident Layout",
      "id": "00h5i000000paQvAAI",
      "lastModifiedById": "0055i000003uuvvAAA",
      "lastModifiedByName": "salesforce.com, inc.",
      "lastModifiedDate": "2022-06-21T08:39:45.000Z",
      "manageableState": "unmanaged",
      "type": "Layout"
    },
    {
      "createdById": "0055i000003ooZFAAY",
      "createdByName": "Edsel Lita",
      "createdDate": "2022-06-20T00:13:07.000Z",
      "fileName": "layouts/Solution-Solution Layout.layout",
      "fullName": "Solution-Solution Layout",
      "id": "00h5i000005OqeWAAS",
      "lastModifiedById": "0055i000003ooZFAAY",
      "lastModifiedByName": "Edsel Lita",
      "lastModifiedDate": "2022-06-20T00:13:07.000Z",
      "manageableState": "unmanaged",
      "type": "Layout"
    },
    {
      "createdById": "0055i000003uuvvAAA",
      "createdByName": "salesforce.com, inc.",
      "createdDate": "2022-06-20T00:13:07.000Z",
      "fileName": "layouts/ReturnOrderItemTax-Return Order Item Tax Layout.layout",
      "fullName": "ReturnOrderItemTax-Return Order Item Tax Layout",
      "id": "00h5i000005OqdeAAC",
      "lastModifiedById": "0055i000003uuvvAAA",
      "lastModifiedByName": "salesforce.com, inc.",
      "lastModifiedDate": "2022-06-20T00:13:07.000Z",
      "manageableState": "unmanaged",
      "type": "Layout"
    },
    {
      "createdById": "0055i000003ooZFAAY",
      "createdByName": "Edsel Lita",
      "createdDate": "2022-06-20T00:16:23.000Z",
      "fileName": "layouts/Entitlement-Entitlement Layout.layout",
      "fullName": "Entitlement-Entitlement Layout",
      "id": "00h5i000000pTfCAAU",
      "lastModifiedById": "0055i000003ooZFAAY",
      "lastModifiedByName": "Edsel Lita",
      "lastModifiedDate": "2022-06-20T00:16:23.000Z",
      "manageableState": "unmanaged",
      "type": "Layout"
    },
    {
      "createdById": "0055i000003uuvuAAA",
      "createdByName": "Automated Process",
      "createdDate": "2022-06-20T00:13:07.000Z",
      "fileName": "layouts/ResourceAbsence-Resource Absence Layout.layout",
      "fullName": "ResourceAbsence-Resource Absence Layout",
      "id": "00h5i000005Oqd8AAC",
      "lastModifiedById": "0055i000003uuvuAAA",
      "lastModifiedByName": "Automated Process",
      "lastModifiedDate": "2022-06-20T00:13:07.000Z",
      "manageableState": "unmanaged",
      "type": "Layout"
    },
    {
      "createdById": "0055i000003uuvuAAA",
      "createdByName": "Automated Process",
      "createdDate": "2022-06-20T00:13:07.000Z",
      "fileName": "layouts/SkillRequirement-Skill Requirement Layout.layout",
      "fullName": "SkillRequirement-Skill Requirement Layout",
      "id": "00h5i000005Oqd6AAC",
      "lastModifiedById": "0055i000003uuvuAAA",
      "lastModifiedByName": "Automated Process",
      "lastModifiedDate": "2022-06-20T00:13:07.000Z",
      "manageableState": "unmanaged",
      "type": "Layout"
    },
    {
      "createdById": "0055i000003ooZFAAY",
      "createdByName": "Edsel Lita",
      "createdDate": "2022-06-20T00:13:07.000Z",
      "fileName": "layouts/Opportunity-Opportunity %28Support%29 Layout.layout",
      "fullName": "Opportunity-Opportunity %28Support%29 Layout",
      "id": "00h5i000005OqcDAAS",
      "lastModifiedById": "0055i000003ooZFAAY",
      "lastModifiedByName": "Edsel Lita",
      "lastModifiedDate": "2022-07-21T06:27:44.000Z",
      "manageableState": "unmanaged",
      "type": "Layout"
    },
    {
      "createdById": "0055i000003ooZFAAY",
      "createdByName": "Edsel Lita",
      "createdDate": "2022-06-27T04:07:34.000Z",
      "fileName": "layouts/Property_Booking__c-Property Booking Layout.layout",
      "fullName": "Property_Booking__c-Property Booking Layout",
      "id": "00h5i000000pvMBAAY",
      "lastModifiedById": "0055i000003ooZFAAY",
      "lastModifiedByName": "Edsel Lita",
      "lastModifiedDate": "2022-08-06T04:05:49.000Z",
      "manageableState": "unmanaged",
      "type": "Layout"
    },
    {
      "createdById": "0055i000003uuvvAAA",
      "createdByName": "salesforce.com, inc.",
      "createdDate": "2022-06-20T03:52:27.000Z",
      "fileName": "layouts/UserAlt-User Profile Layout.layout",
      "fullName": "UserAlt-User Profile Layout",
      "id": "00h5i000000pUkAAAU",
      "lastModifiedById": "0055i000003uuvvAAA",
      "lastModifiedByName": "salesforce.com, inc.",
      "lastModifiedDate": "2022-06-20T03:52:27.000Z",
      "manageableState": "unmanaged",
      "type": "Layout"
    },
    {
      "createdById": "0055i000003uuvvAAA",
      "createdByName": "salesforce.com, inc.",
      "createdDate": "2022-06-20T00:13:07.000Z",
      "fileName": "layouts/DandBCompany-D%26B Company Layout.layout",
      "fullName": "DandBCompany-D%26B Company Layout",
      "id": "00h5i000005Oqe0AAC",
      "lastModifiedById": "0055i000003uuvvAAA",
      "lastModifiedByName": "salesforce.com, inc.",
      "lastModifiedDate": "2022-06-20T00:13:07.000Z",
      "manageableState": "unmanaged",
      "type": "Layout"
    },
    {
      "createdById": "0055i000003uuvvAAA",
      "createdByName": "salesforce.com, inc.",
      "createdDate": "2022-06-20T00:13:07.000Z",
      "fileName": "layouts/InvoiceLine-Invoice Line Layout.layout",
      "fullName": "InvoiceLine-Invoice Line Layout",
      "id": "00h5i000005OqcyAAC",
      "lastModifiedById": "0055i000003uuvvAAA",
      "lastModifiedByName": "salesforce.com, inc.",
      "lastModifiedDate": "2022-06-20T00:13:07.000Z",
      "manageableState": "unmanaged",
      "type": "Layout"
    },
    {
      "createdById": "0055i000003uuvuAAA",
      "createdByName": "Automated Process",
      "createdDate": "2022-06-20T00:13:07.000Z",
      "fileName": "layouts/Shift-Shift Layout.layout",
      "fullName": "Shift-Shift Layout",
      "id": "00h5i000005OqdWAAS",
      "lastModifiedById": "0055i000003uuvuAAA",
      "lastModifiedByName": "Automated Process",
      "lastModifiedDate": "2022-06-20T00:13:07.000Z",
      "manageableState": "unmanaged",
      "type": "Layout"
    },
    {
      "createdById": "0055i000003uuvvAAA",
      "createdByName": "salesforce.com, inc.",
      "createdDate": "2022-06-20T00:15:59.000Z",
      "fileName": "layouts/WorkPlan-Work Plan Layout.layout",
      "fullName": "WorkPlan-Work Plan Layout",
      "id": "00h5i000000pTeuAAE",
      "lastModifiedById": "0055i000003uuvvAAA",
      "lastModifiedByName": "salesforce.com, inc.",
      "lastModifiedDate": "2022-06-20T00:15:59.000Z",
      "manageableState": "unmanaged",
      "type": "Layout"
    },
    {
      "createdById": "0055i000003uuvvAAA",
      "createdByName": "salesforce.com, inc.",
      "createdDate": "2022-06-20T00:15:25.000Z",
      "fileName": "layouts/CredentialStuffingEventStore-Credential Stuffing Event Store Layout.layout",
      "fullName": "CredentialStuffingEventStore-Credential Stuffing Event Store Layout",
      "id": "00h5i000000pTeSAAU",
      "lastModifiedById": "0055i000003uuvvAAA",
      "lastModifiedByName": "salesforce.com, inc.",
      "lastModifiedDate": "2022-06-20T00:15:25.000Z",
      "manageableState": "unmanaged",
      "type": "Layout"
    },
    {
      "createdById": "0055i000003ooZFAAY",
      "createdByName": "Edsel Lita",
      "createdDate": "2022-06-20T00:13:07.000Z",
      "fileName": "layouts/Idea-Idea Layout.layout",
      "fullName": "Idea-Idea Layout",
      "id": "00h5i000005OqeRAAS",
      "lastModifiedById": "0055i000003ooZFAAY",
      "lastModifiedByName": "Edsel Lita",
      "lastModifiedDate": "2022-06-20T00:13:07.000Z",
      "manageableState": "unmanaged",
      "type": "Layout"
    },
    {
      "createdById": "0055i000003ooZFAAY",
      "createdByName": "Edsel Lita",
      "createdDate": "2022-06-20T00:13:07.000Z",
      "fileName": "layouts/Global-Global Layout.layout",
      "fullName": "Global-Global Layout",
      "id": "00h5i000005OqcRAAS",
      "lastModifiedById": "0055i000003ooZFAAY",
      "lastModifiedByName": "Edsel Lita",
      "lastModifiedDate": "2022-06-20T00:13:07.000Z",
      "manageableState": "unmanaged",
      "type": "Layout"
    },
    {
      "createdById": "0055i000003uuvuAAA",
      "createdByName": "Automated Process",
      "createdDate": "2022-06-20T00:13:07.000Z",
      "fileName": "layouts/ServiceTerritory-Service Territory Layout.layout",
      "fullName": "ServiceTerritory-Service Territory Layout",
      "id": "00h5i000005Oqd3AAC",
      "lastModifiedById": "0055i000003uuvuAAA",
      "lastModifiedByName": "Automated Process",
      "lastModifiedDate": "2022-06-20T00:13:07.000Z",
      "manageableState": "unmanaged",
      "type": "Layout"
    },
    {
      "createdById": "0055i000003uuvvAAA",
      "createdByName": "salesforce.com, inc.",
      "createdDate": "2022-06-20T00:15:59.000Z",
      "fileName": "layouts/WorkStep-Work Step Layout.layout",
      "fullName": "WorkStep-Work Step Layout",
      "id": "00h5i000000pTevAAE",
      "lastModifiedById": "0055i000003uuvvAAA",
      "lastModifiedByName": "salesforce.com, inc.",
      "lastModifiedDate": "2022-06-20T00:15:59.000Z",
      "manageableState": "unmanaged",
      "type": "Layout"
    },
    {
      "createdById": "0055i000003uuvvAAA",
      "createdByName": "salesforce.com, inc.",
      "createdDate": "2022-06-20T00:13:07.000Z",
      "fileName": "layouts/Customer-Customer Layout.layout",
      "fullName": "Customer-Customer Layout",
      "id": "00h5i000005OqdIAAS",
      "lastModifiedById": "0055i000003uuvvAAA",
      "lastModifiedByName": "salesforce.com, inc.",
      "lastModifiedDate": "2022-06-20T00:13:07.000Z",
      "manageableState": "unmanaged",
      "type": "Layout"
    },
    {
      "createdById": "0055i000003ooZFAAY",
      "createdByName": "Edsel Lita",
      "createdDate": "2022-06-24T07:50:25.000Z",
      "fileName": "layouts/Student_Sports_Junction__c-Student Sports Junction Layout.layout",
      "fullName": "Student_Sports_Junction__c-Student Sports Junction Layout",
      "id": "00h5i000000pqPmAAI",
      "lastModifiedById": "0055i000003ooZFAAY",
      "lastModifiedByName": "Edsel Lita",
      "lastModifiedDate": "2022-06-24T07:52:10.000Z",
      "manageableState": "unmanaged",
      "type": "Layout"
    },
    {
      "createdById": "0055i000003ooZFAAY",
      "createdByName": "Edsel Lita",
      "createdDate": "2022-06-20T00:13:07.000Z",
      "fileName": "layouts/ContactPointEmail-Contact Point Email Layout.layout",
      "fullName": "ContactPointEmail-Contact Point Email Layout",
      "id": "00h5i000005OqctAAC",
      "lastModifiedById": "0055i000003ooZFAAY",
      "lastModifiedByName": "Edsel Lita",
      "lastModifiedDate": "2022-06-20T00:13:07.000Z",
      "manageableState": "unmanaged",
      "type": "Layout"
    },
    {
      "createdById": "0055i000003uuvvAAA",
      "createdByName": "salesforce.com, inc.",
      "createdDate": "2022-06-20T00:13:07.000Z",
      "fileName": "layouts/CardPaymentMethod-Card Payment Method Layout.layout",
      "fullName": "CardPaymentMethod-Card Payment Method Layout",
      "id": "00h5i000005OqcmAAC",
      "lastModifiedById": "0055i000003uuvvAAA",
      "lastModifiedByName": "salesforce.com, inc.",
      "lastModifiedDate": "2022-06-20T00:13:07.000Z",
      "manageableState": "unmanaged",
      "type": "Layout"
    },
    {
      "createdById": "0055i000003ooZFAAY",
      "createdByName": "Edsel Lita",
      "createdDate": "2022-06-20T00:13:07.000Z",
      "fileName": "layouts/Pricebook2-Price Book Layout.layout",
      "fullName": "Pricebook2-Price Book Layout",
      "id": "00h5i000005OqdrAAC",
      "lastModifiedById": "0055i000003ooZFAAY",
      "lastModifiedByName": "Edsel Lita",
      "lastModifiedDate": "2022-06-20T00:13:07.000Z",
      "manageableState": "unmanaged",
      "type": "Layout"
    },
    {
      "createdById": "0055i000003uuvvAAA",
      "createdByName": "salesforce.com, inc.",
      "createdDate": "2022-06-20T00:13:07.000Z",
      "fileName": "layouts/LegalEntity-Legal Entity Layout.layout",
      "fullName": "LegalEntity-Legal Entity Layout",
      "id": "00h5i000005OqdiAAC",
      "lastModifiedById": "0055i000003uuvvAAA",
      "lastModifiedByName": "salesforce.com, inc.",
      "lastModifiedDate": "2022-06-20T00:13:07.000Z",
      "manageableState": "unmanaged",
      "type": "Layout"
    },
    {
      "createdById": "0055i000003uuvuAAA",
      "createdByName": "Automated Process",
      "createdDate": "2022-06-20T00:13:07.000Z",
      "fileName": "layouts/ContactPointAddress-Contact Point Address Layout.layout",
      "fullName": "ContactPointAddress-Contact Point Address Layout",
      "id": "00h5i000005OqdGAAS",
      "lastModifiedById": "0055i000003uuvuAAA",
      "lastModifiedByName": "Automated Process",
      "lastModifiedDate": "2022-06-20T00:13:07.000Z",
      "manageableState": "unmanaged",
      "type": "Layout"
    },
    {
      "createdById": "0055i000003uuvvAAA",
      "createdByName": "salesforce.com, inc.",
      "createdDate": "2022-06-20T00:15:11.000Z",
      "fileName": "layouts/AuthorizationFormConsent-Authorization Form Consent Layout.layout",
      "fullName": "AuthorizationFormConsent-Authorization Form Consent Layout",
      "id": "00h5i000000pTeMAAU",
      "lastModifiedById": "0055i000003ooZFAAY",
      "lastModifiedByName": "Edsel Lita",
      "lastModifiedDate": "2022-06-20T00:15:11.000Z",
      "manageableState": "unmanaged",
      "type": "Layout"
    },
    {
      "createdById": "0055i000003uuvvAAA",
      "createdByName": "salesforce.com, inc.",
      "createdDate": "2022-06-20T00:13:07.000Z",
      "fileName": "layouts/SocialPersona-Social Persona Layout.layout",
      "fullName": "SocialPersona-Social Persona Layout",
      "id": "00h5i000005OqeFAAS",
      "lastModifiedById": "0055i000003uuvvAAA",
      "lastModifiedByName": "salesforce.com, inc.",
      "lastModifiedDate": "2022-06-20T00:13:07.000Z",
      "manageableState": "unmanaged",
      "type": "Layout"
    },
    {
      "createdById": "0055i000003uuvuAAA",
      "createdByName": "Automated Process",
      "createdDate": "2022-06-20T00:13:07.000Z",
      "fileName": "layouts/WorkTypeGroupMember-Work Type Group Member Layout.layout",
      "fullName": "WorkTypeGroupMember-Work Type Group Member Layout",
      "id": "00h5i000005OqdEAAS",
      "lastModifiedById": "0055i000003uuvuAAA",
      "lastModifiedByName": "Automated Process",
      "lastModifiedDate": "2022-06-20T00:13:07.000Z",
      "manageableState": "unmanaged",
      "type": "Layout"
    },
    {
      "createdById": "0055i000003uuvvAAA",
      "createdByName": "salesforce.com, inc.",
      "createdDate": "2022-06-20T00:13:07.000Z",
      "fileName": "layouts/AssetAction-Asset Action Layout.layout",
      "fullName": "AssetAction-Asset Action Layout",
      "id": "00h5i000005OqdYAAS",
      "lastModifiedById": "0055i000003uuvvAAA",
      "lastModifiedByName": "salesforce.com, inc.",
      "lastModifiedDate": "2022-06-20T00:13:07.000Z",
      "manageableState": "unmanaged",
      "type": "Layout"
    },
    {
      "createdById": "0055i000003ooZFAAY",
      "createdByName": "Edsel Lita",
      "createdDate": "2022-06-20T00:13:07.000Z",
      "fileName": "layouts/Contact-Contact %28Sales%29 Layout.layout",
      "fullName": "Contact-Contact %28Sales%29 Layout",
      "id": "00h5i000005OqcGAAS",
      "lastModifiedById": "0055i000003ooZFAAY",
      "lastModifiedByName": "Edsel Lita",
      "lastModifiedDate": "2022-06-20T00:13:07.000Z",
      "manageableState": "unmanaged",
      "type": "Layout"
    },
    {
      "createdById": "0055i000003uuvvAAA",
      "createdByName": "salesforce.com, inc.",
      "createdDate": "2022-06-20T00:13:07.000Z",
      "fileName": "layouts/PaymentLineInvoice-Payment Line Invoice Layout.layout",
      "fullName": "PaymentLineInvoice-Payment Line Invoice Layout",
      "id": "00h5i000005OqcoAAC",
      "lastModifiedById": "0055i000003uuvvAAA",
      "lastModifiedByName": "salesforce.com, inc.",
      "lastModifiedDate": "2022-06-20T00:13:07.000Z",
      "manageableState": "unmanaged",
      "type": "Layout"
    },
    {
      "createdById": "0055i000003ooZFAAY",
      "createdByName": "Edsel Lita",
      "createdDate": "2022-06-27T02:49:17.000Z",
      "fileName": "layouts/Quote-Quote Layout.layout",
      "fullName": "Quote-Quote Layout",
      "id": "00h5i000000pvFPAAY",
      "lastModifiedById": "0055i000003ooZFAAY",
      "lastModifiedByName": "Edsel Lita",
      "lastModifiedDate": "2022-06-27T02:49:17.000Z",
      "manageableState": "unmanaged",
      "type": "Layout"
    },
    {
      "createdById": "0055i000003uuvvAAA",
      "createdByName": "salesforce.com, inc.",
      "createdDate": "2022-06-20T00:13:07.000Z",
      "fileName": "layouts/Seller-Seller Layout.layout",
      "fullName": "Seller-Seller Layout",
      "id": "00h5i000005OqdJAAS",
      "lastModifiedById": "0055i000003uuvvAAA",
      "lastModifiedByName": "salesforce.com, inc.",
      "lastModifiedDate": "2022-06-20T00:13:07.000Z",
      "manageableState": "unmanaged",
      "type": "Layout"
    },
    {
      "createdById": "0055i000003uuvvAAA",
      "createdByName": "salesforce.com, inc.",
      "createdDate": "2022-06-20T00:13:07.000Z",
      "fileName": "layouts/ProcessException-Process Exception Layout.layout",
      "fullName": "ProcessException-Process Exception Layout",
      "id": "00h5i000005OqdjAAC",
      "lastModifiedById": "0055i000003uuvvAAA",
      "lastModifiedByName": "salesforce.com, inc.",
      "lastModifiedDate": "2022-06-20T00:13:07.000Z",
      "manageableState": "unmanaged",
      "type": "Layout"
    },
    {
      "createdById": "0055i000003uuvvAAA",
      "createdByName": "salesforce.com, inc.",
      "createdDate": "2022-06-20T00:15:11.000Z",
      "fileName": "layouts/ContactPointTypeConsent-Contact Point Type Consent Layout.layout",
      "fullName": "ContactPointTypeConsent-Contact Point Type Consent Layout",
      "id": "00h5i000000pTeOAAU",
      "lastModifiedById": "0055i000003ooZFAAY",
      "lastModifiedByName": "Edsel Lita",
      "lastModifiedDate": "2022-06-20T00:15:11.000Z",
      "manageableState": "unmanaged",
      "type": "Layout"
    },
    {
      "createdById": "0055i000003uuvvAAA",
      "createdByName": "salesforce.com, inc.",
      "createdDate": "2022-06-20T00:15:11.000Z",
      "fileName": "layouts/DataUsePurpose-Data Use Purpose Layout.layout",
      "fullName": "DataUsePurpose-Data Use Purpose Layout",
      "id": "00h5i000000pTePAAU",
      "lastModifiedById": "0055i000003ooZFAAY",
      "lastModifiedByName": "Edsel Lita",
      "lastModifiedDate": "2022-06-20T00:15:11.000Z",
      "manageableState": "unmanaged",
      "type": "Layout"
    }
  ]
}