{
  "status": 0,
  "result": [
    {
      "createdById": "0055i000003ooZFAAY",
      "createdByName": "Edsel Lita",
      "createdDate": "2022-06-24T11:23:54.000Z",
      "fileName": "messageChannels/FiltersChange.messageChannel",
      "fullName": "FiltersChange",
      "id": "1295i000000kAcjAAE",
      "lastModifiedById": "0055i000003ooZFAAY",
      "lastModifiedByName": "Edsel Lita",
      "lastModifiedDate": "2022-06-24T11:23:54.000Z",
      "manageableState": "unmanaged",
      "type": "LightningMessageChannel"
    },
    {
      "createdById": "0055i000003ooZFAAY",
      "createdByName": "Edsel Lita",
      "createdDate": "2022-06-24T11:23:54.000Z",
      "fileName": "messageChannels/PropertySelected.messageChannel",
      "fullName": "PropertySelected",
      "id": "1295i000000kAckAAE",
      "lastModifiedById": "0055i000003ooZFAAY",
      "lastModifiedByName": "Edsel Lita",
      "lastModifiedDate": "2022-06-24T11:23:54.000Z",
      "manageableState": "unmanaged",
      "type": "LightningMessageChannel"
    }
  ]
}