{
  "status": 0,
  "result": [
    {
      "createdById": "0055i000003ooZFAAY",
      "createdByName": "Edsel Lita",
      "createdDate": "2022-06-24T11:23:54.000Z",
      "fileName": "lwc/propertyFilter",
      "fullName": "propertyFilter",
      "id": "0Rb5i000000lwahCAA",
      "lastModifiedById": "0055i000003ooZFAAY",
      "lastModifiedByName": "Edsel Lita",
      "lastModifiedDate": "2022-06-24T11:23:54.000Z",
      "manageableState": "unmanaged",
      "type": "LightningComponentBundle"
    },
    {
      "createdById": "0055i000003ooZFAAY",
      "createdByName": "Edsel Lita",
      "createdDate": "2022-06-24T11:23:54.000Z",
      "fileName": "lwc/errorPanel",
      "fullName": "errorPanel",
      "id": "0Rb5i000000lwacCAA",
      "lastModifiedById": "0055i000003ooZFAAY",
      "lastModifiedByName": "Edsel Lita",
      "lastModifiedDate": "2022-06-24T11:23:54.000Z",
      "manageableState": "unmanaged",
      "type": "LightningComponentBundle"
    },
    {
      "createdById": "0055i000003ooZFAAY",
      "createdByName": "Edsel Lita",
      "createdDate": "2022-08-06T11:58:06.000Z",
      "fileName": "lwc/searchAllPropertyBookingAppRecords",
      "fullName": "searchAllPropertyBookingAppRecords",
      "id": "0Rb5i000000mzPzCAI",
      "lastModifiedById": "0055i000003ooZFAAY",
      "lastModifiedByName": "Edsel Lita",
      "lastModifiedDate": "2022-08-06T17:27:59.000Z",
      "manageableState": "unmanaged",
      "type": "LightningComponentBundle"
    },
    {
      "createdById": "0055i000003ooZFAAY",
      "createdByName": "Edsel Lita",
      "createdDate": "2022-06-24T11:23:54.000Z",
      "fileName": "lwc/propertyCarousel",
      "fullName": "propertyCarousel",
      "id": "0Rb5i000000lwagCAA",
      "lastModifiedById": "0055i000003ooZFAAY",
      "lastModifiedByName": "Edsel Lita",
      "lastModifiedDate": "2022-06-24T11:23:54.000Z",
      "manageableState": "unmanaged",
      "type": "LightningComponentBundle"
    },
    {
      "createdById": "0055i000003ooZFAAY",
      "createdByName": "Edsel Lita",
      "createdDate": "2022-07-26T21:23:13.000Z",
      "fileName": "lwc/hOTS_Activity",
      "fullName": "hOTS_Activity",
      "id": "0Rb5i000000mhnKCAQ",
      "lastModifiedById": "0055i000003ooZFAAY",
      "lastModifiedByName": "Edsel Lita",
      "lastModifiedDate": "2022-08-03T09:00:51.000Z",
      "manageableState": "unmanaged",
      "type": "LightningComponentBundle"
    },
    {
      "createdById": "0055i000003ooZFAAY",
      "createdByName": "Edsel Lita",
      "createdDate": "2022-06-24T11:23:54.000Z",
      "fileName": "lwc/sampleDataImporter",
      "fullName": "sampleDataImporter",
      "id": "0Rb5i000000lwanCAA",
      "lastModifiedById": "0055i000003ooZFAAY",
      "lastModifiedByName": "Edsel Lita",
      "lastModifiedDate": "2022-06-24T11:23:54.000Z",
      "manageableState": "unmanaged",
      "type": "LightningComponentBundle"
    },
    {
      "createdById": "0055i000003ooZFAAY",
      "createdByName": "Edsel Lita",
      "createdDate": "2022-06-24T11:23:54.000Z",
      "fileName": "lwc/daysOnMarket",
      "fullName": "daysOnMarket",
      "id": "0Rb5i000000lwabCAA",
      "lastModifiedById": "0055i000003ooZFAAY",
      "lastModifiedByName": "Edsel Lita",
      "lastModifiedDate": "2022-06-24T11:23:54.000Z",
      "manageableState": "unmanaged",
      "type": "LightningComponentBundle"
    },
    {
      "createdById": "0055i000003ooZFAAY",
      "createdByName": "Edsel Lita",
      "createdDate": "2022-06-24T11:23:54.000Z",
      "fileName": "lwc/propertyTileList",
      "fullName": "propertyTileList",
      "id": "0Rb5i000000lwamCAA",
      "lastModifiedById": "0055i000003ooZFAAY",
      "lastModifiedByName": "Edsel Lita",
      "lastModifiedDate": "2022-06-24T11:23:54.000Z",
      "manageableState": "unmanaged",
      "type": "LightningComponentBundle"
    },
    {
      "createdById": "0055i000003ooZFAAY",
      "createdByName": "Edsel Lita",
      "createdDate": "2022-06-24T11:23:54.000Z",
      "fileName": "lwc/propertyLocation",
      "fullName": "propertyLocation",
      "id": "0Rb5i000000lwaiCAA",
      "lastModifiedById": "0055i000003ooZFAAY",
      "lastModifiedByName": "Edsel Lita",
      "lastModifiedDate": "2022-06-24T11:23:54.000Z",
      "manageableState": "unmanaged",
      "type": "LightningComponentBundle"
    },
    {
      "createdById": "0055i000003ooZFAAY",
      "createdByName": "Edsel Lita",
      "createdDate": "2022-06-24T11:23:54.000Z",
      "fileName": "lwc/propertySummary",
      "fullName": "propertySummary",
      "id": "0Rb5i000000lwakCAA",
      "lastModifiedById": "0055i000003ooZFAAY",
      "lastModifiedByName": "Edsel Lita",
      "lastModifiedDate": "2022-06-24T11:23:54.000Z",
      "manageableState": "unmanaged",
      "type": "LightningComponentBundle"
    },
    {
      "createdById": "0055i000003ooZFAAY",
      "createdByName": "Edsel Lita",
      "createdDate": "2022-08-06T22:32:46.000Z",
      "fileName": "lwc/imageControl",
      "fullName": "imageControl",
      "id": "0Rb5i000000mzh2CAA",
      "lastModifiedById": "0055i000003ooZFAAY",
      "lastModifiedByName": "Edsel Lita",
      "lastModifiedDate": "2022-08-06T23:33:17.000Z",
      "manageableState": "unmanaged",
      "type": "LightningComponentBundle"
    },
    {
      "createdById": "0055i000003ooZFAAY",
      "createdByName": "Edsel Lita",
      "createdDate": "2022-06-24T11:23:54.000Z",
      "fileName": "lwc/propertyTile",
      "fullName": "propertyTile",
      "id": "0Rb5i000000lwalCAA",
      "lastModifiedById": "0055i000003ooZFAAY",
      "lastModifiedByName": "Edsel Lita",
      "lastModifiedDate": "2022-06-24T11:23:54.000Z",
      "manageableState": "unmanaged",
      "type": "LightningComponentBundle"
    },
    {
      "createdById": "0055i000003ooZFAAY",
      "createdByName": "Edsel Lita",
      "createdDate": "2022-08-06T23:33:49.000Z",
      "fileName": "lwc/salesforceCodexDataTable",
      "fullName": "salesforceCodexDataTable",
      "id": "0Rb5i000000mzh7CAA",
      "lastModifiedById": "0055i000003ooZFAAY",
      "lastModifiedByName": "Edsel Lita",
      "lastModifiedDate": "2022-08-06T23:33:49.000Z",
      "manageableState": "unmanaged",
      "type": "LightningComponentBundle"
    },
    {
      "createdById": "0055i000003ooZFAAY",
      "createdByName": "Edsel Lita",
      "createdDate": "2022-08-06T05:59:26.000Z",
      "fileName": "lwc/sendQuotation",
      "fullName": "sendQuotation",
      "id": "0Rb5i000000mz3SCAQ",
      "lastModifiedById": "0055i000003ooZFAAY",
      "lastModifiedByName": "Edsel Lita",
      "lastModifiedDate": "2022-08-06T07:36:58.000Z",
      "manageableState": "unmanaged",
      "type": "LightningComponentBundle"
    },
    {
      "createdById": "0055i000003ooZFAAY",
      "createdByName": "Edsel Lita",
      "createdDate": "2022-06-24T11:23:54.000Z",
      "fileName": "lwc/navigateToRecord",
      "fullName": "navigateToRecord",
      "id": "0Rb5i000000lwaeCAA",
      "lastModifiedById": "0055i000003ooZFAAY",
      "lastModifiedByName": "Edsel Lita",
      "lastModifiedDate": "2022-06-24T11:23:54.000Z",
      "manageableState": "unmanaged",
      "type": "LightningComponentBundle"
    },
    {
      "createdById": "0055i000003ooZFAAY",
      "createdByName": "Edsel Lita",
      "createdDate": "2022-06-24T11:23:54.000Z",
      "fileName": "lwc/paginator",
      "fullName": "paginator",
      "id": "0Rb5i000000lwafCAA",
      "lastModifiedById": "0055i000003ooZFAAY",
      "lastModifiedByName": "Edsel Lita",
      "lastModifiedDate": "2022-06-24T11:23:54.000Z",
      "manageableState": "unmanaged",
      "type": "LightningComponentBundle"
    },
    {
      "createdById": "0055i000003ooZFAAY",
      "createdByName": "Edsel Lita",
      "createdDate": "2022-06-24T11:23:54.000Z",
      "fileName": "lwc/ldsUtils",
      "fullName": "ldsUtils",
      "id": "0Rb5i000000lwadCAA",
      "lastModifiedById": "0055i000003ooZFAAY",
      "lastModifiedByName": "Edsel Lita",
      "lastModifiedDate": "2022-06-24T11:23:54.000Z",
      "manageableState": "unmanaged",
      "type": "LightningComponentBundle"
    },
    {
      "createdById": "0055i000003ooZFAAY",
      "createdByName": "Edsel Lita",
      "createdDate": "2022-08-06T13:54:58.000Z",
      "fileName": "lwc/searchAllPropertyBookingAppRecords2",
      "fullName": "searchAllPropertyBookingAppRecords2",
      "id": "0Rb5i000000mzRVCAY",
      "lastModifiedById": "0055i000003ooZFAAY",
      "lastModifiedByName": "Edsel Lita",
      "lastModifiedDate": "2022-08-06T14:33:23.000Z",
      "manageableState": "unmanaged",
      "type": "LightningComponentBundle"
    },
    {
      "createdById": "0055i000003ooZFAAY",
      "createdByName": "Edsel Lita",
      "createdDate": "2022-06-24T11:23:54.000Z",
      "fileName": "lwc/brokerCard",
      "fullName": "brokerCard",
      "id": "0Rb5i000000lwaaCAA",
      "lastModifiedById": "0055i000003ooZFAAY",
      "lastModifiedByName": "Edsel Lita",
      "lastModifiedDate": "2022-06-24T11:23:54.000Z",
      "manageableState": "unmanaged",
      "type": "LightningComponentBundle"
    },
    {
      "createdById": "0055i000003ooZFAAY",
      "createdByName": "Edsel Lita",
      "createdDate": "2022-06-24T11:23:54.000Z",
      "fileName": "lwc/propertyMap",
      "fullName": "propertyMap",
      "id": "0Rb5i000000lwajCAA",
      "lastModifiedById": "0055i000003ooZFAAY",
      "lastModifiedByName": "Edsel Lita",
      "lastModifiedDate": "2022-06-24T11:23:54.000Z",
      "manageableState": "unmanaged",
      "type": "LightningComponentBundle"
    },
    {
      "createdById": "0055i000003ooZFAAY",
      "createdByName": "Edsel Lita",
      "createdDate": "2022-08-06T04:00:16.000Z",
      "fileName": "lwc/openQuotation",
      "fullName": "openQuotation",
      "id": "0Rb5i000000mysACAQ",
      "lastModifiedById": "0055i000003ooZFAAY",
      "lastModifiedByName": "Edsel Lita",
      "lastModifiedDate": "2022-08-06T04:24:33.000Z",
      "manageableState": "unmanaged",
      "type": "LightningComponentBundle"
    },
    {
      "createdById": "0055i000003ooZFAAY",
      "createdByName": "Edsel Lita",
      "createdDate": "2022-08-06T23:34:54.000Z",
      "fileName": "lwc/showProfile",
      "fullName": "showProfile",
      "id": "0Rb5i000000mzhMCAQ",
      "lastModifiedById": "0055i000003ooZFAAY",
      "lastModifiedByName": "Edsel Lita",
      "lastModifiedDate": "2022-08-06T23:34:54.000Z",
      "manageableState": "unmanaged",
      "type": "LightningComponentBundle"
    }
  ]
}