{
  "status": 0,
  "result": [
    {
      "createdById": "0055i000003uuvuAAA",
      "createdByName": "Automated Process",
      "createdDate": "2022-06-20T00:13:07.000Z",
      "fileName": "managedContentTypes/cms_image.managedContentType",
      "fullName": "cms_image",
      "id": "0T15i000000LYaKCAW",
      "lastModifiedById": "0055i000003uuvuAAA",
      "lastModifiedByName": "Automated Process",
      "lastModifiedDate": "2022-06-20T00:13:07.000Z",
      "type": "ManagedContentType"
    },
    {
      "createdById": "0055i000003uuvuAAA",
      "createdByName": "Automated Process",
      "createdDate": "2022-06-20T00:13:07.000Z",
      "fileName": "managedContentTypes/news.managedContentType",
      "fullName": "news",
      "id": "0T15i000000LYaICAW",
      "lastModifiedById": "0055i000003uuvuAAA",
      "lastModifiedByName": "Automated Process",
      "lastModifiedDate": "2022-06-20T00:13:07.000Z",
      "type": "ManagedContentType"
    },
    {
      "createdById": "0055i000003uuvuAAA",
      "createdByName": "Automated Process",
      "createdDate": "2022-06-20T00:13:07.000Z",
      "fileName": "managedContentTypes/cms_document.managedContentType",
      "fullName": "cms_document",
      "id": "0T15i000000LYaJCAW",
      "lastModifiedById": "0055i000003uuvuAAA",
      "lastModifiedByName": "Automated Process",
      "lastModifiedDate": "2022-06-20T00:13:07.000Z",
      "type": "ManagedContentType"
    }
  ]
}