{
  "status": 0,
  "result": [
    {
      "createdById": "0055i000003uuvuAAA",
      "createdByName": "Automated Process",
      "createdDate": "2022-06-20T00:16:24.000Z",
      "fileName": "milestoneTypes/Escalate Case.milestoneType",
      "fullName": "Escalate Case",
      "id": "5575i000000TaFBAA0",
      "lastModifiedById": "0055i000003uuvuAAA",
      "lastModifiedByName": "Automated Process",
      "lastModifiedDate": "2022-06-20T00:16:24.000Z",
      "type": "MilestoneType"
    },
    {
      "createdById": "0055i000003uuvuAAA",
      "createdByName": "Automated Process",
      "createdDate": "2022-06-20T00:16:24.000Z",
      "fileName": "milestoneTypes/Close Case.milestoneType",
      "fullName": "Close Case",
      "id": "5575i000000TaFCAA0",
      "lastModifiedById": "0055i000003uuvuAAA",
      "lastModifiedByName": "Automated Process",
      "lastModifiedDate": "2022-06-20T00:16:24.000Z",
      "type": "MilestoneType"
    },
    {
      "createdById": "0055i000003uuvuAAA",
      "createdByName": "Automated Process",
      "createdDate": "2022-06-20T00:16:24.000Z",
      "fileName": "milestoneTypes/First Response to Customer.milestoneType",
      "fullName": "First Response to Customer",
      "id": "5575i000000TaFAAA0",
      "lastModifiedById": "0055i000003uuvuAAA",
      "lastModifiedByName": "Automated Process",
      "lastModifiedDate": "2022-06-20T00:16:24.000Z",
      "type": "MilestoneType"
    }
  ]
}