{
  "status": 0,
  "result": [
    {
      "createdById": "0055i000003ooZFAAY",
      "createdByName": "Edsel Lita",
      "createdDate": "2022-06-24T11:24:16.000Z",
      "fileName": "permissionsets/dreamhouse.permissionset",
      "fullName": "dreamhouse",
      "id": "0PS5i0000037F86GAE",
      "lastModifiedById": "0055i000003ooZFAAY",
      "lastModifiedByName": "Edsel Lita",
      "lastModifiedDate": "2022-06-24T11:24:17.000Z",
      "manageableState": "unmanaged",
      "type": "PermissionSet"
    },
    {
      "createdById": "0055i000003ooZFAAY",
      "createdByName": "Edsel Lita",
      "createdDate": "2022-06-20T00:13:07.000Z",
      "fileName": "permissionsets/Experience_Profile_Manager.permissionset",
      "fullName": "Experience_Profile_Manager",
      "id": "0PS5i000002MArjGAG",
      "lastModifiedById": "0055i000003ooZFAAY",
      "lastModifiedByName": "Edsel Lita",
      "lastModifiedDate": "2022-06-20T00:13:07.000Z",
      "manageableState": "unmanaged",
      "type": "PermissionSet"
    }
  ]
}