{
  "status": 0,
  "result": [
    {
      "createdById": "0055i000003ooZFAAY",
      "createdByName": "Edsel Lita",
      "createdDate": "2022-06-28T03:58:46.000Z",
      "fileName": "profilePasswordPolicies/Builder_Profile_profilePasswordPolicy1656388726624.profilePasswordPolicy",
      "fullName": "Builder_Profile_profilePasswordPolicy1656388726624",
      "id": "0HV5i000000x6b9GAA",
      "lastModifiedById": "0055i000003ooZFAAY",
      "lastModifiedByName": "Edsel Lita",
      "lastModifiedDate": "2022-06-28T04:34:28.000Z",
      "manageableState": "unmanaged",
      "type": "ProfilePasswordPolicy"
    },
    {
      "createdById": "0055i000003ooZFAAY",
      "createdByName": "Edsel Lita",
      "createdDate": "2022-06-28T04:34:54.000Z",
      "fileName": "profilePasswordPolicies/Contractor_Profile_profilePasswordPolicy1656390894439.profilePasswordPolicy",
      "fullName": "Contractor_Profile_profilePasswordPolicy1656390894439",
      "id": "0HV5i000000x6bOGAQ",
      "lastModifiedById": "0055i000003ooZFAAY",
      "lastModifiedByName": "Edsel Lita",
      "lastModifiedDate": "2022-06-28T04:36:50.000Z",
      "manageableState": "unmanaged",
      "type": "ProfilePasswordPolicy"
    },
    {
      "createdById": "0055i000003ooZFAAY",
      "createdByName": "Edsel Lita",
      "createdDate": "2022-07-04T17:19:24.000Z",
      "fileName": "profilePasswordPolicies/Weakened_Contractor_profilePasswordPolicy1656955164650.profilePasswordPolicy",
      "fullName": "Weakened_Contractor_profilePasswordPolicy1656955164650",
      "id": "0HV5i000000x8kxGAA",
      "lastModifiedById": "0055i000003ooZFAAY",
      "lastModifiedByName": "Edsel Lita",
      "lastModifiedDate": "2022-07-04T17:19:24.000Z",
      "manageableState": "unmanaged",
      "type": "ProfilePasswordPolicy"
    },
    {
      "createdById": "0055i000003ooZFAAY",
      "createdByName": "Edsel Lita",
      "createdDate": "2022-06-28T04:46:00.000Z",
      "fileName": "profilePasswordPolicies/Customer_Profile_profilePasswordPolicy1656391560321.profilePasswordPolicy",
      "fullName": "Customer_Profile_profilePasswordPolicy1656391560321",
      "id": "0HV5i000000x6bTGAQ",
      "lastModifiedById": "0055i000003ooZFAAY",
      "lastModifiedByName": "Edsel Lita",
      "lastModifiedDate": "2022-06-28T04:49:54.000Z",
      "manageableState": "unmanaged",
      "type": "ProfilePasswordPolicy"
    }
  ]
}