{
  "status": 0,
  "result": [
    {
      "createdById": "0055i000003ooZFAAY",
      "createdByName": "Edsel Lita",
      "createdDate": "2022-07-04T17:19:24.000Z",
      "fileName": "profileSessionSettings/null_profileSessionSetting1656955164673.profileSessionSetting",
      "fullName": "null_profileSessionSetting1656955164673",
      "id": "0HU5i000000x87YGAQ",
      "lastModifiedById": "0055i000003ooZFAAY",
      "lastModifiedByName": "Edsel Lita",
      "lastModifiedDate": "2022-07-04T17:19:24.000Z",
      "manageableState": "unmanaged",
      "type": "ProfileSessionSetting"
    },
    {
      "createdById": "0055i000003ooZFAAY",
      "createdByName": "Edsel Lita",
      "createdDate": "2022-06-28T04:46:00.000Z",
      "fileName": "profileSessionSettings/null_profileSessionSetting1656391560360.profileSessionSetting",
      "fullName": "null_profileSessionSetting1656391560360",
      "id": "0HU5i000000x60UGAQ",
      "lastModifiedById": "0055i000003ooZFAAY",
      "lastModifiedByName": "Edsel Lita",
      "lastModifiedDate": "2022-06-28T04:49:54.000Z",
      "manageableState": "unmanaged",
      "type": "ProfileSessionSetting"
    },
    {
      "createdById": "0055i000003ooZFAAY",
      "createdByName": "Edsel Lita",
      "createdDate": "2022-06-28T03:58:46.000Z",
      "fileName": "profileSessionSettings/Builder_Profile_profileSessionSetting1656388726829.profileSessionSetting",
      "fullName": "Builder_Profile_profileSessionSetting1656388726829",
      "id": "0HU5i000000x60AGAQ",
      "lastModifiedById": "0055i000003ooZFAAY",
      "lastModifiedByName": "Edsel Lita",
      "lastModifiedDate": "2022-06-28T04:34:28.000Z",
      "manageableState": "unmanaged",
      "type": "ProfileSessionSetting"
    },
    {
      "createdById": "0055i000003ooZFAAY",
      "createdByName": "Edsel Lita",
      "createdDate": "2022-06-28T04:34:54.000Z",
      "fileName": "profileSessionSettings/null_profileSessionSetting1656390894475.profileSessionSetting",
      "fullName": "null_profileSessionSetting1656390894475",
      "id": "0HU5i000000x60PGAQ",
      "lastModifiedById": "0055i000003ooZFAAY",
      "lastModifiedByName": "Edsel Lita",
      "lastModifiedDate": "2022-06-28T04:36:50.000Z",
      "manageableState": "unmanaged",
      "type": "ProfileSessionSetting"
    }
  ]
}