{
  "status": 0,
  "result": [
    {
      "createdById": "0055i000003ooZFAAY",
      "createdByName": "Edsel Lita",
      "createdDate": "2022-06-24T11:24:17.000Z",
      "fileName": "prompts/Property.prompt",
      "fullName": "Property",
      "id": "0bs5i000000F9PaAAK",
      "lastModifiedById": "0055i000003ooZFAAY",
      "lastModifiedByName": "Edsel Lita",
      "lastModifiedDate": "2022-06-24T11:24:17.000Z",
      "manageableState": "unmanaged",
      "type": "Prompt"
    },
    {
      "createdById": "0055i000003ooZFAAY",
      "createdByName": "Edsel Lita",
      "createdDate": "2022-06-24T11:24:17.000Z",
      "fileName": "prompts/PropertyFinder.prompt",
      "fullName": "PropertyFinder",
      "id": "0bs5i000000F9PcAAK",
      "lastModifiedById": "0055i000003ooZFAAY",
      "lastModifiedByName": "Edsel Lita",
      "lastModifiedDate": "2022-06-24T11:24:17.000Z",
      "manageableState": "unmanaged",
      "type": "Prompt"
    },
    {
      "createdById": "0055i000003ooZFAAY",
      "createdByName": "Edsel Lita",
      "createdDate": "2022-06-24T11:24:17.000Z",
      "fileName": "prompts/PropertyExplorer.prompt",
      "fullName": "PropertyExplorer",
      "id": "0bs5i000000F9PbAAK",
      "lastModifiedById": "0055i000003ooZFAAY",
      "lastModifiedByName": "Edsel Lita",
      "lastModifiedDate": "2022-06-24T11:24:17.000Z",
      "manageableState": "unmanaged",
      "type": "Prompt"
    }
  ]
}