{
  "status": 0,
  "result": [
    {
      "createdById": "0055i000003ooZFAAY",
      "createdByName": "Edsel Lita",
      "createdDate": "2022-06-20T00:13:07.000Z",
      "fileName": "quickActions/Task.UpdatePriority.quickAction",
      "fullName": "Task.UpdatePriority",
      "id": "09D5i000006QUTgEAO",
      "lastModifiedById": "0055i000003ooZFAAY",
      "lastModifiedByName": "Edsel Lita",
      "lastModifiedDate": "2022-06-20T00:13:07.000Z",
      "manageableState": "unmanaged",
      "type": "QuickAction"
    },
    {
      "createdById": "0055i000003ooZFAAY",
      "createdByName": "Edsel Lita",
      "createdDate": "2022-08-06T04:03:07.000Z",
      "fileName": "quickActions/Property_Booking__c.Open_Quote.quickAction",
      "fullName": "Property_Booking__c.Open_Quote",
      "id": "09D5i00000Bfp6UEAR",
      "lastModifiedById": "0055i000003ooZFAAY",
      "lastModifiedByName": "Edsel Lita",
      "lastModifiedDate": "2022-08-06T04:03:07.000Z",
      "manageableState": "unmanaged",
      "type": "QuickAction"
    },
    {
      "createdById": "0055i000003ooZFAAY",
      "createdByName": "Edsel Lita",
      "createdDate": "2022-06-20T00:13:07.000Z",
      "fileName": "quickActions/NewNote.quickAction",
      "fullName": "NewNote",
      "id": "09D5i000006QUTmEAO",
      "lastModifiedById": "0055i000003ooZFAAY",
      "lastModifiedByName": "Edsel Lita",
      "lastModifiedDate": "2022-06-20T00:13:07.000Z",
      "manageableState": "unmanaged",
      "type": "QuickAction"
    },
    {
      "createdById": "0055i000003uuvuAAA",
      "createdByName": "Automated Process",
      "createdDate": "2022-06-20T00:13:07.000Z",
      "fileName": "quickActions/SendEmail.quickAction",
      "fullName": "SendEmail",
      "id": "09D5i000006QUTlEAO",
      "lastModifiedById": "0055i000003uuvuAAA",
      "lastModifiedByName": "Automated Process",
      "lastModifiedDate": "2022-06-20T00:13:07.000Z",
      "manageableState": "unmanaged",
      "type": "QuickAction"
    },
    {
      "createdById": "0055i000003ooZFAAY",
      "createdByName": "Edsel Lita",
      "createdDate": "2022-06-20T00:13:07.000Z",
      "fileName": "quickActions/Task.UpdateStatus.quickAction",
      "fullName": "Task.UpdateStatus",
      "id": "09D5i000006QUTfEAO",
      "lastModifiedById": "0055i000003ooZFAAY",
      "lastModifiedByName": "Edsel Lita",
      "lastModifiedDate": "2022-06-20T00:13:07.000Z",
      "manageableState": "unmanaged",
      "type": "QuickAction"
    },
    {
      "createdById": "0055i000003ooZFAAY",
      "createdByName": "Edsel Lita",
      "createdDate": "2022-06-20T00:13:07.000Z",
      "fileName": "quickActions/NewGroup.quickAction",
      "fullName": "NewGroup",
      "id": "09D5i000006QUTqEAO",
      "lastModifiedById": "0055i000003ooZFAAY",
      "lastModifiedByName": "Edsel Lita",
      "lastModifiedDate": "2022-06-20T00:13:07.000Z",
      "manageableState": "unmanaged",
      "type": "QuickAction"
    },
    {
      "createdById": "0055i000003ooZFAAY",
      "createdByName": "Edsel Lita",
      "createdDate": "2022-06-20T00:13:07.000Z",
      "fileName": "quickActions/FeedItem.NewTaskFromFeedItem.quickAction",
      "fullName": "FeedItem.NewTaskFromFeedItem",
      "id": "09D5i000006QUTnEAO",
      "lastModifiedById": "0055i000003ooZFAAY",
      "lastModifiedByName": "Edsel Lita",
      "lastModifiedDate": "2022-06-20T00:13:07.000Z",
      "manageableState": "unmanaged",
      "type": "QuickAction"
    },
    {
      "createdById": "0055i000003ooZFAAY",
      "createdByName": "Edsel Lita",
      "createdDate": "2022-06-20T00:13:07.000Z",
      "fileName": "quickActions/Task.EditDescription.quickAction",
      "fullName": "Task.EditDescription",
      "id": "09D5i000006QUTdEAO",
      "lastModifiedById": "0055i000003ooZFAAY",
      "lastModifiedByName": "Edsel Lita",
      "lastModifiedDate": "2022-06-20T00:13:07.000Z",
      "manageableState": "unmanaged",
      "type": "QuickAction"
    },
    {
      "createdById": "0055i000003ooZFAAY",
      "createdByName": "Edsel Lita",
      "createdDate": "2022-06-20T00:16:01.000Z",
      "fileName": "quickActions/Case.LogACall.quickAction",
      "fullName": "Case.LogACall",
      "id": "09D5i000006QUcJEAW",
      "lastModifiedById": "0055i000003ooZFAAY",
      "lastModifiedByName": "Edsel Lita",
      "lastModifiedDate": "2022-06-20T00:16:01.000Z",
      "manageableState": "unmanaged",
      "type": "QuickAction"
    },
    {
      "createdById": "0055i000003ooZFAAY",
      "createdByName": "Edsel Lita",
      "createdDate": "2022-06-20T00:13:07.000Z",
      "fileName": "quickActions/NewAccount.quickAction",
      "fullName": "NewAccount",
      "id": "09D5i000006QUToEAO",
      "lastModifiedById": "0055i000003ooZFAAY",
      "lastModifiedByName": "Edsel Lita",
      "lastModifiedDate": "2022-06-20T00:13:07.000Z",
      "manageableState": "unmanaged",
      "type": "QuickAction"
    },
    {
      "createdById": "0055i000003ooZFAAY",
      "createdByName": "Edsel Lita",
      "createdDate": "2022-06-20T00:13:07.000Z",
      "fileName": "quickActions/NewCase.quickAction",
      "fullName": "NewCase",
      "id": "09D5i000006QUTjEAO",
      "lastModifiedById": "0055i000003ooZFAAY",
      "lastModifiedByName": "Edsel Lita",
      "lastModifiedDate": "2022-06-20T00:13:07.000Z",
      "manageableState": "unmanaged",
      "type": "QuickAction"
    },
    {
      "createdById": "0055i000003ooZFAAY",
      "createdByName": "Edsel Lita",
      "createdDate": "2022-06-20T00:13:07.000Z",
      "fileName": "quickActions/NewOpportunity.quickAction",
      "fullName": "NewOpportunity",
      "id": "09D5i000006QUTiEAO",
      "lastModifiedById": "0055i000003ooZFAAY",
      "lastModifiedByName": "Edsel Lita",
      "lastModifiedDate": "2022-06-20T00:13:07.000Z",
      "manageableState": "unmanaged",
      "type": "QuickAction"
    },
    {
      "createdById": "0055i000003ooZFAAY",
      "createdByName": "Edsel Lita",
      "createdDate": "2022-06-20T00:13:07.000Z",
      "fileName": "quickActions/NewEvent.quickAction",
      "fullName": "NewEvent",
      "id": "09D5i000006QUTcEAO",
      "lastModifiedById": "0055i000003ooZFAAY",
      "lastModifiedByName": "Edsel Lita",
      "lastModifiedDate": "2022-06-20T00:13:07.000Z",
      "manageableState": "unmanaged",
      "type": "QuickAction"
    },
    {
      "createdById": "0055i000003ooZFAAY",
      "createdByName": "Edsel Lita",
      "createdDate": "2022-06-20T00:13:07.000Z",
      "fileName": "quickActions/LogACall.quickAction",
      "fullName": "LogACall",
      "id": "09D5i000006QUTbEAO",
      "lastModifiedById": "0055i000003ooZFAAY",
      "lastModifiedByName": "Edsel Lita",
      "lastModifiedDate": "2022-06-20T00:13:07.000Z",
      "manageableState": "unmanaged",
      "type": "QuickAction"
    },
    {
      "createdById": "0055i000003ooZFAAY",
      "createdByName": "Edsel Lita",
      "createdDate": "2022-06-20T00:13:07.000Z",
      "fileName": "quickActions/Case.NewChildCase.quickAction",
      "fullName": "Case.NewChildCase",
      "id": "09D5i000006QUTpEAO",
      "lastModifiedById": "0055i000003ooZFAAY",
      "lastModifiedByName": "Edsel Lita",
      "lastModifiedDate": "2022-06-20T00:13:07.000Z",
      "manageableState": "unmanaged",
      "type": "QuickAction"
    },
    {
      "createdById": "0055i000003ooZFAAY",
      "createdByName": "Edsel Lita",
      "createdDate": "2022-06-27T02:49:18.000Z",
      "fileName": "quickActions/Quote.SendEmail.quickAction",
      "fullName": "Quote.SendEmail",
      "id": "09D5i000007Q3duEAC",
      "lastModifiedById": "0055i000003ooZFAAY",
      "lastModifiedByName": "Edsel Lita",
      "lastModifiedDate": "2022-06-27T02:49:18.000Z",
      "manageableState": "unmanaged",
      "type": "QuickAction"
    },
    {
      "createdById": "0055i000003ooZFAAY",
      "createdByName": "Edsel Lita",
      "createdDate": "2022-06-20T00:13:07.000Z",
      "fileName": "quickActions/NewContact.quickAction",
      "fullName": "NewContact",
      "id": "09D5i000006QUThEAO",
      "lastModifiedById": "0055i000003ooZFAAY",
      "lastModifiedByName": "Edsel Lita",
      "lastModifiedDate": "2022-06-20T00:13:07.000Z",
      "manageableState": "unmanaged",
      "type": "QuickAction"
    },
    {
      "createdById": "0055i000003ooZFAAY",
      "createdByName": "Edsel Lita",
      "createdDate": "2022-06-20T00:13:07.000Z",
      "fileName": "quickActions/CollaborationGroup.NewGroupRecord.quickAction",
      "fullName": "CollaborationGroup.NewGroupRecord",
      "id": "09D5i000006QUTsEAO",
      "lastModifiedById": "0055i000003ooZFAAY",
      "lastModifiedByName": "Edsel Lita",
      "lastModifiedDate": "2022-06-20T00:13:07.000Z",
      "manageableState": "unmanaged",
      "type": "QuickAction"
    },
    {
      "createdById": "0055i000003ooZFAAY",
      "createdByName": "Edsel Lita",
      "createdDate": "2022-06-20T00:13:07.000Z",
      "fileName": "quickActions/NewLead.quickAction",
      "fullName": "NewLead",
      "id": "09D5i000006QUTkEAO",
      "lastModifiedById": "0055i000003ooZFAAY",
      "lastModifiedByName": "Edsel Lita",
      "lastModifiedDate": "2022-06-20T00:13:07.000Z",
      "manageableState": "unmanaged",
      "type": "QuickAction"
    },
    {
      "createdById": "0055i000003ooZFAAY",
      "createdByName": "Edsel Lita",
      "createdDate": "2022-06-20T00:13:07.000Z",
      "fileName": "quickActions/Task.Defer.quickAction",
      "fullName": "Task.Defer",
      "id": "09D5i000006QUTeEAO",
      "lastModifiedById": "0055i000003ooZFAAY",
      "lastModifiedByName": "Edsel Lita",
      "lastModifiedDate": "2022-06-20T00:13:07.000Z",
      "manageableState": "unmanaged",
      "type": "QuickAction"
    },
    {
      "createdById": "0055i000003ooZFAAY",
      "createdByName": "Edsel Lita",
      "createdDate": "2022-06-20T00:13:07.000Z",
      "fileName": "quickActions/NewTask.quickAction",
      "fullName": "NewTask",
      "id": "09D5i000006QUTaEAO",
      "lastModifiedById": "0055i000003ooZFAAY",
      "lastModifiedByName": "Edsel Lita",
      "lastModifiedDate": "2022-06-20T00:13:07.000Z",
      "manageableState": "unmanaged",
      "type": "QuickAction"
    },
    {
      "createdById": "0055i000003ooZFAAY",
      "createdByName": "Edsel Lita",
      "createdDate": "2022-08-06T06:01:20.000Z",
      "fileName": "quickActions/Quotation__c.Send_Quote.quickAction",
      "fullName": "Quotation__c.Send_Quote",
      "id": "09D5i00000BfqBIEAZ",
      "lastModifiedById": "0055i000003ooZFAAY",
      "lastModifiedByName": "Edsel Lita",
      "lastModifiedDate": "2022-08-06T06:01:20.000Z",
      "manageableState": "unmanaged",
      "type": "QuickAction"
    },
    {
      "createdById": "0055i000003ooZFAAY",
      "createdByName": "Edsel Lita",
      "createdDate": "2022-06-20T00:13:07.000Z",
      "fileName": "quickActions/CollaborationGroup.NewGroupMember.quickAction",
      "fullName": "CollaborationGroup.NewGroupMember",
      "id": "09D5i000006QUTrEAO",
      "lastModifiedById": "0055i000003ooZFAAY",
      "lastModifiedByName": "Edsel Lita",
      "lastModifiedDate": "2022-06-20T00:13:07.000Z",
      "manageableState": "unmanaged",
      "type": "QuickAction"
    }
  ]
}