{
  "status": 0,
  "result": [
    {
      "createdById": "0055i000003ooZFAAY",
      "createdByName": "Edsel Lita",
      "createdDate": "2022-06-20T00:13:07.000Z",
      "fileName": "remoteSiteSettings/ApexDevNet.remoteSite",
      "fullName": "ApexDevNet",
      "id": "0rp5i0000018taNAAQ",
      "lastModifiedById": "0055i000003ooZFAAY",
      "lastModifiedByName": "Edsel Lita",
      "lastModifiedDate": "2022-06-20T00:13:07.000Z",
      "manageableState": "unmanaged",
      "type": "RemoteSiteSetting"
    },
    {
      "createdById": "0055i000003ooZFAAY",
      "createdByName": "Edsel Lita",
      "createdDate": "2022-06-24T11:24:17.000Z",
      "fileName": "remoteSiteSettings/nominatim_openstreetmap.remoteSite",
      "fullName": "nominatim_openstreetmap",
      "id": "0rp5i000000wp36AAA",
      "lastModifiedById": "0055i000003ooZFAAY",
      "lastModifiedByName": "Edsel Lita",
      "lastModifiedDate": "2022-06-24T11:24:17.000Z",
      "manageableState": "unmanaged",
      "type": "RemoteSiteSetting"
    }
  ]
}