{
  "status": 0,
  "result": [
    {
      "createdById": "0055i000003ooZFAAY",
      "createdByName": "Edsel Lita",
      "createdDate": "1970-01-01T00:00:00.000Z",
      "fileName": "unfiled$public",
      "fullName": "unfiled$public",
      "id": "",
      "lastModifiedById": "0055i000003ooZFAAY",
      "lastModifiedByName": "Edsel Lita",
      "lastModifiedDate": "1970-01-01T00:00:00.000Z",
      "manageableState": "unmanaged",
      "namespacePrefix": "",
      "type": "ReportFolder"
    },
    {
      "createdById": "0055i000003uuvuAAA",
      "createdByName": "Automated Process",
      "createdDate": "2022-06-20T00:13:07.000Z",
      "fileName": "reports/EinsteinBotReports_v2",
      "fullName": "EinsteinBotReports_v2",
      "id": "00l5i000001gffxAAA",
      "lastModifiedById": "0055i000003uuvuAAA",
      "lastModifiedByName": "Automated Process",
      "lastModifiedDate": "2022-06-20T00:13:07.000Z",
      "manageableState": "unmanaged",
      "type": "ReportFolder"
    },
    {
      "createdById": "0055i000003uuvuAAA",
      "createdByName": "Automated Process",
      "createdDate": "2022-06-20T00:13:07.000Z",
      "fileName": "reports/EinsteinBotReports",
      "fullName": "EinsteinBotReports",
      "id": "00l5i000001gffwAAA",
      "lastModifiedById": "0055i000003uuvuAAA",
      "lastModifiedByName": "Automated Process",
      "lastModifiedDate": "2022-06-20T00:13:07.000Z",
      "manageableState": "unmanaged",
      "type": "ReportFolder"
    }
  ]
}