{
  "status": 0,
  "result": {
    "createdById": "0055i000003uuvuAAA",
    "createdByName": "Automated Process",
    "createdDate": "2022-06-20T00:13:07.000Z",
    "fileName": "reportTypes/screen_flows_prebuilt_crt.reportType",
    "fullName": "screen_flows_prebuilt_crt",
    "id": "0705i000001AiRbAAK",
    "lastModifiedById": "0055i000003uuvuAAA",
    "lastModifiedByName": "Automated Process",
    "lastModifiedDate": "2022-06-20T00:13:07.000Z",
    "manageableState": "unmanaged",
    "type": "ReportType"
  }
}