{
  "status": 0,
  "result": {
    "createdById": "0055i000003uuvuAAA",
    "createdByName": "Automated Process",
    "createdDate": "2022-06-20T00:13:07.000Z",
    "fileName": "reports/unfiled$public/flow_screen_prebuilt_report.report",
    "fullName": "unfiled$public/flow_screen_prebuilt_report",
    "id": "00O5i000003rXdLEAU",
    "lastModifiedById": "0055i000003uuvuAAA",
    "lastModifiedByName": "Automated Process",
    "lastModifiedDate": "2022-06-20T00:13:07.000Z",
    "manageableState": "unmanaged",
    "type": "Report"
  }
}