{
  "status": 0,
  "result": [
    {
      "createdById": "0055i000003ooZFAAY",
      "createdByName": "Edsel Lita",
      "createdDate": "1970-01-01T00:00:00.000Z",
      "fileName": "roles/CustomerSupportNorthAmerica.role",
      "fullName": "CustomerSupportNorthAmerica",
      "id": "00E5i000001cOp4EAE",
      "lastModifiedById": "0055i000003ooZFAAY",
      "lastModifiedByName": "Edsel Lita",
      "lastModifiedDate": "2022-06-20T00:13:07.000Z",
      "type": "Role"
    },
    {
      "createdById": "0055i000003ooZFAAY",
      "createdByName": "Edsel Lita",
      "createdDate": "1970-01-01T00:00:00.000Z",
      "fileName": "roles/SVPSalesMarketing.role",
      "fullName": "SVPSalesMarketing",
      "id": "00E5i000001cOowEAE",
      "lastModifiedById": "0055i000003ooZFAAY",
      "lastModifiedByName": "Edsel Lita",
      "lastModifiedDate": "2022-06-20T00:13:07.000Z",
      "type": "Role"
    },
    {
      "createdById": "0055i000003ooZFAAY",
      "createdByName": "Edsel Lita",
      "createdDate": "1970-01-01T00:00:00.000Z",
      "fileName": "roles/DirectorDirectSales.role",
      "fullName": "DirectorDirectSales",
      "id": "00E5i000001cOoyEAE",
      "lastModifiedById": "0055i000003ooZFAAY",
      "lastModifiedByName": "Edsel Lita",
      "lastModifiedDate": "2022-06-20T00:13:07.000Z",
      "type": "Role"
    },
    {
      "createdById": "0055i000003ooZFAAY",
      "createdByName": "Edsel Lita",
      "createdDate": "1970-01-01T00:00:00.000Z",
      "fileName": "roles/MarketingTeam.role",
      "fullName": "MarketingTeam",
      "id": "00E5i000001cOp6EAE",
      "lastModifiedById": "0055i000003ooZFAAY",
      "lastModifiedByName": "Edsel Lita",
      "lastModifiedDate": "2022-06-20T00:13:07.000Z",
      "type": "Role"
    },
    {
      "createdById": "0055i000003ooZFAAY",
      "createdByName": "Edsel Lita",
      "createdDate": "1970-01-01T00:00:00.000Z",
      "fileName": "roles/CFO.role",
      "fullName": "CFO",
      "id": "00E5i000001cOp2EAE",
      "lastModifiedById": "0055i000003ooZFAAY",
      "lastModifiedByName": "Edsel Lita",
      "lastModifiedDate": "2022-06-20T00:13:07.000Z",
      "type": "Role"
    },
    {
      "createdById": "0055i000003ooZFAAY",
      "createdByName": "Edsel Lita",
      "createdDate": "1970-01-01T00:00:00.000Z",
      "fileName": "roles/ChannelSalesTeam.role",
      "fullName": "ChannelSalesTeam",
      "id": "00E5i000001cOp5EAE",
      "lastModifiedById": "0055i000003ooZFAAY",
      "lastModifiedByName": "Edsel Lita",
      "lastModifiedDate": "2022-06-20T00:13:07.000Z",
      "type": "Role"
    },
    {
      "createdById": "0055i000003ooZFAAY",
      "createdByName": "Edsel Lita",
      "createdDate": "1970-01-01T00:00:00.000Z",
      "fileName": "roles/VPNorthAmericanSales.role",
      "fullName": "VPNorthAmericanSales",
      "id": "00E5i000001cOoxEAE",
      "lastModifiedById": "0055i000003ooZFAAY",
      "lastModifiedByName": "Edsel Lita",
      "lastModifiedDate": "2022-06-20T00:13:07.000Z",
      "type": "Role"
    },
    {
      "createdById": "0055i000003ooZFAAY",
      "createdByName": "Edsel Lita",
      "createdDate": "1970-01-01T00:00:00.000Z",
      "fileName": "roles/SVPCustomerServiceSupport.role",
      "fullName": "SVPCustomerServiceSupport",
      "id": "00E5i000001cOp0EAE",
      "lastModifiedById": "0055i000003ooZFAAY",
      "lastModifiedByName": "Edsel Lita",
      "lastModifiedDate": "2022-06-20T00:13:07.000Z",
      "type": "Role"
    },
    {
      "createdById": "0055i000003ooZFAAY",
      "createdByName": "Edsel Lita",
      "createdDate": "1970-01-01T00:00:00.000Z",
      "fileName": "roles/VPInternationalSales.role",
      "fullName": "VPInternationalSales",
      "id": "00E5i000001cOpAEAU",
      "lastModifiedById": "0055i000003ooZFAAY",
      "lastModifiedByName": "Edsel Lita",
      "lastModifiedDate": "2022-06-20T00:13:07.000Z",
      "type": "Role"
    },
    {
      "createdById": "0055i000003ooZFAAY",
      "createdByName": "Edsel Lita",
      "createdDate": "1970-01-01T00:00:00.000Z",
      "fileName": "roles/CustomerSupportInternational.role",
      "fullName": "CustomerSupportInternational",
      "id": "00E5i000001cOp9EAE",
      "lastModifiedById": "0055i000003ooZFAAY",
      "lastModifiedByName": "Edsel Lita",
      "lastModifiedDate": "2022-06-20T00:13:07.000Z",
      "type": "Role"
    },
    {
      "createdById": "0055i000003ooZFAAY",
      "createdByName": "Edsel Lita",
      "createdDate": "1970-01-01T00:00:00.000Z",
      "fileName": "roles/SVPHumanResources.role",
      "fullName": "SVPHumanResources",
      "id": "00E5i000001cOpBEAU",
      "lastModifiedById": "0055i000003ooZFAAY",
      "lastModifiedByName": "Edsel Lita",
      "lastModifiedDate": "2022-06-20T00:13:07.000Z",
      "type": "Role"
    },
    {
      "createdById": "0055i000003ooZFAAY",
      "createdByName": "Edsel Lita",
      "createdDate": "1970-01-01T00:00:00.000Z",
      "fileName": "roles/WesternSalesTeam.role",
      "fullName": "WesternSalesTeam",
      "id": "00E5i000001cOp3EAE",
      "lastModifiedById": "0055i000003ooZFAAY",
      "lastModifiedByName": "Edsel Lita",
      "lastModifiedDate": "2022-06-20T00:13:07.000Z",
      "type": "Role"
    },
    {
      "createdById": "0055i000003ooZFAAY",
      "createdByName": "Edsel Lita",
      "createdDate": "1970-01-01T00:00:00.000Z",
      "fileName": "roles/CEO.role",
      "fullName": "CEO",
      "id": "00E5i000001cOovEAE",
      "lastModifiedById": "0055i000003ooZFAAY",
      "lastModifiedByName": "Edsel Lita",
      "lastModifiedDate": "2022-06-20T00:13:07.000Z",
      "type": "Role"
    },
    {
      "createdById": "0055i000003ooZFAAY",
      "createdByName": "Edsel Lita",
      "createdDate": "1970-01-01T00:00:00.000Z",
      "fileName": "roles/DirectorChannelSales.role",
      "fullName": "DirectorChannelSales",
      "id": "00E5i000001cOp1EAE",
      "lastModifiedById": "0055i000003ooZFAAY",
      "lastModifiedByName": "Edsel Lita",
      "lastModifiedDate": "2022-06-20T00:13:07.000Z",
      "type": "Role"
    },
    {
      "createdById": "0055i000003ooZFAAY",
      "createdByName": "Edsel Lita",
      "createdDate": "1970-01-01T00:00:00.000Z",
      "fileName": "roles/VPMarketing.role",
      "fullName": "VPMarketing",
      "id": "00E5i000001cOozEAE",
      "lastModifiedById": "0055i000003ooZFAAY",
      "lastModifiedByName": "Edsel Lita",
      "lastModifiedDate": "2022-06-20T00:13:07.000Z",
      "type": "Role"
    },
    {
      "createdById": "0055i000003ooZFAAY",
      "createdByName": "Edsel Lita",
      "createdDate": "1970-01-01T00:00:00.000Z",
      "fileName": "roles/COO.role",
      "fullName": "COO",
      "id": "00E5i000001cOpCEAU",
      "lastModifiedById": "0055i000003ooZFAAY",
      "lastModifiedByName": "Edsel Lita",
      "lastModifiedDate": "2022-06-20T00:13:07.000Z",
      "type": "Role"
    },
    {
      "createdById": "0055i000003ooZFAAY",
      "createdByName": "Edsel Lita",
      "createdDate": "1970-01-01T00:00:00.000Z",
      "fileName": "roles/EasternSalesTeam.role",
      "fullName": "EasternSalesTeam",
      "id": "00E5i000001cOp8EAE",
      "lastModifiedById": "0055i000003ooZFAAY",
      "lastModifiedByName": "Edsel Lita",
      "lastModifiedDate": "2022-06-20T00:13:07.000Z",
      "type": "Role"
    },
    {
      "createdById": "0055i000003ooZFAAY",
      "createdByName": "Edsel Lita",
      "createdDate": "1970-01-01T00:00:00.000Z",
      "fileName": "roles/InstallationRepairServices.role",
      "fullName": "InstallationRepairServices",
      "id": "00E5i000001cOp7EAE",
      "lastModifiedById": "0055i000003ooZFAAY",
      "lastModifiedByName": "Edsel Lita",
      "lastModifiedDate": "2022-06-20T00:13:07.000Z",
      "type": "Role"
    }
  ]
}