{
  "status": 0,
  "result": [
    {
      "createdById": "0055i000003ooZFAAY",
      "createdByName": "Edsel Lita",
      "createdDate": "2022-06-24T11:23:53.000Z",
      "fileName": "staticresources/sample_data_properties.resource",
      "fullName": "sample_data_properties",
      "id": "0815i000000gwfUAAQ",
      "lastModifiedById": "0055i000003ooZFAAY",
      "lastModifiedByName": "Edsel Lita",
      "lastModifiedDate": "2022-06-24T11:23:53.000Z",
      "manageableState": "unmanaged",
      "type": "StaticResource"
    },
    {
      "createdById": "0055i000003ooZFAAY",
      "createdByName": "Edsel Lita",
      "createdDate": "2022-07-01T07:32:42.000Z",
      "fileName": "staticresources/orangedot.resource",
      "fullName": "orangedot",
      "id": "0815i000000h19BAAQ",
      "lastModifiedById": "0055i000003ooZFAAY",
      "lastModifiedByName": "Edsel Lita",
      "lastModifiedDate": "2022-07-01T07:32:42.000Z",
      "manageableState": "unmanaged",
      "type": "StaticResource"
    },
    {
      "createdById": "0055i000003ooZFAAY",
      "createdByName": "Edsel Lita",
      "createdDate": "2022-06-24T11:23:53.000Z",
      "fileName": "staticresources/sample_data_brokers.resource",
      "fullName": "sample_data_brokers",
      "id": "0815i000000gwfSAAQ",
      "lastModifiedById": "0055i000003ooZFAAY",
      "lastModifiedByName": "Edsel Lita",
      "lastModifiedDate": "2022-06-24T11:23:53.000Z",
      "manageableState": "unmanaged",
      "type": "StaticResource"
    },
    {
      "createdById": "0055i000003ooZFAAY",
      "createdByName": "Edsel Lita",
      "createdDate": "2022-07-01T07:32:19.000Z",
      "fileName": "staticresources/reddot.resource",
      "fullName": "reddot",
      "id": "0815i000000h196AAA",
      "lastModifiedById": "0055i000003ooZFAAY",
      "lastModifiedByName": "Edsel Lita",
      "lastModifiedDate": "2022-07-01T07:35:49.000Z",
      "manageableState": "unmanaged",
      "type": "StaticResource"
    },
    {
      "createdById": "0055i000003ooZFAAY",
      "createdByName": "Edsel Lita",
      "createdDate": "2022-08-06T23:25:19.000Z",
      "fileName": "staticresources/credit.resource",
      "fullName": "credit",
      "id": "0815i000000hXZeAAM",
      "lastModifiedById": "0055i000003ooZFAAY",
      "lastModifiedByName": "Edsel Lita",
      "lastModifiedDate": "2022-08-06T23:25:19.000Z",
      "manageableState": "unmanaged",
      "type": "StaticResource"
    },
    {
      "createdById": "0055i000003ooZFAAY",
      "createdByName": "Edsel Lita",
      "createdDate": "2022-06-24T11:23:53.000Z",
      "fileName": "staticresources/leaflet.resource",
      "fullName": "leaflet",
      "id": "0815i000000gwfRAAQ",
      "lastModifiedById": "0055i000003ooZFAAY",
      "lastModifiedByName": "Edsel Lita",
      "lastModifiedDate": "2022-06-24T11:23:53.000Z",
      "manageableState": "unmanaged",
      "type": "StaticResource"
    },
    {
      "createdById": "0055i000003ooZFAAY",
      "createdByName": "Edsel Lita",
      "createdDate": "2022-07-01T07:34:08.000Z",
      "fileName": "staticresources/greendot.resource",
      "fullName": "greendot",
      "id": "0815i000000h19GAAQ",
      "lastModifiedById": "0055i000003ooZFAAY",
      "lastModifiedByName": "Edsel Lita",
      "lastModifiedDate": "2022-07-01T07:34:08.000Z",
      "manageableState": "unmanaged",
      "type": "StaticResource"
    },
    {
      "createdById": "0055i000003ooZFAAY",
      "createdByName": "Edsel Lita",
      "createdDate": "2022-06-24T11:23:53.000Z",
      "fileName": "staticresources/sample_data_contacts.resource",
      "fullName": "sample_data_contacts",
      "id": "0815i000000gwfTAAQ",
      "lastModifiedById": "0055i000003ooZFAAY",
      "lastModifiedByName": "Edsel Lita",
      "lastModifiedDate": "2022-06-24T11:23:53.000Z",
      "manageableState": "unmanaged",
      "type": "StaticResource"
    }
  ]
}