{
  "status": 0,
  "result": [
    {
      "createdById": "0055i000003ooZFAAY",
      "createdByName": "Edsel Lita",
      "createdDate": "1970-01-01T00:00:00.000Z",
      "fileName": "workflows/Case.workflow",
      "fullName": "Case",
      "id": "",
      "lastModifiedById": "0055i000003ooZFAAY",
      "lastModifiedByName": "Edsel Lita",
      "lastModifiedDate": "1970-01-01T00:00:00.000Z",
      "namespacePrefix": "",
      "type": "Workflow"
    },
    {
      "createdById": "0055i000003ooZFAAY",
      "createdByName": "Edsel Lita",
      "createdDate": "2022-06-27T04:07:33.000Z",
      "fileName": "Workflow/Property_Booking__c.workflow",
      "fullName": "Property_Booking__c",
      "id": "01I5i000000hpKSEAY",
      "lastModifiedById": "0055i000003ooZFAAY",
      "lastModifiedByName": "Edsel Lita",
      "lastModifiedDate": "2022-07-18T13:43:11.000Z",
      "manageableState": "unmanaged",
      "type": "Workflow"
    }
  ]
}