<?xml version="1.0" encoding="UTF-8"?>
<CustomField xmlns="http://soap.sforce.com/2006/04/metadata">
    <fullName>District__c</fullName>
    <externalId>false</externalId>
    <label>District</label>
    <required>false</required>
    <trackHistory>false</trackHistory>
    <trackTrending>false</trackTrending>
    <type>Picklist</type>
    <valueSet>
        <controllingField>State__c</controllingField>
        <restricted>true</restricted>
        <valueSetDefinition>
            <sorted>false</sorted>
            <value>
                <fullName>Baksa</fullName>
                <default>false</default>
                <label>Baksa</label>
            </value>
            <value>
                <fullName>Bajali</fullName>
                <default>false</default>
                <label>Bajali</label>
            </value>
            <value>
                <fullName>Barpeta</fullName>
                <default>false</default>
                <label>Barpeta</label>
            </value>
            <value>
                <fullName>Biswanath</fullName>
                <default>false</default>
                <label>Biswanath</label>
            </value>
            <value>
                <fullName>Bongaigaon</fullName>
                <default>false</default>
                <label>Bongaigaon</label>
            </value>
            <value>
                <fullName>Cachar</fullName>
                <default>false</default>
                <label>Cachar</label>
            </value>
            <value>
                <fullName>Charaideo</fullName>
                <default>false</default>
                <label>Charaideo</label>
            </value>
            <value>
                <fullName>Chirang</fullName>
                <default>false</default>
                <label>Chirang</label>
            </value>
            <value>
                <fullName>Darrang</fullName>
                <default>false</default>
                <label>Darrang</label>
            </value>
            <value>
                <fullName>Dhemaji</fullName>
                <default>false</default>
                <label>Dhemaji</label>
            </value>
            <value>
                <fullName>Araria</fullName>
                <default>false</default>
                <label>Araria</label>
            </value>
            <value>
                <fullName>Arwal</fullName>
                <default>false</default>
                <label>Arwal</label>
            </value>
            <value>
                <fullName>Aurangabad</fullName>
                <default>false</default>
                <label>Aurangabad</label>
            </value>
            <value>
                <fullName>Banka</fullName>
                <default>false</default>
                <label>Banka</label>
            </value>
            <value>
                <fullName>Begusarai</fullName>
                <default>false</default>
                <label>Begusarai</label>
            </value>
            <value>
                <fullName>Bhagalpur</fullName>
                <default>false</default>
                <label>Bhagalpur</label>
            </value>
            <value>
                <fullName>Bhojpur</fullName>
                <default>false</default>
                <label>Bhojpur</label>
            </value>
            <value>
                <fullName>Buxar</fullName>
                <default>false</default>
                <label>Buxar</label>
            </value>
            <value>
                <fullName>Darbhanga</fullName>
                <default>false</default>
                <label>Darbhanga</label>
            </value>
            <value>
                <fullName>East Champaran</fullName>
                <default>false</default>
                <label>East Champaran</label>
            </value>
            <value>
                <fullName>Ahmedabad</fullName>
                <default>false</default>
                <label>Ahmedabad</label>
            </value>
            <value>
                <fullName>Amreli</fullName>
                <default>false</default>
                <label>Amreli</label>
            </value>
            <value>
                <fullName>Anand</fullName>
                <default>false</default>
                <label>Anand</label>
            </value>
            <value>
                <fullName>Aravalli</fullName>
                <default>false</default>
                <label>Aravalli</label>
            </value>
            <value>
                <fullName>Banaskantha</fullName>
                <default>false</default>
                <label>Banaskantha</label>
            </value>
            <value>
                <fullName>Bharuch</fullName>
                <default>false</default>
                <label>Bharuch</label>
            </value>
            <value>
                <fullName>Bhavnagar</fullName>
                <default>false</default>
                <label>Bhavnagar</label>
            </value>
            <value>
                <fullName>Botad</fullName>
                <default>false</default>
                <label>Botad</label>
            </value>
            <value>
                <fullName>Chhota Udaipur</fullName>
                <default>false</default>
                <label>Chhota Udaipur</label>
            </value>
            <value>
                <fullName>Dahod</fullName>
                <default>false</default>
                <label>Dahod</label>
            </value>
            <value>
                <fullName>Ambala</fullName>
                <default>false</default>
                <label>Ambala</label>
            </value>
            <value>
                <fullName>Bhiwani</fullName>
                <default>false</default>
                <label>Bhiwani</label>
            </value>
            <value>
                <fullName>Charkhi Dadri</fullName>
                <default>false</default>
                <label>Charkhi Dadri</label>
            </value>
            <value>
                <fullName>Faridabad</fullName>
                <default>false</default>
                <label>Faridabad</label>
            </value>
            <value>
                <fullName>Fatehabad</fullName>
                <default>false</default>
                <label>Fatehabad</label>
            </value>
            <value>
                <fullName>Gurugram</fullName>
                <default>false</default>
                <label>Gurugram</label>
            </value>
            <value>
                <fullName>Hisar</fullName>
                <default>false</default>
                <label>Hisar</label>
            </value>
            <value>
                <fullName>Jhajjar</fullName>
                <default>false</default>
                <label>Jhajjar</label>
            </value>
            <value>
                <fullName>Jind</fullName>
                <default>false</default>
                <label>Jind</label>
            </value>
            <value>
                <fullName>Kaithal</fullName>
                <default>false</default>
                <label>Kaithal</label>
            </value>
        </valueSetDefinition>
        <valueSettings>
            <controllingFieldValue>Assam</controllingFieldValue>
            <valueName>Baksa</valueName>
        </valueSettings>
        <valueSettings>
            <controllingFieldValue>Assam</controllingFieldValue>
            <valueName>Bajali</valueName>
        </valueSettings>
        <valueSettings>
            <controllingFieldValue>Assam</controllingFieldValue>
            <valueName>Barpeta</valueName>
        </valueSettings>
        <valueSettings>
            <controllingFieldValue>Assam</controllingFieldValue>
            <valueName>Biswanath</valueName>
        </valueSettings>
        <valueSettings>
            <controllingFieldValue>Assam</controllingFieldValue>
            <valueName>Bongaigaon</valueName>
        </valueSettings>
        <valueSettings>
            <controllingFieldValue>Assam</controllingFieldValue>
            <valueName>Cachar</valueName>
        </valueSettings>
        <valueSettings>
            <controllingFieldValue>Assam</controllingFieldValue>
            <valueName>Charaideo</valueName>
        </valueSettings>
        <valueSettings>
            <controllingFieldValue>Assam</controllingFieldValue>
            <valueName>Chirang</valueName>
        </valueSettings>
        <valueSettings>
            <controllingFieldValue>Assam</controllingFieldValue>
            <valueName>Darrang</valueName>
        </valueSettings>
        <valueSettings>
            <controllingFieldValue>Assam</controllingFieldValue>
            <valueName>Dhemaji</valueName>
        </valueSettings>
        <valueSettings>
            <controllingFieldValue>Bihar</controllingFieldValue>
            <valueName>Araria</valueName>
        </valueSettings>
        <valueSettings>
            <controllingFieldValue>Bihar</controllingFieldValue>
            <valueName>Arwal</valueName>
        </valueSettings>
        <valueSettings>
            <controllingFieldValue>Bihar</controllingFieldValue>
            <valueName>Aurangabad</valueName>
        </valueSettings>
        <valueSettings>
            <controllingFieldValue>Bihar</controllingFieldValue>
            <valueName>Banka</valueName>
        </valueSettings>
        <valueSettings>
            <controllingFieldValue>Bihar</controllingFieldValue>
            <valueName>Begusarai</valueName>
        </valueSettings>
        <valueSettings>
            <controllingFieldValue>Bihar</controllingFieldValue>
            <valueName>Bhagalpur</valueName>
        </valueSettings>
        <valueSettings>
            <controllingFieldValue>Bihar</controllingFieldValue>
            <valueName>Bhojpur</valueName>
        </valueSettings>
        <valueSettings>
            <controllingFieldValue>Bihar</controllingFieldValue>
            <valueName>Buxar</valueName>
        </valueSettings>
        <valueSettings>
            <controllingFieldValue>Bihar</controllingFieldValue>
            <valueName>Darbhanga</valueName>
        </valueSettings>
        <valueSettings>
            <controllingFieldValue>Bihar</controllingFieldValue>
            <valueName>East Champaran</valueName>
        </valueSettings>
        <valueSettings>
            <controllingFieldValue>Gujarat</controllingFieldValue>
            <valueName>Ahmedabad</valueName>
        </valueSettings>
        <valueSettings>
            <controllingFieldValue>Gujarat</controllingFieldValue>
            <valueName>Amreli</valueName>
        </valueSettings>
        <valueSettings>
            <controllingFieldValue>Gujarat</controllingFieldValue>
            <valueName>Anand</valueName>
        </valueSettings>
        <valueSettings>
            <controllingFieldValue>Gujarat</controllingFieldValue>
            <valueName>Aravalli</valueName>
        </valueSettings>
        <valueSettings>
            <controllingFieldValue>Gujarat</controllingFieldValue>
            <valueName>Banaskantha</valueName>
        </valueSettings>
        <valueSettings>
            <controllingFieldValue>Gujarat</controllingFieldValue>
            <valueName>Bharuch</valueName>
        </valueSettings>
        <valueSettings>
            <controllingFieldValue>Gujarat</controllingFieldValue>
            <valueName>Bhavnagar</valueName>
        </valueSettings>
        <valueSettings>
            <controllingFieldValue>Gujarat</controllingFieldValue>
            <valueName>Botad</valueName>
        </valueSettings>
        <valueSettings>
            <controllingFieldValue>Gujarat</controllingFieldValue>
            <valueName>Chhota Udaipur</valueName>
        </valueSettings>
        <valueSettings>
            <controllingFieldValue>Gujarat</controllingFieldValue>
            <valueName>Dahod</valueName>
        </valueSettings>
        <valueSettings>
            <controllingFieldValue>Haryana</controllingFieldValue>
            <valueName>Ambala</valueName>
        </valueSettings>
        <valueSettings>
            <controllingFieldValue>Haryana</controllingFieldValue>
            <valueName>Bhiwani</valueName>
        </valueSettings>
        <valueSettings>
            <controllingFieldValue>Haryana</controllingFieldValue>
            <valueName>Charkhi Dadri</valueName>
        </valueSettings>
        <valueSettings>
            <controllingFieldValue>Haryana</controllingFieldValue>
            <valueName>Faridabad</valueName>
        </valueSettings>
        <valueSettings>
            <controllingFieldValue>Haryana</controllingFieldValue>
            <valueName>Fatehabad</valueName>
        </valueSettings>
        <valueSettings>
            <controllingFieldValue>Haryana</controllingFieldValue>
            <valueName>Gurugram</valueName>
        </valueSettings>
        <valueSettings>
            <controllingFieldValue>Haryana</controllingFieldValue>
            <valueName>Hisar</valueName>
        </valueSettings>
        <valueSettings>
            <controllingFieldValue>Haryana</controllingFieldValue>
            <valueName>Jhajjar</valueName>
        </valueSettings>
        <valueSettings>
            <controllingFieldValue>Haryana</controllingFieldValue>
            <valueName>Jind</valueName>
        </valueSettings>
        <valueSettings>
            <controllingFieldValue>Haryana</controllingFieldValue>
            <valueName>Kaithal</valueName>
        </valueSettings>
    </valueSet>
</CustomField>
